PassengerId,fold,frozen,ft,ftrefit,ft_long_ne2
0001_01,5,0.41205701231956482,0.43329960107803339,0.44328203797340388,0.3431779146194458
0002_01,5,0.12651844322681419,0.15674641728401181,0.25024500489234919,0.3358837366104126
0003_01,4,0.00032074126647779999,0.00025528957485219998,0.00011890683526869999,0.0001263111043954
0003_02,4,0.0086031490936874996,0.0085067832842469007,0.0044041699729858996,0.0034331693314014998
0004_01,4,0.1250397264957428,0.1206477284431457,0.1282285004854202,0.3086402416229248
0005_01,4,0.2546142041683197,0.27233940362930298,0.25635945796966553,0.3530735969543457
0006_01,5,0.87241530418395996,0.89871948957443237,0.87141954898834229,0.90571033954620361
0006_02,5,0.55785226821899414,0.54551482200622559,0.56097579002380371,0.56877875328063965
0007_01,1,0.40202087163925171,0.43671175837516779,0.42871639132499689,0.51929181814193726
0008_01,5,0.99474245309829723,0.99610328674316395,0.99641579389572144,0.99551248550415039
0008_02,5,0.97917842864990245,0.98824059963226318,0.983637034893036,0.98756694793701161
0008_03,5,0.99900567531585682,0.99874174594879161,0.99960970878601085,0.99975079298019398
0009_01,4,0.27965813875198359,0.2898164689540863,0.27602258324623108,0.22329732775688171
0010_01,3,0.091734826564788804,0.098737984895706093,0.079911321401596,0.0949725061655044
0011_01,2,0.4344103336334228,0.4459699392318725,0.46347954869270319,0.45832008123397822
0012_01,3,0.60013258457183838,0.63313645124435425,0.61437267065048218,0.658203125
0014_01,2,0.16667124629020691,0.17433974146842951,0.16086483001708979,0.17021661996841431
0015_01,2,0.12489940226078031,0.1196145191788673,0.1239214688539505,0.084389321506023393
0016_01,2,0.97539526224136364,0.97806847095489502,0.97777450084686279,0.97463124990463257
0017_01,5,0.53764545917510986,0.54879653453826904,0.56361597776412964,0.547119140625
0017_02,5,0.097609244287013994,0.1175604164600372,0.13997107744216919,0.1555727422237396
0020_01,5,0.86660969257354736,0.87736457586288452,0.86842209100723267,0.86591637134552002
0020_02,5,0.93157625198364258,0.91757613420486439,0.92221498489379883,0.8849298357963562
0020_03,5,0.93949556350707997,0.92616319656372081,0.92718923091888439,0.90274631977081299
0020_04,5,0.79071229696273804,0.75226891040802002,0.79544556140899658,0.75025558471679688
0020_05,5,0.93583571910858165,0.92559504508972157,0.92031151056289684,0.91294562816619884
0020_06,5,0.83432608842849731,0.80923014879226685,0.83946764469146729,0.80224263668060303
0022_01,5,0.15972551703453061,0.16523301601409909,0.16203030943870539,0.2193825095891952
0024_01,5,0.99876022338867199,0.99831944704055797,0.99891507625579845,0.9988257884979248
0025_01,1,0.1251564621925354,0.134746104478836,0.1245303377509117,0.085579410195350605
0026_01,1,0.37455648183822632,0.34045326709747309,0.33580079674720759,0.30414974689483643
0028_01,3,0.13691112399101249,0.1522139757871627,0.13293421268463129,0.2609226405620575
0030_01,3,0.1166727542877197,0.0939464271068573,0.081282064318656894,0.053079646080732297
0031_01,4,0.091748438775539398,0.098186202347278595,0.067842245101928697,0.063861973583698203
0031_02,4,0.9880199432373048,0.98855721950530995,0.99037063121795643,0.99156856536865245
0031_03,4,0.17213913798332209,0.1713349372148513,0.15161179006099701,0.17968751490116119
0034_01,1,0.99596762657165516,0.99713623523712158,0.99536705017089844,0.99834811687469482
0035_01,1,0.1797105520963668,0.21578548848628989,0.1915775835514068,0.21842049062252039
0036_01,5,0.2452111542224884,0.30940559506416321,0.25397002696990961,0.26036563515663141
0038_01,3,0.0365751832723617,0.039689894765615401,0.0259766746312379,0.025478620082139899
0039_01,4,0.67549598217010498,0.70146548748016357,0.66216897964477539,0.66259765625
0041_01,3,0.61812305450439453,0.57748931646347046,0.61352145671844482,0.56902265548706055
0043_01,2,0.0088995527476071999,0.0065019717440008996,0.0082931313663720998,0.0099796773865818006
0044_01,2,0.46098136901855469,0.5001685619354248,0.47660809755325317,0.47028341889381409
0044_02,2,0.68571078777313232,0.6936032772064209,0.68664455413818359,0.66096764802932739
0044_03,2,0.60109210014343262,0.60360026359558105,0.60554707050323486,0.59228515625
0045_01,5,0.1245326995849609,0.1365197598934173,0.10736227780580521,0.12589427828788749
0045_02,5,0.99118971824645996,0.99156194925308239,0.99300116300582875,0.99289333820343018
0050_01,4,0.12861309945583341,0.052356183528900098,0.047261722385883297,0.055032808333635302
0051_01,1,0.070681005716323797,0.0689520463347435,0.041720915585756302,0.071739241480827304
0052_01,4,0.00064977275906129999,0.00072063127299769997,0.00032727484358469999,0.00053574389312410005
0053_01,4,0.9297856092453004,0.9248902201652528,0.93435245752334595,0.96378570795059204
0056_01,5,0.81933492422103882,0.9227299690246582,0.86355262994766235,0.95004653930664062
0056_02,5,0.93416619300842285,0.97434532642364502,0.94972991943359375,0.97933429479598999
0056_03,5,0.76747077703475952,0.75795775651931763,0.69685178995132446,0.80893099308013916
0058_01,5,0.54840171337127686,0.56651830673217773,0.55256795883178711,0.57355678081512451
0061_01,4,0.12586182355880729,0.15554283559322349,0.13343560695648191,0.18847809731960291
0062_01,4,0.38771754503250122,0.39825260639190668,0.41670137643814081,0.439453125
0064_01,1,0.98394548892974842,0.98508089780807495,0.97941601276397705,0.99048197269439697
0064_02,1,0.75422358512878418,0.76650691032409668,0.72363811731338501,0.78793990612030029
0066_01,5,0.1949707567691803,0.17444993555545801,0.1488166451454162,0.116455078125
0067_01,1,0.61508738994598389,0.58806431293487549,0.62678825855255127,0.61149239540100098
0067_02,1,0.60038048028945923,0.62352311611175537,0.58119207620620728,0.568778395652771
0067_03,1,0.1185635924339294,0.15363635122776029,0.1176405921578407,0.16108603775501251
0068_01,1,0.054896622896194402,0.048684310168027801,0.031945541501045199,0.0577751621603965
0069_01,5,0.13417834043502799,0.1432998180389404,0.18553340435028071,0.3536517322063446
0070_01,5,0.11586540937423701,0.1272565275430679,0.090382657945156097,0.076188340783119202
0071_01,2,0.64745736122131348,0.6726299524307251,0.68310457468032837,0.64892578125
0072_01,5,0.099127292633056599,0.1117477864027023,0.1134035587310791,0.065401405096053994
0073_01,4,0.44834163784980768,0.43146762251853937,0.43571621179580688,0.40152823925018311
0074_01,1,0.99986445903778076,0.99990719556808483,0.99990391731262196,0.99988424777984619
0076_01,5,0.48473912477493281,0.4751039445400238,0.52548420429229736,0.48779296875
0077_01,4,0.58363097906112671,0.58792424201965332,0.59243476390838623,0.54736799001693726
0078_01,5,0.0015542040346189999,0.0014660303713753,0.00071944214869290005,0.00019433544366620001
0081_01,2,0.57012999057769775,0.59571200609207153,0.57805740833282471,0.59375
0082_01,2,0.012122470885515199,0.0035877649206668,0.011094522662460801,0.0041142362169920999
0082_02,2,0.99560058116912842,0.99352073669433605,0.99635195732116699,0.99429762363433838
0082_03,2,0.98469024896621704,0.98350679874420155,0.98525744676589955,0.98400676250457764
0084_01,3,0.075432345271110507,0.080015622079372406,0.0589887835085392,0.0548021867871284
0085_01,5,0.99877905845642079,0.99842721223831177,0.99897760152816761,0.99882340431213379
0086_01,3,0.077245339751243494,0.059942193329334197,0.054620422422885798,0.053756218403577798
0088_01,1,0.61517655849456787,0.65101945400238037,0.59986960887908936,0.64794921875
0090_01,5,0.5154576301574707,0.52357900142669678,0.5217287540435791,0.52643227577209473
0091_01,5,0.50650089979171753,0.52494794130325317,0.50531256198883057,0.52692246437072754
0091_02,5,0.44437766075134277,0.4916386604309082,0.48018893599510187,0.35400390625
0092_01,1,0.42809620499610901,0.46110245585441589,0.49204745888710022,0.42505854368209839
0092_02,1,0.60647714138031006,0.58973836898803711,0.61722958087921143,0.596435546875
0092_03,1,0.53704690933227539,0.52264785766601562,0.54312258958816528,0.505126953125
0097_01,3,0.410189539194107,0.46772798895835871,0.45753312110900879,0.43464291095733643
0098_01,3,0.46159210801124573,0.37518042325973511,0.4131256639957428,0.43956044316291809
0098_02,3,0.90884220600128163,0.85667306184768677,0.87886720895767212,0.80107402801513672
0099_01,3,0.39864316582679749,0.44697463512420649,0.46648532152175898,0.431884765625
0099_02,3,0.50254905223846436,0.5143585205078125,0.5198361873626709,0.51104915142059326
0101_01,2,0.88096904754638672,0.87862610816955566,0.88311195373535156,0.88674634695053101
0102_01,4,0.1298423707485199,0.14308042824268341,0.158400684595108,0.070858374238014193
0103_01,4,0.27577787637710571,0.22567056119441981,0.27771472930908198,0.15407946705818171
0103_02,4,0.54732632637023926,0.58154022693634033,0.53290307521820068,0.5458984375
0103_03,4,0.4989782571792602,0.52337390184402466,0.49887019395828242,0.5174020528793335
0105_01,5,0.29946678876876831,0.28022658824920649,0.265851080417633,0.201904296875
0107_01,5,0.10252527892589559,0.10116150230169289,0.078543379902839605,0.1047639697790145
0108_01,1,0.49932816624641418,0.5031895637512207,0.50747579336166382,0.52685546875
0108_02,1,0.18901044130325309,0.17838716506957999,0.158762127161026,0.1268659383058548
0108_03,1,0.48947077989578242,0.47023105621337891,0.5205841064453125,0.54670047760009766
0110_01,4,0.0032473211176693001,0.0023541185073554,0.0020103096030651998,0.0011557705001905001
0110_02,4,0.1058726832270622,0.1147872358560562,0.098501481115817996,0.086559623479843098
0110_03,4,0.3397216796875,0.30915701389312739,0.365153819322586,0.249069333076477
0110_04,4,0.98892730474472035,0.98852777481079102,0.98851215839385997,0.99028706550598145
0111_01,2,0.986255943775177,0.9888467788696288,0.98716437816619884,0.99283295869827282
0112_01,1,0.99733084440231323,0.99800574779510498,0.99675279855728161,0.99864566326141357
0113_01,2,0.69374573230743408,0.6324460506439209,0.68556904792785645,0.61067318916320801
0114_01,5,0.28425189852714539,0.3124401867389679,0.28714251518249512,0.32462012767791748
0115_01,4,0.90976750850677479,0.9010249376296996,0.89594554901123047,0.91086566448211681
0116_01,1,0.58355766534805298,0.55844604969024658,0.58636289834976196,0.56500613689422607
0119_01,1,0.0023813287261872998,0.00043498433660710002,0.0012434412492438999,0.00016318565758410001
0119_02,1,0.952317714691162,0.96284180879592896,0.95312738418579102,0.98336869478225719
0120_01,4,0.97755229473114003,0.97904157638549805,0.97410827875137318,0.98132133483886719
0122_01,2,0.092896088957786505,0.038690384477376903,0.090516716241836506,0.029829503968358002
0123_01,1,0.40903359651565552,0.4083475768566131,0.38939648866653442,0.3921031653881073
0126_01,4,0.99567246437072765,0.99535417556762695,0.99444115161895763,0.9974658489227296
0127_01,2,0.080901153385639094,0.058091975748538902,0.087238013744354206,0.039957139641046503
0128_01,2,0.069054596126079504,0.049212925136089297,0.070710286498069694,0.038124620914459201
0128_02,2,0.088221527636051095,0.056719291955232599,0.078408420085906899,0.031864374876022297
0129_01,4,0.57049679756164551,0.60300928354263306,0.57652735710144043,0.58935850858688354
0133_01,1,0.98527824878692638,0.9846397638320924,0.98254048824310303,0.98950946331024159
0133_02,1,0.043055713176727198,0.058694593608379302,0.039254598319530397,0.052850104868411997
0134_01,5,0.67796033620834351,0.67669856548309326,0.74388504028320312,0.84816980361938477
0136_01,5,0.29770904779434199,0.37429988384246821,0.30367609858512878,0.37094020843505859
0138_01,3,0.72209048271179199,0.67342197895050049,0.72278201580047607,0.69369029998779297
0138_02,3,0.070907823741436005,0.0384418740868568,0.0256612487137317,0.016041994094848602
0139_01,3,0.99921631813049316,0.99847739934921265,0.99889260530471802,0.99967598915100098
0140_01,5,0.52946746349334717,0.55622994899749756,0.5261683464050293,0.50860631465911865
0140_02,5,0.1079238280653953,0.11523342132568359,0.090390264987945501,0.14089591801166529
0141_01,2,0.15569610893726349,0.1610603928565979,0.16467264294624329,0.16865119338035581
0144_01,5,0.62390667200088501,0.54481625556945801,0.55136656761169434,0.52984994649887085
0146_01,3,0.37463811039924622,0.4170538187026977,0.39518454670906061,0.38264322280883789
0147_01,3,0.51288080215454102,0.54056060314178467,0.52512896060943604,0.5143401026725769
0148_01,3,0.1159413307905197,0.094949059188365895,0.14591135084629059,0.15483501553535459
0149_01,4,0.59941911697387695,0.62522292137145996,0.60278445482254028,0.58147621154785156
0151_01,1,0.6915697455406189,0.73403197526931763,0.69327890872955322,0.71590495109558105
0152_01,2,0.1132204532623291,0.11520048975944509,0.1161029785871505,0.1199551150202751
0160_01,5,0.0177865643054246,0.0079433862119912997,0.0135457534343004,0.002343428088352
0163_01,1,0.95927733182907104,0.9643738865852356,0.95148950815200795,0.97331416606903076
0163_02,1,0.98551219701766957,0.98744571208953857,0.98424065113067638,0.99384713172912598
0164_01,3,0.36228543519973749,0.3438310027122497,0.35728159546852112,0.29239064455032349
0164_02,3,0.70892703533172607,0.69460213184356689,0.71142697334289551,0.6845703125
0165_01,2,0.97512632608413696,0.97698986530303955,0.97775185108184803,0.97418826818466198
0167_01,2,0.9905111789703368,0.99104773998260498,0.99240422248840321,0.98982131481170643
0167_02,2,0.10254447907209389,0.0950339585542678,0.088369295001029899,0.159912109375
0169_01,3,0.5037999153137207,0.50523382425308228,0.51764118671417236,0.4870573878288269
0170_01,2,0.065826043486595098,0.036621674895286498,0.0496868602931499,0.017097704112529699
0171_01,5,0.54564410448074341,0.56680673360824585,0.53913986682891846,0.56250059604644775
0172_01,2,0.47474810481071472,0.50238031148910522,0.48489254713058472,0.48919391632080078
0173_01,4,0.63010251522064209,0.65724849700927734,0.66359448432922363,0.79731374979019165
0174_01,1,0.1251000314950943,0.14427000284194941,0.13444060087203979,0.1537623703479766
0177_01,1,0.00031283212592820003,0.00012771898764179999,0.00014846655540159999,5.3730502258986241e-05
0178_01,5,0.0185594838112592,0.0125987296923995,0.0109603535383939,0.0026322579942643001
0179_01,5,0.50301891565322876,0.53624355792999268,0.51730972528457642,0.631591796875
0179_02,5,0.56991755962371826,0.5899243950843811,0.59929943084716797,0.590576171875
0179_03,5,0.53515493869781494,0.53848493099212646,0.57187247276306152,0.5537109375
0181_01,3,0.073469802737235995,0.048222795128822299,0.069036662578582694,0.053965836763381902
0182_01,3,0.96483331918716442,0.94191277027130116,0.96408021450042725,0.93847537040710438
0183_01,2,0.25605416297912598,0.2881211638450622,0.2550823986530304,0.25932729244232178
0186_01,2,0.091918826103210394,0.13698804378509519,0.093852877616882296,0.1725064218044281
0188_01,1,0.5009610652923584,0.48713704943656921,0.50666803121566772,0.49853515625
0189_01,5,0.49380764365196228,0.38475501537322998,0.26258090138435358,0.1078231111168861
0190_01,3,0.61035096645355225,0.58625805377960205,0.61716318130493164,0.593017578125
0192_01,4,0.57405382394790649,0.59547847509384155,0.57141029834747314,0.55817288160324097
0192_02,4,0.44872468709945679,0.42164027690887451,0.43436595797538757,0.4158419668674469
0192_03,4,0.099752299487590707,0.13489794731140131,0.151079386472702,0.095620475709438296
0193_01,5,0.99212086200714122,0.99069929122924805,0.99477863311767578,0.98847240209579479
0193_02,5,0.080625668168067904,0.087918072938918998,0.11821079254150391,0.11981736123561849
0193_03,5,0.9938254952430724,0.9919399619102478,0.99566286802291881,0.99062258005142201
0195_01,4,0.26929113268852228,0.25927639007568359,0.2610851526260376,0.368408203125
0196_01,3,0.2295555174350738,0.26391524076461792,0.24418890476226801,0.21674391627311701
0197_01,3,0.090379916131496402,0.096733376383781405,0.090425617992877905,0.0605500638484954
0198_01,4,0.46787869930267328,0.4526183009147644,0.46664240956306458,0.4541010856628418
0199_01,5,0.53163325786590576,0.53652751445770264,0.53116005659103394,0.5496247410774231
0200_01,1,0.6373896598815918,0.69085747003555298,0.63142836093902588,0.69189453125
0201_01,2,0.99860727787017822,0.99876701831817638,0.99882012605667125,0.99872487783431996
0201_02,2,0.99905365705490123,0.9990828037261964,0.999214768409729,0.99898338317871083
0202_01,1,0.99031835794448841,0.989696204662323,0.98770892620086681,0.99265694618225098
0202_02,1,0.22016559541225431,0.2136208117008209,0.19872048497200009,0.2001877427101135
0203_01,5,0.99876183271408081,0.99825894832611084,0.99881458282470703,0.9986928105354308
0205_01,4,0.1249681785702705,0.1329474151134491,0.13231946527957911,0.072339944541454301
0206_01,2,0.97041201591491699,0.98185747861862183,0.9715331196784972,0.974933922290802
0207_01,3,0.62395751476287842,0.61629295349121094,0.6240161657333374,0.59716796875
0210_01,2,0.97088313102722157,0.9592524766921996,0.97057950496673584,0.984258472919464
0211_01,2,0.12857586145401001,0.1465538144111633,0.12343458831310269,0.22791832685470581
0211_02,2,0.99083030223846436,0.98848438262939442,0.99236530065536499,0.98824244737625122
0211_03,2,0.11456968635320661,0.1100449338555336,0.1081196591258049,0.083600856363773304
0212_01,3,0.0414522662758827,0.0152974501252174,0.0074630808085202997,0.0086240889504551003
0212_02,3,0.160453200340271,0.22064271569252011,0.27871966361999512,0.523681640625
0213_01,3,0.22266916930675501,0.33925884962081909,0.31658193469047541,0.1886283010244369
0216_01,3,0.1086498498916626,0.077627107501029899,0.083371363580226898,0.055406138300895601
0217_01,4,0.105007529258728,0.096083030104637104,0.098972529172897297,0.043818596750497797
0219_01,5,0.52625942230224609,0.55159056186676025,0.52278316020965576,0.541748046875
0220_01,5,0.4600987434387207,0.46319580078125,0.43960112333297729,0.41814145445823669
0220_02,5,0.43804198503494263,0.43905138969421381,0.44909572601318359,0.42253446578979492
0220_03,5,0.60805141925811768,0.61740702390670776,0.60485672950744629,0.660400390625
0220_04,5,0.59533798694610596,0.66702437400817871,0.56704890727996826,0.62273216247558594
0220_05,5,0.080470412969589206,0.091594181954860604,0.073450237512588501,0.079072065651416695
0220_06,5,0.65962725877761841,0.64564937353134155,0.6625552773475647,0.64591538906097412
0220_07,5,0.6604616641998291,0.66656488180160522,0.66402125358581543,0.69604742527008057
0221_01,5,0.14818064868450159,0.094352677464485099,0.12190934270620341,0.087320625782012898
0221_02,5,0.073419861495494801,0.063926994800567599,0.043845467269420603,0.089293852448463398
0221_03,5,0.088785707950591999,0.039918161928653703,0.038533035665750497,0.031827673316001802
0221_04,5,0.50539875030517578,0.52754223346710205,0.48785400390625,0.49072265625
0221_05,5,0.10084328055381769,0.1060694530606269,0.19670271873474121,0.18777208030223841
0221_06,5,0.066412582993507302,0.056327052414417197,0.039966277778148603,0.033327385783195398
0221_07,5,0.56034541130065918,0.57374429702758789,0.54899346828460693,0.54315173625946045
0222_01,3,0.17183348536491391,0.30845430493354797,0.30513957142829889,0.61883354187011719
0222_02,3,0.98508298397064198,0.98404222726821899,0.98436939716339122,0.97382485866546642
0222_03,3,0.71453946828842163,0.74964088201522827,0.71732401847839355,0.74165552854537964
0223_01,1,0.55024945735931396,0.56611406803131104,0.56129711866378784,0.5361328125
0224_01,4,0.043436523526906898,0.049470964819192803,0.037623688578605603,0.035585615783929797
0225_01,2,0.54392862319946289,0.54329204559326172,0.54694062471389771,0.51953125
0229_01,2,0.14973676204681391,0.12790203094482419,0.12894096970558161,0.11710371077060699
0231_01,2,0.045212507247924798,0.032708343118429101,0.0468764193356037,0.031553253531455903
0232_01,1,0.57359772920608521,0.57992947101593018,0.58383804559707642,0.59651708602905273
0233_01,3,0.051650717854499803,0.049793493002653101,0.0409206487238407,0.043969511985778802
0234_01,3,0.582763671875,0.69462412595748901,0.69234597682952881,0.90532648563384999
0237_01,2,0.96611297130584717,0.97482764720916759,0.964424729347229,0.97607415914535522
0239_01,1,0.1216424852609634,0.1358911395072937,0.15572093427181241,0.18984250724315641
0240_01,2,0.97521513700485241,0.97858524322509755,0.97819173336029042,0.97698342800140381
0241_01,2,0.0012985237408429,0.00069137924583620002,0.0012758300872519001,0.0011687945807352001
0242_01,1,0.2116803377866745,0.24940025806426999,0.26400357484817499,0.48046875
0243_01,5,0.51132166385650635,0.51606512069702148,0.51701474189758301,0.51849198341369629
0244_01,4,0.91628021001815796,0.89347171783447266,0.88592040538787842,0.88609445095062256
0244_02,4,0.99846792221069336,0.99826186895370483,0.99830210208892822,0.99937295913696278
0245_01,5,0.99821853637695324,0.99784290790557861,0.99906027317047119,0.99930518865585316
0245_02,5,0.00013055876479479999,7.2733244451228529e-05,5.3268257033778361e-05,3.9993112295633182e-05
0246_01,4,0.063624195754528004,0.037034828215837402,0.061771616339683498,0.014231536537408799
0248_01,4,0.0001773341209627,0.00013679364928970001,8.6118685430847108e-05,0.0001037604961311
0250_01,1,0.55418360233306885,0.53747165203094482,0.56705015897750854,0.54815971851348877
0251_01,5,0.9938904047012328,0.99506872892379761,0.99649375677108765,0.99657225608825684
0252_01,5,0.46333199739456171,0.41831821203231812,0.3765242993831634,0.28726470470428461
0253_01,5,0.29233717918395991,0.35225570201873779,0.26417666673660278,0.23604166507720939
0254_01,1,0.19056352972984311,0.1763301342725753,0.19827799499034879,0.32879146933555597
0255_01,2,0.90024781227111816,0.89692109823226929,0.90496772527694702,0.89588648080825806
0257_01,1,0.13716986775398249,0.14108489453792569,0.1537077724933624,0.1434594392776489
0257_02,1,0.98924911022186279,0.98802667856216442,0.98831975460052479,0.99106353521347035
0258_01,5,0.1500422656536102,0.123156189918518,0.1264073103666305,0.1282843202352523
0260_01,5,0.1024100333452224,0.13650079071521759,0.12098014354705811,0.091418743133544894
0261_01,5,0.1168145835399627,0.1380296051502227,0.093383938074111897,0.166259765625
0263_01,3,0.50265562534332275,0.5011141300201416,0.51802158355712891,0.482666015625
0265_01,3,0.99326038360595703,0.99304485321044922,0.99229931831359863,0.99425202608108521
0267_01,1,0.12808613479137421,0.11188396066427229,0.11294928193092341,0.14197063446044919
0269_01,4,0.72307270765304565,0.7505682110786438,0.75740832090377808,0.85698437690734863
0270_01,1,0.11111719161272041,0.1167071536183357,0.1152702495455741,0.13701817393302909
0275_01,4,0.99750685691833496,0.99705266952514637,0.99721050262451161,0.99817907810211182
0277_01,2,0.76557672023773193,0.81536448001861572,0.79181557893753052,0.86000251770019531
0278_01,5,0.085783548653125694,0.090652652084827395,0.1211074963212013,0.061379253864288302
0278_02,5,0.14516113698482511,0.145944133400917,0.108464702963829,0.104195587337017
0281_01,5,0.90818744897842396,0.90496861934661876,0.90060180425643921,0.93128979206085205
0282_01,3,0.77724474668502808,0.77011430263519287,0.74421274662017822,0.6897817850112915
0283_01,2,0.5770421028137207,0.57962596416473389,0.58154439926147461,0.54896652698516846
0283_02,2,0.32813823223114008,0.35351544618606567,0.34785899519920349,0.30756720900535578
0285_01,2,0.98827004432678223,0.98923152685165405,0.99020063877105724,0.98986172676086437
0285_02,2,0.99322688579559315,0.99444448947906483,0.99453896284103405,0.99471569061279297
0286_01,3,0.4359940886497497,0.43697619438171381,0.47566470503807068,0.66161507368087769
0287_01,4,0.99237304925918579,0.99147987365722656,0.99013197422027599,0.99288547039031982
0287_02,4,0.1727644205093383,0.18353110551834101,0.17349529266357419,0.1624433696269989
0288_01,3,0.21097598969936371,0.1684766858816146,0.25604474544525141,0.056969329714775002
0289_01,3,0.99902319908142079,0.99829471111297596,0.99877142906188965,0.99962031841278076
0290_01,4,0.8510977029800415,0.91182231903076161,0.87333732843399048,0.90245395898818959
0290_02,4,0.99952256679534923,0.99961447715759277,0.99963712692260742,0.99967652559280396
0290_03,4,0.99478250741958618,0.99468564987182617,0.99357473850250244,0.99709713459014881
0290_04,4,0.99448013305664062,0.9948359727859496,0.99418759346008301,0.99485969543457042
0291_01,1,0.95119190216064442,0.88747692108154297,0.92105156183242798,0.89667606353759766
0294_01,3,0.99824696779251099,0.99821960926055919,0.99768394231796265,0.99907308816909801
0297_01,2,0.56009221076965332,0.55317956209182739,0.56504619121551514,0.41935926675796509
0298_01,1,0.95782119035720836,0.95587354898452759,0.9560469388961792,0.9726489782333374
0301_01,1,0.71442413330078125,0.72942084074020386,0.71364426612854004,0.75266605615615845
0302_01,2,0.077892698347568498,0.075109213590621907,0.082435630261897999,0.070184916257858193
0303_01,2,0.60211288928985596,0.59336596727371216,0.59096229076385498,0.60138863325119019
0304_01,5,0.00057173962704830004,0.00022292211360759999,0.00026672333478920001,4.3211493903072551e-05
0305_01,4,0.095966666936874306,0.081700921058654702,0.074898317456245395,0.063317343592643696
0306_01,1,0.26142141222953791,0.25765979290008539,0.28727400302886957,0.1457136124372482
0307_01,5,0.81151235103607178,0.78635334968566895,0.79274111986160278,0.78314995765686035
0309_01,4,0.13479384779930109,0.14610576629638669,0.14496910572051999,0.13191746175289151
0310_01,3,0.0075114392675459003,0.0074305734597145999,0.0052347118034957998,0.0084357364103197999
0313_01,3,0.40329903364181519,0.3600480854511261,0.3730494081974029,0.38738366961479181
0313_02,3,0.70524251461029053,0.68650531768798828,0.69610810279846191,0.69937467575073242
0313_03,3,0.14501024782657621,0.1052322685718536,0.13854521512985229,0.081298843026161194
0313_04,3,0.68485558032989502,0.61744809150695801,0.66548776626586914,0.64567172527313232
0314_01,1,0.061642531305551501,0.047913409769535002,0.045186247676610898,0.047143135219812303
0315_01,3,0.62947505712509155,0.64758014678955078,0.64831423759460449,0.61384379863739014
0316_01,2,0.99593651294708241,0.99658083915710438,0.99645650386810303,0.99507379531860363
0316_02,2,0.99848324060440063,0.99856013059616078,0.9986761212348938,0.99834191799163818
0320_01,1,0.16167816519737241,0.16311685740947721,0.15343156456947321,0.1421675980091095
0320_02,1,0.1817000806331634,0.18441206216812131,0.16984294354915619,0.1522402614355087
0321_01,2,0.15974749624729151,0.1383749842643737,0.15107393264770499,0.1199793517589569
0322_01,3,0.64965569972991943,0.63639378547668457,0.6543574333190918,0.63842630386352539
0324_01,3,0.67584335803985596,0.67209881544113159,0.67307591438293457,0.67537796497344971
0326_01,5,0.51983541250228882,0.51960897445678711,0.52649152278900146,0.52374529838562012
0327_01,1,0.44633209705352778,0.44049251079559321,0.46758401393890381,0.4398658275604248
0330_01,5,0.9836132526397704,0.98349261283874523,0.98326581716537476,0.98993360996246338
0330_02,5,0.99975436925888062,0.9994206428527832,0.99982863664627075,0.99986439943313599
0330_03,5,0.79049003124237061,0.64338618516921997,0.62006926536560059,0.431640625
0331_01,1,0.16735070943832389,0.1656948924064636,0.15127167105674741,0.10378023982048031
0333_01,4,0.99315172433853161,0.99302268028259277,0.99256259202957164,0.99497944116592396
0334_01,2,0.0031035153660923,0.00077572971349580005,0.0026234514079987998,0.0006754866917617
0336_01,3,0.13327622413635251,0.1248381063342094,0.1071305572986602,0.12777265906333921
0337_01,1,0.99178701639175415,0.99086153507232677,0.99158996343612682,0.99540787935256958
0337_02,1,0.090705245733261095,0.090719491243362399,0.066415183246135698,0.0702644437551498
0337_03,1,0.99566549062728882,0.99653178453445435,0.9945197105407716,0.99883699417114258
0338_01,5,0.53660935163497925,0.54092693328857422,0.53639280796051025,0.55085182189941406
0340_01,2,0.99939996004104603,0.99942505359649658,0.9994666576385498,0.99938166141509999
0341_01,3,0.62184429168701172,0.6103895902633667,0.62571084499359131,0.619873046875
0343_01,5,0.090283617377281106,0.1023696064949035,0.1081208437681198,0.1787815988063812
0345_01,5,0.52941775321960449,0.5145113468170166,0.52568167448043823,0.51287680864334106
0346_01,3,0.76062959432601929,0.71916520595550537,0.74784040451049805,0.7202107310295105
0347_01,1,0.44541800022125239,0.47300902009010309,0.44148203730583191,0.4758926630020141
0348_01,5,0.87276846170425415,0.91605818271636963,0.88294988870620728,0.96600610017776478
0348_02,5,0.56482094526290894,0.61906534433364868,0.55506640672683716,0.67635321617126465
0350_01,1,0.72898882627487183,0.73550736904144287,0.71942704916000366,0.75307857990264893
0352_01,1,0.43939390778541559,0.39937564730644221,0.4116296768188476,0.386474609375
0355_01,1,0.63708150386810303,0.65413558483123779,0.63113903999328613,0.63899737596511841
0356_01,1,0.99116295576095581,0.98918616771697998,0.98757523298263561,0.99169552326202404
0357_01,1,0.2163475155830383,0.2629635334014892,0.24451121687889099,0.27274376153945917
0358_01,1,0.48809909820556641,0.4874291718006134,0.51188826560974121,0.51727128028869629
0358_02,1,0.57295525074005127,0.58142256736755371,0.59227824211120605,0.61174637079238892
0359_01,3,0.1858178377151489,0.15378493070602409,0.15583208203315729,0.13929536938667289
0360_01,1,0.1634508073329925,0.15045729279518119,0.1241105571389198,0.11061482131481171
0361_01,5,0.1108943819999694,0.15529567003250119,0.25434905290603638,0.30745363235473627
0365_01,3,0.081539034843444796,0.067725218832492801,0.0589381456375122,0.046729832887649501
0368_01,4,0.49468311667442322,0.423832356929779,0.49094974994659418,0.31925174593925471
0368_02,4,0.9831249713897704,0.9878811240196228,0.98371869325637817,0.99205130338668823
0369_01,3,0.1796427965164184,0.2036911398172378,0.31224551796913141,0.33194708824157709
0370_01,5,0.076664716005325304,0.073638729751109994,0.054142605513334198,0.057499524205922997
0371_01,4,0.98403513431549083,0.98495423793792725,0.98166340589523315,0.98771119117736816
0372_01,1,0.014111239463090799,0.016325674951076501,0.016065437346696802,0.0026178006082773
0373_01,1,0.49313351511955261,0.50979477167129517,0.49049374461174011,0.50738716125488281
0375_01,4,0.26305705308914179,0.1430500447750091,0.12239876389503471,0.1190825402736663
0376_01,2,0.3669048547744751,0.42012405395507812,0.37231451272964478,0.4558717012405395
0377_01,1,0.00076844217255710005,0.0004700215358752,0.00041256818803950002,0.00019218941451979999
0378_01,1,0.00060695753199970003,0.00036207714583719999,0.00026229588547719998,0.00011153255036329999
0378_02,1,0.99863934516906738,0.99896669387817383,0.99842226505279541,0.9992249608039856
0378_03,1,0.00067026930628340004,0.0002928975445684,0.00030172269907770001,0.0001578836963744
0378_04,1,0.99810749292373657,0.99804949760437001,0.99754232168197643,0.99851655960082997
0378_05,1,0.99823200702667236,0.99877566099166881,0.99800348281860363,0.99906861782073964
0378_06,1,0.23568284511566159,0.1967669278383255,0.20503798127174369,0.13994069397449491
0378_07,1,0.99809598922729481,0.99799710512161244,0.99739617109298717,0.99851512908935558
0379_01,3,0.2149524390697479,0.50098073482513428,0.60125607252120972,0.88463222980499268
0380_01,2,0.99162155389785755,0.99024361371994019,0.99182444810867321,0.99235022068023682
0381_01,1,0.98904025554656982,0.98905223608016957,0.98586672544479359,0.99250352382659923
0381_02,1,0.99193918704986561,0.99124240875244141,0.99007493257522583,0.9937072992324828
0382_01,4,0.1093271225690841,0.13599592447280881,0.1213525682687759,0.14288869500160209
0383_01,4,0.0017643246101215,0.0024508680216967999,0.0010461673373356,0.0007302468875423
0383_02,4,0.58992272615432739,0.60463118553161621,0.60145998001098633,0.57282418012619019
0384_01,5,0.64219003915786743,0.69810128211975098,0.66878032684326172,0.697998046875
0384_02,5,0.47300982475280762,0.48061811923980707,0.47185626626014709,0.54736328125
0385_01,1,0.24471753835678101,0.25815090537071228,0.23726516962051389,0.2352167069911956
0387_01,5,0.52812409400939941,0.54005634784698486,0.52804768085479736,0.53797471523284912
0388_01,3,0.57622408866882324,0.59073728322982788,0.58903342485427856,0.55238097906112671
0389_01,2,0.18036527931690211,0.159867838025093,0.1538953483104705,0.1081848666071891
0391_01,4,0.92276853322982799,0.93411624431610119,0.93427330255508423,0.96115183830261242
0392_01,4,0.062912970781326294,0.050179488956928198,0.046251822263002298,0.018074328079819599
0395_01,5,0.00030723010422659998,9.1812042228411883e-05,0.00010731334623410001,4.1036106267711148e-05
0395_02,5,0.0072250161319970998,0.0078159999102353998,0.0028306175954639001,0.00044955452904099999
0396_01,5,0.53466796875,0.54214149713516235,0.54149442911148071,0.56110632419586182
0397_01,1,0.9876159429550172,0.98611748218536377,0.98549735546112061,0.98996376991271962
0398_01,4,0.00035489269066600002,0.00038085022242730001,0.0002396154595771,0.00015366313164120001
0401_01,3,0.086505234241485596,0.091964490711688995,0.0990932062268257,0.071893744170665699
0401_02,3,0.052393566817045198,0.064155481755733407,0.051521975547075202,0.040571525692939703
0402_01,5,0.97531014680862438,0.98321592807769775,0.98142176866531361,0.98375165462493896
0403_01,5,0.33097416162490839,0.36200201511383051,0.36035436391830439,0.31794640421867371
0405_01,4,0.12607206404209129,0.13640099763870239,0.12530910968780509,0.1040582060813903
0407_01,5,0.0473532006144523,0.041748806834220803,0.027414010837674099,0.0235915891826152
0407_02,5,0.23289933800697321,0.2453203946352005,0.19153967499732971,0.21352323889732361
0407_03,5,0.56595265865325928,0.58997625112533569,0.55226272344589233,0.59758377075195312
0408_01,3,0.037853397428989403,0.0249496940523386,0.015475101768970399,0.012792651541530999
0409_01,4,0.63140928745269775,0.68046259880065918,0.64963281154632568,0.80034005641937256
0410_01,3,0.16122856736183161,0.1095390394330024,0.1126660853624343,0.10158611834049221
0411_01,2,0.1150983870029449,0.1097489222884178,0.1111255660653114,0.1043587327003479
0412_01,2,0.99758446216583241,0.99862605333328236,0.99826675653457642,0.99912756681442261
0413_01,2,0.12642672657966611,0.12521187961101529,0.1319314837455749,0.11575364321470261
0415_01,3,0.52772516012191772,0.54286444187164307,0.54457378387451172,0.52301442623138428
0417_01,1,0.98764389753341675,0.98688668012619019,0.98455834388732921,0.98940765857696522
0417_02,1,0.0001998364459723,9.5179981144610806e-05,9.9992015748284757e-05,5.6024953664746135e-05
0417_03,1,0.97448194026947021,0.97358262538909923,0.97119903564453125,0.98047608137130737
0423_01,4,0.96008419990539562,0.98467743396759044,0.96496236324310303,0.983750820159912
0425_01,1,0.1192040145397186,0.1291320174932479,0.1104961484670639,0.13325139880180359
0425_02,1,0.99474751949310303,0.99318283796310425,0.99505400657653797,0.99509805440902721
0425_03,1,0.9897800087928772,0.98674619197845459,0.98762327432632435,0.98805218935012817
0427_01,5,0.81044387817382812,0.82124090194702148,0.7317391037940979,0.75830078125
0428_01,5,0.45478147268295288,0.56118535995483398,0.41082286834716791,0.48013615608215332
0429_01,5,0.99824255704879761,0.99778920412063599,0.99885004758834839,0.99912911653518677
0429_02,5,0.97389346361160278,0.98711794614791881,0.9807829260826112,0.99164825677871704
0430_01,1,0.68315291404724121,0.67251712083816528,0.66318058967590332,0.678466796875
0431_01,2,0.98035389184951782,0.9819551706314088,0.98273283243179321,0.97885441780090321
0432_01,2,0.11303917318582531,0.0916637703776359,0.1007615774869918,0.094453543424606295
0433_01,4,0.95571219921112061,0.97213584184646595,0.94928932189941395,0.98593747615814198
0433_02,4,0.00012854876695200001,8.1226506154052913e-05,5.5578108003828681e-05,4.1483101085759699e-05
0434_01,5,0.98686420917510997,0.98748785257339478,0.98950403928756725,0.98564034700393677
0435_01,4,0.57380938529968262,0.58766305446624756,0.57023400068283081,0.58576160669326782
0436_01,1,0.42858868837356567,0.4465589821338653,0.45267483592033381,0.458251953125
0436_02,1,0.0953836590051651,0.091145083308219896,0.079045087099075304,0.071733325719833305
0437_01,2,0.13985143601894379,0.1172060221433639,0.13003280758857719,0.0755975097417831
0437_02,2,0.51677262783050537,0.49648755788803101,0.53381204605102539,0.41570913791656489
0438_01,5,0.99874567985534679,0.99778491258621216,0.99879497289657604,0.99767619371414185
0439_01,3,0.26380717754364008,0.2820475697517395,0.26826593279838562,0.344482421875
0441_01,5,0.1032437309622764,0.10378292948007579,0.077830433845520006,0.070884585380554199
0442_01,1,0.6226574182510376,0.57806456089019775,0.59262955188751221,0.55003660917282104
0444_01,5,0.1006730645895004,0.11545196175575249,0.062706239521503407,0.075351208448410006
0444_02,5,0.12505422532558441,0.1391278803348541,0.12030581384897231,0.16426652669906611
0445_01,4,0.047299243509769398,0.0422620922327041,0.045599762350320802,0.073815993964672005
0445_02,4,0.064061120152473394,0.041259963065385798,0.0302245952188968,0.069428138434886905
0446_01,3,0.99517846107482921,0.99361258745193481,0.9943353533744812,0.99626857042312622
0447_01,1,0.53561270236968994,0.535422682762146,0.52676558494567871,0.53595638275146484
0448_01,4,0.073939427733421298,0.035556863993406199,0.029494943097233699,0.032730340957641602
0448_02,4,0.66302424669265747,0.62768751382827759,0.65488582849502563,0.6083984375
0449_01,2,0.41919493675231928,0.4572570919990539,0.42105457186698908,0.4137173593044281
0452_01,5,0.51109284162521362,0.50734007358551025,0.51094132661819458,0.49847272038459778
0453_01,1,0.99789583683013916,0.99786567687988281,0.9972374439239502,0.99828517436981201
0453_02,1,0.9896206259727478,0.99261367321014404,0.98805195093154918,0.99547350406646717
0453_03,1,0.99875271320343018,0.99833190441131603,0.99823319911956798,0.99808484315872203
0454_01,2,0.9829067587852478,0.99266988039016724,0.98849064111709595,0.9855092167854308
0454_02,2,0.99896949529647838,0.99898165464401245,0.99916636943817139,0.99885344505310059
0454_03,2,0.99921035766601562,0.99917733669280995,0.99934822320938121,0.99908179044723522
0456_01,2,0.1782717555761337,0.177842691540718,0.1759881377220153,0.15483517944812769
0457_01,3,0.52964985370635986,0.50491476058959961,0.55654734373092651,0.54987514019012451
0457_02,3,0.53976684808731079,0.55089271068572998,0.55832201242446899,0.56158888339996338
0457_03,3,0.48724484443664551,0.50207340717315674,0.51150679588317871,0.49944940209388727
0458_01,1,0.99625927209854115,0.997295081615448,0.9960559606552124,0.99828290939331044
0459_01,4,0.064341284334659493,0.058587685227394097,0.064869627356529194,0.097948655486106803
0460_01,2,0.55374455451965332,0.5749509334564209,0.55732905864715576,0.57020759582519531
0461_01,4,0.71735143661499023,0.95869821310043324,0.91803741455078125,0.92823004722595204
0461_02,4,0.1438217610120773,0.19823788106441489,0.15507709980010981,0.74734795093536377
0461_03,4,0.57071536779403687,0.51985031366348267,0.59179794788360596,0.57756561040878296
0462_01,1,0.55513632297515869,0.53941142559051514,0.57711726427078247,0.57659298181533813
0463_01,4,0.1126372814178466,0.1087713688611984,0.105354756116867,0.061479955911636297
0463_02,4,0.21655628085136411,0.20385868847370139,0.18593785166740409,0.17578125
0465_01,2,0.0431136786937713,0.022880077362060498,0.036180749535560601,0.020177409052848799
0465_02,2,0.55319607257843018,0.77937006950378418,0.63394248485565186,0.99084329605102539
0466_01,2,0.56788671016693115,0.46057185530662531,0.54520112276077271,0.44238850474357599
0468_01,3,0.54298412799835205,0.56274425983428955,0.54947423934936523,0.551025390625
0470_01,3,0.99033343791961681,0.98961585760116577,0.99053192138671875,0.98783063888549805
0470_02,3,0.94532048702240001,0.93694627285003662,0.96015655994415283,0.91305685043334961
0471_01,2,0.00057116278912870005,0.00034877494908860002,0.00046352582285179999,0.000361951184459
0471_02,2,0.9997258186340332,0.99984890222549438,0.99975609779357921,0.999897301197052
0472_01,4,0.19410502910614011,0.21617212891578669,0.1967416703701019,0.1096438020467758
0474_01,2,0.70101058483123779,0.72347170114517212,0.70090997219085693,0.701416015625
0475_01,5,0.081214725971221896,0.027472563087940199,0.036439731717109597,0.011557290330529201
0476_01,2,0.15804153680801389,0.14706441760063171,0.14936758577823639,0.17060564458370209
0476_02,2,0.98015999794006359,0.981897473335266,0.98301392793655396,0.98120856285095204
0476_03,2,0.99260675907134999,0.99057596921920776,0.99379622936248779,0.99009156227111816
0477_01,1,0.043569918721914201,0.046218510717153501,0.021591283380985201,0.032888147979974698
0480_01,3,0.10291983187198631,0.077285602688789298,0.091684550046920693,0.050823807716369601
0481_01,2,0.58705413341522217,0.6195489764213562,0.58882546424865723,0.6034398078918457
0482_01,4,0.094153523445129395,0.054744899272918701,0.038729563355445799,0.059800066053867298
0482_02,4,0.1403026729822158,0.1461893618106842,0.1432786732912063,0.13590344786643979
0485_01,3,0.028108475729823099,0.033622942864894798,0.021988706663250899,0.0249685905873775
0487_01,1,0.0785881653428077,0.069534666836261694,0.064827553927898393,0.031574361026287003
0488_01,5,0.62364006042480469,0.61869621276855469,0.62345039844512939,0.5927734375
0490_01,3,0.58404546976089478,0.595988929271698,0.59399354457855225,0.56647616624832153
0498_01,1,0.9867909550666808,0.99146181344985962,0.9850257635116576,0.99493932723999023
0498_02,1,0.99920505285263062,0.99913424253463756,0.99892914295196522,0.99919354915618896
0499_01,4,0.99744737148284923,0.99764591455459595,0.99739062786102295,0.99884575605392456
0499_02,4,0.1914163529872894,0.194873422384262,0.19420109689235679,0.17040973901748649
0500_01,5,0.52718287706375122,0.54167163372039795,0.60937440395355225,0.63984620571136475
0501_01,3,0.3879033625125885,0.39948716759681702,0.35428717732429499,0.39643803238868708
0502_01,1,0.1982314735651016,0.1901360750198364,0.20466449856758109,0.1788553297519683
0503_01,2,0.98934566974639881,0.98658722639083862,0.99032580852508545,0.98505544662475597
0503_02,2,0.10145318508148191,0.069889217615127494,0.091924719512462602,0.064539767801761599
0503_03,2,0.085586316883563995,0.061420269310474299,0.084450416266918099,0.046371735632419503
0504_01,4,0.99960482120513916,0.9996071457862854,0.999644935131073,0.9998074769973756
0504_02,4,0.99970173835754395,0.99974370002746582,0.99972826242446899,0.99986028671264637
0504_03,4,0.99941825866699219,0.99944698810577404,0.99949193000793457,0.99961096048355103
0504_04,4,0.67389410734176636,0.79535049200057983,0.71269792318344116,0.81530243158340454
0504_05,4,0.99975180625915516,0.99974989891052235,0.99978291988372803,0.99986761808395397
0504_06,4,0.99519962072372437,0.99673748016357422,0.99692201614379883,0.99507868289947521
0506_01,3,0.9831414222717284,0.98069071769714355,0.98212313652038563,0.97460204362869263
0507_01,5,0.21679991483688349,0.25259792804718018,0.2286239862442016,0.27685546875
0510_01,5,0.99920666217803955,0.99888879060745239,0.99952054023742676,0.99919974803924561
0512_01,4,0.99904334545135498,0.99892377853393555,0.99914479255676281,0.9995100498199464
0512_02,4,0.99815285205841064,0.99822366237640381,0.9981479048728944,0.99958187341690063
0513_01,4,0.5993465781211853,0.58389002084732056,0.58174365758895874,0.57421875
0515_01,5,0.99902856349945079,0.99801719188690197,0.99912333488464355,0.99792599678039562
0516_01,5,0.099861592054366996,0.10043814778327941,0.067335754632949801,0.065334200859069796
0517_01,1,0.10876463353633881,0.1154985278844833,0.10932907462120051,0.1144223511219024
0518_01,3,0.92926299571990956,0.91346132755279541,0.94255346059799205,0.88248860836029053
0519_01,1,0.5067138671875,0.51149129867553711,0.51033145189285278,0.52747255563735962
0520_01,5,0.1930064111948013,0.19755750894546509,0.18611575663089749,0.15107837319374079
0521_01,2,0.33231633901596069,0.27537068724632258,0.26392179727554321,0.1828130632638931
0522_01,1,0.4746544361114502,0.34477546811103821,0.40755271911621088,0.27751645445823669
0523_01,5,0.63968741893768311,0.75414383411407471,0.6764715313911438,0.870494544506073
0525_01,2,0.54503536224365234,0.57661712169647217,0.55934023857116699,0.52410149574279785
0527_01,3,0.10898770391941071,0.1080525070428848,0.1004154980182647,0.1347096711397171
0527_02,3,0.98439502716064442,0.98420464992523204,0.98368966579437256,0.97276699542999279
0528_01,3,7.6667427492793649e-05,5.9764395700767643e-05,4.2734682210721082e-05,3.9993112295633182e-05
0529_01,3,0.60661017894744873,0.57883238792419434,0.60299760103225708,0.57746207714080811
0531_01,5,0.74539506435394287,0.753875732421875,0.75170004367828369,0.7432105541229248
0531_02,5,0.74880886077880859,0.7562369704246521,0.73992502689361572,0.7614818811416626
0533_01,3,0.1307009011507034,0.21289576590061179,0.1441552937030792,0.31087934970855707
0534_01,4,6.2297673139255494e-05,4.4336415157886222e-05,3.9993112295633182e-05,3.9993112295633182e-05
0534_02,4,0.057295393198728499,0.020028010010719299,0.045371342450380298,0.011042866855859699
0537_01,3,0.1068791970610618,0.062085423618555,0.1025836244225502,0.073542863130569402
0538_01,5,0.55496358871459961,0.56095659732818604,0.50564843416213989,0.56706607341766357
0539_01,4,0.97544491291046143,0.97307425737380981,0.97002089023590077,0.96126991510391235
0539_02,4,0.99722385406494141,0.99669623374938965,0.99629157781600963,0.99765753746032715
0539_03,4,0.98006176948547363,0.98368948698043823,0.98444306850433361,0.98529118299484242
0539_04,4,0.99119508266448964,0.98736262321472157,0.98971545696258545,0.99462014436721802
0539_05,4,0.0053150928579269998,0.0027647821698337,0.0019526195246725999,0.00062313844682639996
0540_01,1,0.985645592212677,0.98529887199401855,0.98475426435470581,0.98922395706176758
0540_02,1,0.097697004675865104,0.1057063937187194,0.088589467108249595,0.090383164584636605
0542_01,2,0.094212390482425606,0.061818927526473999,0.086381733417510903,0.0265819951891899
0545_01,3,0.1040996834635734,0.070651076734065996,0.1151294559240341,0.094728097319602897
0546_01,3,0.36250719428062439,0.38716435432434082,0.36542129516601562,0.36603212356567377
0547_01,3,0.4673607349395752,0.41778445243835449,0.41371804475784302,0.376708984375
0548_01,3,0.61889582872390747,0.62505924701690674,0.62795013189315796,0.602783203125
0549_01,1,0.15218150615692139,0.16267092525959009,0.14451071619987479,0.12869325280189511
0549_02,1,0.98975801467895519,0.98915261030197144,0.98903179168701161,0.99141722917556763
0550_01,1,0.1795178353786468,0.2046770453453064,0.42524528503417969,0.52241003513336182
0551_01,2,0.099358327686786596,0.1051765084266662,0.10529240965843201,0.1117095649242401
0552_01,3,0.99916070699691761,0.99843084812164318,0.99881482124328602,0.99970561265945435
0553_01,3,0.96714824438095082,0.96105676889419556,0.96847802400589,0.9596719741821288
0553_02,3,0.97798562049865723,0.97291123867034923,0.97477728128433239,0.98110312223434437
0555_01,4,0.99647521972656239,0.99503028392791759,0.99532437324523915,0.99621903896331798
0555_02,4,0.037318266928195898,0.054117921739816603,0.0377552472054958,0.044765025377273497
0556_01,4,0.78720462322235107,0.81704342365264893,0.84164547920227051,0.83994078636169434
0559_01,1,0.36253395676612848,0.3378695547580719,0.34623619914054871,0.35220912098884583
0560_01,4,0.42952269315719599,0.41015678644180298,0.44876435399055481,0.4813809990882873
0560_02,4,0.463922768831253,0.45651596784591669,0.46569293737411499,0.4754029512405395
0560_03,4,0.1146370768547058,0.1211347132921218,0.1169914156198501,0.15478515625
0561_01,4,0.1444702595472335,0.1590426415205001,0.15335541963577271,0.11802758276462549
0563_01,5,0.270152598619461,0.25195318460464478,0.24018947780132291,0.2370172291994094
0564_01,3,0.99518716335296642,0.99521517753601085,0.99468511343002319,0.99774318933486938
0564_02,3,0.96934723854064941,0.96870934963226318,0.96984851360321045,0.97513514757156361
0564_03,3,0.0012041220907120999,0.00056117220083250002,0.00041009276173999999,0.0002416341012576
0565_01,3,0.24725212156772611,0.23843301832675931,0.23520533740520469,0.18521140515804291
0566_01,1,0.55777227878570557,0.64518105983734131,0.56128585338592529,0.6286618709564209
0567_01,3,0.57261395454406738,0.55545437335968018,0.57584106922149658,0.55018317699432373
0568_01,5,0.13985730707645411,0.1723290681838989,0.13543067872524259,0.1224460527300834
0568_02,5,0.99739819765090942,0.99710309505462635,0.99843424558639515,0.99542325735092163
0569_01,1,0.54209780693054199,0.4727166593074798,0.4867590069770813,0.45232576131820679
0570_01,1,0.99924236536026001,0.99960029125213623,0.99935519695281982,0.99954801797866821
0571_01,4,0.99577701091766357,0.99480342864990245,0.99455505609512318,0.99494504928588878
0571_02,4,0.98599594831466675,0.98053932189941395,0.98434817790985119,0.98471677303314198
0571_03,4,0.98716610670089722,0.98014456033706676,0.9840536117553712,0.9872526526451112
0571_04,4,0.98959267139434803,0.98351764678955078,0.98759353160858165,0.98754215240478516
0571_05,4,0.99741631746292125,0.99627524614334118,0.99708211421966564,0.997106432914734
0571_06,4,0.0152953760698437,0.014161352999508299,0.0104901129379868,0.0035557793453334999
0571_07,4,0.99078994989395142,0.98660755157470703,0.98935437202453602,0.99267005920410156
0572_01,2,0.040840081870555801,0.0221125818789005,0.039744429290294599,0.0145843364298343
0573_01,5,0.30726966261863708,0.32837024331092829,0.31105521321296692,0.29907229542732239
0575_01,2,0.98190546035766602,0.98090183734893799,0.98468124866485596,0.98651582002639759
0576_01,5,0.42177900671958918,0.4414417147636413,0.4917516410350799,0.58261650800704956
0577_01,5,0.33625972270965571,0.31579446792602539,0.31421130895614618,0.32161235809326172
0579_01,3,0.53567683696746826,0.54654526710510254,0.5548701286315918,0.500244140625
0579_02,3,0.3212580680847168,0.2932500541210174,0.3323529958724975,0.29513251781463617
0580_01,2,0.46322441101074219,0.498218834400177,0.4756310880184173,0.46478083729743958
0581_01,2,0.18679115176200861,0.1807156503200531,0.17796227335929871,0.1606956720352172
0582_01,4,0.98102670907974243,0.98245221376419078,0.97969961166381836,0.98176425695419323
0583_01,3,0.99473273754119884,0.99499893188476562,0.99516415596008301,0.99772566556930542
0583_02,3,0.99535834789276123,0.99608504772186279,0.99566203355789185,0.9982515573501588
0583_03,3,0.98624628782272339,0.98567819595336925,0.98587447404861439,0.97728031873703003
0585_01,2,0.9782620668411256,0.98352128267288197,0.98309421539306641,0.97951215505599976
0585_02,2,0.99513548612594604,0.99372553825378418,0.99600052833557118,0.99374121427536
0585_03,2,0.1343249827623367,0.12865070998668671,0.12643095850944519,0.1212347894906997
0586_01,1,0.97748202085494995,0.98367220163345337,0.96906089782714844,0.98588120937347401
0587_01,3,0.1594631671905517,0.1343891024589538,0.12838354706764221,0.059078700840473099
0588_01,4,0.6062806248664856,0.55634576082229614,0.58325272798538208,0.535888671875
0589_01,3,0.18247134983539581,0.16578415036201469,0.17052862048149109,0.11564153432846069
0590_01,3,0.048566129058599403,0.0212017018347978,0.027104573324322701,0.0059043066576123003
0591_01,2,0.57141119241714478,0.57822871208190918,0.57160389423370361,0.58527755737304688
0593_01,3,0.066689848899841295,0.053330622613430002,0.052309717983007403,0.0236372295767068
0594_01,2,0.46666312217712402,0.52434062957763672,0.465087890625,0.47345048189163208
0594_02,2,0.063349343836307498,0.036156136542558601,0.047646429389715098,0.025828182697296101
0596_01,2,0.36148852109909058,0.323702722787857,0.36508941650390619,0.25556910037994379
0597_01,1,0.64420402050018311,0.66153883934020996,0.64584839344024658,0.67878758907318115
0597_02,1,0.54937690496444702,0.56516909599304199,0.54594659805297852,0.56591796875
0598_01,3,0.54123109579086304,0.56324684619903564,0.55105185508728027,0.52203816175460815
0599_01,4,0.98949706554412842,0.99006652832031239,0.99229818582534801,0.9895281195640564
0599_02,4,0.98881363868713379,0.98997223377227783,0.99173253774642944,0.98962277173995961
0599_03,4,0.1043211221694946,0.14240005612373349,0.13017407059669489,0.6094893217086792
0599_04,4,0.99061352014541637,0.9929882287979126,0.99164783954620361,0.99360132217407238
0600_01,3,0.99856925010681163,0.9986482262611388,0.99921548366546642,0.9997425675392152
0602_01,5,0.96570277214050282,0.97549927234649658,0.97073286771774281,0.96965301036834717
0602_02,5,0.088983982801437295,0.096781812608241993,0.082050509750843006,0.070312604308128301
0602_03,5,0.98284327983856201,0.98529046773910522,0.98503500223159801,0.98499834537506104
0603_01,3,0.1157779172062873,0.1049580946564674,0.095826625823974595,0.073412925004959106
0607_01,2,8.7409673142246902e-05,7.1974602178670466e-05,7.6771881140302867e-05,4.8068817704916e-05
0607_02,2,0.20844674110412589,0.1302818357944488,0.19702579081058499,0.1014322414994239
0607_03,2,0.1194527000188827,0.063159614801406805,0.095991209149360601,0.060044098645448601
0608_01,2,0.36045777797698969,0.38432857394218439,0.3704448938369751,0.379150390625
0609_01,2,0.14185328781604761,0.13725021481513969,0.14726477861404419,0.15590281784534449
0610_01,4,0.1420470178127288,0.1518412232398986,0.13669079542160029,0.22321175038814539
0611_01,4,0.54345762729644775,0.55256617069244385,0.54270827770233154,0.5712890625
0612_01,3,0.95920717716217041,0.95000159740447998,0.95929497480392456,0.94860005378723145
0614_01,1,0.1670305728912353,0.15237641334533689,0.1754841804504394,0.14027443528175351
0615_01,1,0.45544415712356567,0.45074337720870972,0.47358503937721252,0.47454202175140381
0615_02,1,0.35740312933921808,0.35402140021324158,0.36879593133926392,0.37646484375
0615_03,1,0.60652363300323486,0.58446872234344482,0.60907083749771118,0.609619140625
0618_01,3,0.60055416822433472,0.74526762962341309,0.81510180234909058,0.95821285247802723
0618_02,3,0.25393310189247131,0.27053910493850708,0.2942021489143371,0.235107421875
0619_01,2,0.99910926818847656,0.99911624193191517,0.99925661087036122,0.99898058176040638
0619_02,2,0.9997265338897704,0.99973201751708984,0.99979740381240845,0.99969375133514404
0623_01,1,0.50586056709289551,0.49620035290718079,0.51288026571273804,0.516357421875
0628_01,3,0.082190230488777105,0.21435116231441489,0.26035472750663757,0.71703755855560303
0629_01,5,0.089250274002552005,0.096122629940509796,0.064319029450416496,0.080881245434284196
0630_01,3,0.98420035839080799,0.98069411516189575,0.98238873481750477,0.97182846069335938
0631_01,5,0.98785328865051281,0.98675620555877686,0.9899454116821288,0.98430365324020397
0633_01,4,0.15253607928752899,0.13256305456161499,0.1372818052768707,0.084360890090465504
0634_01,1,0.2995988130569458,0.30137509107589722,0.29892566800117493,0.22353802621364591
0635_01,1,0.88398134708404541,0.88857477903366089,0.89856982231140137,0.89385849237442017
0635_02,1,0.0686749666929245,0.0708761811256408,0.040785714983940097,0.074387125670909798
0636_01,1,0.1044487655162811,0.096169725060462896,0.098135359585285104,0.090247437357902499
0636_02,1,0.1026688888669014,0.10338744521141049,0.091431349515914903,0.075949311256408594
0637_01,2,0.20145061612129209,0.2471172213554382,0.19383615255355829,0.22578339278697959
0638_01,2,0.99380779266357422,0.99385172128677357,0.99356532096862804,0.99294459819793701
0639_01,5,0.5326385498046875,0.51429831981658936,0.5333704948425293,0.49602866172790527
0641_01,1,0.027441790327429699,0.048502139747142702,0.032275062054395599,0.047929376363754203
0642_01,5,0.99886107444763184,0.99823194742202759,0.99886453151702881,0.99976599216461182
0642_02,5,0.99546527862548839,0.99377954006195079,0.9935908317565918,0.99840897321701039
0642_03,5,0.46794611215591431,0.39182284474372858,0.4100953340530395,0.16866001486778259
0642_04,5,0.99955207109451283,0.99921435117721558,0.99966454505920399,0.99946826696395885
0642_05,5,0.99956899881362915,0.99920648336410522,0.99966806173324585,0.99947887659072876
0643_01,1,0.14854681491851801,0.14914299547672269,0.15251566469669339,0.16821786761283869
0644_01,5,0.95703101158142079,0.96849328279495239,0.96663343906402599,0.97494161128997803
0645_01,1,0.0940587073564529,0.085243992507457705,0.067445136606693198,0.091577246785163796
0646_01,3,0.99937921762466442,0.998984694480896,0.9991382360458374,0.99983084201812744
0647_01,4,0.99622446298599243,0.99704223871231079,0.99606728553771962,0.99755370616912842
0647_02,4,0.99643099308013916,0.99692606925964355,0.99618029594421398,0.99815827608108521
0647_03,4,0.48374617099761957,0.51066380739212036,0.48420792818069458,0.456787109375
0650_01,5,0.56254386901855469,0.59765636920928955,0.57988870143890381,0.60456883907318115
0653_01,5,0.25546330213546747,0.28693112730979919,0.27526324987411499,0.30923247337341309
0655_01,3,0.15056838095188141,0.131063312292099,0.1400501281023025,0.1579757928848266
0656_01,4,0.093888208270072895,0.085328295826911899,0.0793570205569267,0.037050604820251402
0657_01,5,0.62631922960281372,0.60042667388916016,0.63597118854522705,0.66072773933410645
0657_02,5,0.42916503548622131,0.40865427255630488,0.36309576034545898,0.41454622149467468
0658_01,2,0.33711621165275568,0.33029407262802118,0.31347709894180298,0.31787109375
0659_01,4,0.50966000556945801,0.52948057651519775,0.51013147830963135,0.49829059839248657
0660_01,4,0.56044149398803711,0.58408010005950928,0.55948472023010254,0.56285083293914795
0661_01,2,0.1069402992725372,0.066126935184001895,0.097949296236038194,0.069439403712749398
0663_01,1,0.18259246647357941,0.1887453496456146,0.176797941327095,0.15477961301803589
0664_01,2,0.00027707009576259997,0.0001882872747955,0.00022859191813039999,0.0001140403983299
0665_01,2,0.96292793750762939,0.98198628425598145,0.95557934045791637,0.98740792274475098
0665_02,2,0.095044746994972201,0.078118614852428395,0.086467564105987493,0.063163511455058996
0668_01,1,0.091897241771221105,0.11945807188749311,0.1007819473743438,0.0947265625
0669_01,2,0.1621100306510925,0.15817499160766599,0.17128840088844299,0.12959557771682739
0671_01,3,0.59039247035980225,0.57759463787078857,0.58743822574615479,0.58203125
0672_01,4,0.1053127720952034,0.096220329403877203,0.098445966839790303,0.037465333938598598
0674_01,2,0.5436408519744873,0.55397170782089233,0.54612600803375244,0.53875160217285156
0677_01,1,0.52419781684875488,0.526123046875,0.52818536758422852,0.54718422889709473
0678_01,4,0.48988482356071472,0.49145546555519098,0.4859149158000946,0.49041679501533508
0679_01,4,0.12701413035392761,0.14080825448036191,0.15424028038978571,0.1413508206605911
0680_01,4,0.62233340740203857,0.57794278860092163,0.60532301664352417,0.55674886703491211
0680_02,4,0.5159449577331543,0.50108325481414795,0.49820071458816528,0.48577773571014399
0680_03,4,0.53006291389465332,0.53198343515396118,0.51478725671768188,0.50018215179443359
0682_01,3,0.98491096496582042,0.9824141263961792,0.9836154580116272,0.97662264108657837
0683_01,3,0.24393326044082639,0.22679571807384491,0.1818087100982666,0.18120506405830381
0684_01,5,0.85257774591445923,0.83596295118331909,0.88766288757324219,0.87139660120010376
0684_02,5,0.99268943071365356,0.99125850200653076,0.99499636888504039,0.98895454406738281
0684_03,5,0.98322379589080799,0.98555266857147217,0.98648130893707275,0.98699247837066639
0685_01,2,0.3619790375232696,0.3370174765586853,0.3264742493629455,0.31746810674667358
0686_01,1,0.98925685882568359,0.98659491539001465,0.98737573623657238,0.98901361227035522
0686_02,1,0.056796465069055502,0.058673679828643799,0.055391605943441301,0.060223236680030802
0687_01,3,0.0227824207395315,0.014097973704337999,0.013654392212629299,0.0070594651624560001
0688_01,4,0.062834627926349598,0.042719691991806003,0.053200677037238998,0.018923679366707798
0689_01,1,0.99847054481506359,0.99764090776443481,0.99749213457107544,0.99803531169891357
0690_01,3,0.986167311668396,0.98309254646301281,0.98512035608291637,0.98108440637588501
0691_01,4,0.25885802507400513,0.26355153322219849,0.2456189095973968,0.34732604026794428
0691_02,4,0.6045106053352356,0.55957150459289551,0.5858457088470459,0.47308123111724848
0691_03,4,0.53190553188323975,0.51463592052459717,0.54313904047012329,0.496826171875
0693_01,1,0.98545402288436879,0.99061155319213878,0.9838002324104308,0.99375796318054199
0693_02,1,0.2890525758266449,0.31500518321990961,0.29647275805473328,0.1653576642274856
0696_01,3,0.47913706302642822,0.47375369071960449,0.40627270936965942,0.48053443431854248
0697_01,4,0.49485695362091059,0.4416772723197937,0.49961674213409418,0.36572271585464478
0699_01,4,0.99545007944107056,0.99603581428527843,0.99534273147582997,0.99616312980651855
0699_02,4,0.082173377275466905,0.060431670397520003,0.065627023577690097,0.01591700874269
0701_01,5,0.99565207958221436,0.99489784240722656,0.99693459272384644,0.99204742908477783
0702_01,1,0.15237459540367121,0.18780907988548279,0.15195910632610321,0.15018314123153681
0703_01,2,0.52511817216873169,0.5282471776008606,0.5216217041015625,0.54541152715682983
0704_01,2,0.50123608112335205,0.51190155744552612,0.50549381971359253,0.50860798358917236
0705_01,3,0.59482252597808838,0.55258536338806152,0.55481034517288208,0.56379258632659912
0707_01,1,0.5091094970703125,0.49734440445899958,0.52513116598129272,0.5087890625
0709_01,5,0.9687039852142334,0.98370897769927979,0.98388445377349842,0.99700367450714122
0709_02,5,0.96871119737625122,0.98432159423828125,0.97501909732818604,0.98680347204208363
0709_03,5,0.99217402935028076,0.99470514059066761,0.99382269382476796,0.99618864059448242
0710_01,5,0.026441952213644902,0.0212207064032554,0.019456394016742699,0.0122409360483288
0712_01,3,0.045745320618152598,0.033251307904720299,0.026469472795724799,0.0114636151120066
0712_02,3,0.98603349924087524,0.98450487852096558,0.98523974418640137,0.99097096920013439
0713_01,5,0.051974296569824198,0.056811541318893398,0.029552357271313601,0.0466353259980678
0714_01,4,0.59862047433853149,0.58966010808944702,0.5824316143989563,0.52716326713562012
0714_02,4,0.49334681034088129,0.47662532329559321,0.48893928527832031,0.4855339527130127
0714_03,4,0.49919050931930542,0.51061141490936279,0.48904517292976379,0.47290125489234919
0714_04,4,0.64021766185760498,0.62526845932006836,0.6152493953704834,0.58423149585723877
0714_05,4,0.64613962173461914,0.59629791975021362,0.63649487495422363,0.57704514265060425
0714_06,4,0.65279072523117065,0.60972309112548828,0.63331961631774902,0.60683763027191162
0714_07,4,0.68597644567489624,0.63999438285827637,0.67555755376815796,0.6397244930267334
0715_01,5,0.91725051403045643,0.90582120418548584,0.93542170524597157,0.89993160963058472
0718_01,4,0.0871711820363998,0.035439137369394302,0.029434787109494199,0.046027425676584202
0719_01,2,0.17729571461677551,0.18575507402420041,0.16032755374908439,0.2058584988117218
0724_01,4,0.032246708869933999,0.0163655392825603,0.021973542869090999,0.0119758704677224
0726_01,3,0.49812272191047668,0.46447965502738953,0.5064849853515625,0.459228515625
0727_01,3,0.1205651611089706,0.11532037705183019,0.1209439784288406,0.093194015324115698
0728_01,3,0.1093538850545883,0.078994520008563995,0.073829509317874895,0.038640312850475297
0729_01,2,0.63053619861602783,0.62634146213531494,0.58831852674484253,0.57184481620788574
0732_01,4,0.62614351511001587,0.59818547964096069,0.6059613823890686,0.582832932472229
0733_01,1,0.1144550740718841,0.1073226034641265,0.0925964266061782,0.074157044291496194
0734_01,3,0.11343417316675181,0.064427636563777896,0.072477146983146598,0.011733986437320701
0736_01,1,0.24340850114822379,0.21389171481132499,0.25711572170257568,0.2089363634586334
0737_01,2,0.76544493436813354,0.70827031135559082,0.76060742139816284,0.64265501499176025
0738_01,1,0.95290738344192505,0.92242562770843517,0.94773852825164795,0.95514947175979603
0740_01,5,0.0058791278861463001,0.0058402935974298997,0.0032335699070245002,0.00066786538809529995
0740_02,5,0.99621844291687001,0.99707305431365956,0.99690669775009155,0.99678528308868397
0740_03,5,0.22956904768943781,0.2094231843948364,0.2362027019262313,0.18232366442680359
0743_01,1,0.53172653913497925,0.53370356559753418,0.53344589471817017,0.55559468269348145
0746_01,1,0.49685627222061157,0.49168145656585688,0.49752712249755859,0.51373589038848877
0750_01,2,0.14204621315002439,0.1348606795072555,0.12839806079864499,0.1621181368827819
0753_01,3,0.96611016988754284,0.96106868982315063,0.9622957706451416,0.95160233974456798
0753_02,3,0.053933274000883102,0.033464413136243799,0.038588538765907197,0.035082399845123201
0753_03,3,0.99421471357345581,0.99561899900436401,0.99309742450714122,0.99782371520996083
0754_01,3,0.99345266819000244,0.99149632453918457,0.99264359474182118,0.99172908067703236
0756_01,3,0.99916195869445801,0.9991248846054076,0.99882513284683239,0.99976938962936401
0756_02,3,0.0040403711609541997,0.0049274968914687,0.0026012326125055001,0.0019065670203417
0756_03,3,0.99854153394699097,0.99852299690246582,0.99807590246200562,0.99940067529678345
0757_01,2,0.093806207180023193,0.090323314070701599,0.089314311742782496,0.10717779397964471
0761_01,3,0.98771250247955322,0.99007117748260498,0.98690372705459595,0.99632370471954357
0762_01,3,0.56752163171768188,0.56877672672271729,0.57842212915420532,0.57502251863479614
0764_01,2,0.41968598961830139,0.4333160519599914,0.4134940505027771,0.45239931344985962
0765_01,3,0.1174924969673156,0.1179506480693817,0.1164420396089553,0.32869353890419001
0765_02,3,0.13790544867515561,0.1123068407177925,0.11734941601753229,0.080397769808769198
0767_01,5,0.28063955903053278,0.27649271488189697,0.23436731100082389,0.30078125
0768_01,5,0.0018259137868881,0.00081434217281630002,0.00094145722687240003,0.00014457992801900001
0768_02,5,0.9687793254852296,0.98082292079925537,0.97107452154159557,0.98053312301635742
0769_01,5,0.9995499849319458,0.99886268377304077,0.99962127208709717,0.9989268183708192
0770_01,4,0.51974618434906006,0.53648841381072998,0.53339838981628418,0.541259765625
0770_02,4,0.42464533448219299,0.39434254169464111,0.43446633219718928,0.3353712260723114
0770_03,4,0.37898609042167658,0.39234200119972229,0.3947581946849823,0.40910467505455012
0770_04,4,0.51846200227737427,0.52851879596710205,0.50500357151031494,0.47894147038459778
0770_05,4,0.57803797721862793,0.54625272750854492,0.5938529372215271,0.56214892864227295
0770_06,4,0.55059760808944702,0.54675328731536865,0.53446638584136963,0.520751953125
0771_01,4,0.49243137240409851,0.51658576726913452,0.48867660760879511,0.489990234375
0772_01,4,0.00057841581292450005,0.00070787232834840003,0.0002861656539607,0.00022410268138619999
0772_02,4,0.99313700199127197,0.99274754524230957,0.99450564384460438,0.99551743268966675
0772_03,4,0.60107982158660889,0.62017250061035156,0.6194455623626709,0.67643439769744873
0772_04,4,0.95413082838058483,0.96022260189056396,0.95087963342666637,0.93718230724334717
0773_01,4,0.1475705802440643,0.18654870986938471,0.1936754435300827,0.129638671875
0776_01,4,0.67197847366333008,0.67006456851959229,0.70089375972747803,0.79364514350891113
0777_01,2,0.44338604807853699,0.35971787571907038,0.4613037109375,0.34294560551643372
0779_01,5,0.1632273942232132,0.16406616568565369,0.15183906257152549,0.2037647664546966
0781_01,2,0.095167659223079598,0.066030710935592596,0.095856994390487602,0.058679588139057097
0782_01,4,0.98212420940399159,0.98516935110092163,0.98384642601013184,0.98538923263549805
0784_01,5,0.99939042329788197,0.99894297122955322,0.99956822395324718,0.99932831525802601
0785_01,5,0.124510645866394,0.12169730663299561,0.089615792036056505,0.097938694059848702
0786_01,4,0.53018534183502197,0.5197150707244873,0.5146021842956543,0.52863037586212158
0787_01,2,0.49299603700637817,0.48814359307289118,0.50666642189025879,0.45501250028610229
0788_01,2,0.1468629837036132,0.1571627855300903,0.1476313918828964,0.1264214962720871
0789_01,2,0.037096790969371699,0.025838276371359801,0.0375576764345169,0.018532212823629299
0789_02,2,0.0145375356078147,0.0049696993082761001,0.011899086646735601,0.0031151031143962999
0789_03,2,0.9411187767982484,0.93539625406265259,0.94469517469406117,0.9317244291305542
0790_01,2,0.59425622224807739,0.60016274452209473,0.59902071952819824,0.59699559211730957
0791_01,5,0.59586131572723389,0.60046422481536865,0.58395791053771973,0.57916891574859619
0793_01,1,0.086816489696502602,0.084564536809921195,0.059380963444709702,0.056430365890264497
0794_01,5,0.97400271892547596,0.97903585433959961,0.97816097736358643,0.98061192035675038
0794_02,5,0.99588769674301159,0.99476873874664318,0.99531698226928722,0.99415218830108643
0795_01,5,0.0911714062094688,0.0816936939954757,0.093189865350723197,0.059841148555278702
0796_01,3,0.99685299396514881,0.99711412191391002,0.99672949314117443,0.9990518093109132
0797_01,4,0.13242617249488831,0.1110153645277023,0.129280686378479,0.071694582700729301
0798_01,2,0.98233950138092041,0.98467338085174561,0.98352503776550282,0.97854530811309803
0799_01,4,0.31449216604232788,0.32495254278182978,0.29083609580993652,0.30516701936721802
0802_01,1,0.98935520648956299,0.98804646730422963,0.98749709129333496,0.99413049221038818
0805_01,1,0.99385458230972279,0.99290925264358521,0.99250483512878418,0.99646240472793579
0806_01,2,0.095368228852748801,0.098442785441875402,0.086750119924545205,0.099797204136848394
0806_02,2,0.48767420649528498,0.51849514245986938,0.48516827821731567,0.55419921875
0808_01,5,0.41854321956634521,0.41990476846694941,0.40759474039077759,0.49749422073364258
0809_01,5,0.98862087726593018,0.98868352174758922,0.99199008941650402,0.98819160461425781
0809_02,5,0.079676732420921298,0.083088025450706399,0.054218050092458697,0.067268826067447607
0809_03,5,0.074419774115085602,0.070652946829795796,0.049374651163816403,0.063506104052066803
0809_04,5,0.99668443202972401,0.99525779485702515,0.9978547692298888,0.99416881799697876
0811_01,2,0.066152021288871696,0.0322754867374897,0.0564974658191204,0.032381355762481599
0811_02,2,0.99656957387924205,0.9955521821975708,0.99747246503829956,0.9969353675842284
0811_03,2,0.99597102403640758,0.99386966228485119,0.99642539024353038,0.99529671669006359
0813_01,5,0.97794294357299805,0.98105454444885243,0.98122215270996083,0.98198604583740245
0815_01,5,0.56256437301635742,0.50882154703140259,0.51753079891204834,0.6704598069190979
0816_01,2,0.0021846115123479999,0.0010482335928826999,0.0014654579572378999,0.00062724674353370003
0817_01,4,0.51515281200408936,0.52160501480102539,0.51324331760406494,0.52490234375
0818_01,2,0.97125655412673961,0.97798919677734375,0.97310101985931396,0.97234576940536499
0819_01,5,0.53839230537414551,0.54690754413604736,0.52928376197814941,0.54742968082427979
0820_01,4,0.55034148693084717,0.55352580547332764,0.59199273586273193,0.5341796875
0820_02,4,0.1172010228037834,0.1373866200447082,0.1247357130050659,0.1558106392621994
0822_01,3,0.35933497548103333,0.4192497730255127,0.46574079990386957,0.79562669992446899
0823_01,3,0.62060123682022095,0.59791803359985352,0.62495428323745728,0.58708596229553223
0823_02,3,0.67986887693405151,0.69685989618301392,0.69633662700653076,0.72006046772003174
0824_01,3,0.098146311938762595,0.069697082042693995,0.069164872169494601,0.034496933221817003
0825_01,5,0.62460696697235107,0.6182861328125,0.62103152275085449,0.67049229145050049
0826_01,4,0.44865396618843079,0.41663175821304321,0.42854508757591248,0.3876953125
0828_01,1,0.13100267946720121,0.11539182066917419,0.10052492469549169,0.079897627234458896
0828_02,1,0.1626965105533599,0.15908384323120109,0.1634594202041626,0.12383263558149329
0829_01,4,0.94336098432540882,0.94259834289550781,0.94912010431289684,0.97311538457870483
0830_01,5,0.11362069845199579,0.2174007892608642,0.40921062231063843,0.54819631576538086
0833_01,4,0.9921286702156068,0.98837000131607056,0.98988336324691761,0.98972177505493164
0834_01,5,0.0905356556177139,0.094306789338588701,0.061973251402377999,0.056788407266139901
0835_01,3,0.1096603497862815,0.090575441718101501,0.12726894021034241,0.14008134603500361
0836_01,1,0.28455749154090881,0.28653687238693237,0.29501470923423762,0.2669108510017395
0839_01,5,0.0028076879680156001,0.0015014751115812999,0.0025697955861687001,8.1949379818979651e-05
0840_01,1,0.26277181506156921,0.2223264873027801,0.26070126891136169,0.13041360676288599
0845_01,5,0.12718197703361511,0.11262926459312431,0.161521315574646,0.1682539880275726
0846_01,4,0.55913364887237549,0.56276142597198486,0.56024253368377686,0.57404607534408569
0848_01,4,0.96510070562362682,0.96870326995849598,0.96044975519180298,0.96086955070495605
0848_02,4,0.99155890941619884,0.9915415644645692,0.99221205711364757,0.99326640367507923
0849_01,1,0.95422434806823719,0.95193344354629517,0.93285059928894043,0.96259474754333496
0849_02,1,0.99941247701644897,0.99932098388671875,0.99920588731765758,0.99933582544326782
0850_01,5,0.52310121059417725,0.51446890830993652,0.52773034572601318,0.51056134700775146
0851_01,5,0.2957204282283783,0.2811839878559112,0.27598610520362848,0.31559428572654719
0853_01,5,0.91188740730285645,0.9612281322479248,0.93168473243713379,0.97485882043838501
0859_01,3,0.49655085802078242,0.53567385673522949,0.5080711841583252,0.5026237964630127
0860_01,1,0.14325734972953791,0.1256033331155777,0.084108188748359597,0.10559631139039991
0863_01,3,0.49424654245376581,0.52385175228118896,0.50706773996353149,0.5126953125
0863_02,3,0.43485838174819941,0.50306129455566406,0.46128425002098078,0.4441608190536499
0863_03,3,0.50541865825653076,0.52216154336929321,0.52227860689163208,0.52117586135864258
0865_01,4,0.99962025880813599,0.99963659048080444,0.99965012073516835,0.99971443414688121
0865_02,4,0.9998289942741394,0.99981027841568004,0.9998551607131958,0.99989765882492077
0867_01,3,0.5557282567024231,0.56143414974212646,0.50474786758422852,0.554443359375
0868_01,4,0.49378848075866699,0.5158536434173584,0.48443546891212458,0.49255877733230591
0869_01,1,0.23999741673469541,0.23608291149139399,0.24720704555511469,0.18569484353065491
0870_01,5,0.2622664868831634,0.28249132633209229,0.21917568147182459,0.24171286821365351
0871_01,2,0.97697198390960682,0.98343169689178478,0.98119127750396717,0.98749977350234996
0873_01,5,0.0074629755690692997,0.0041888533160090004,0.0070867189206182003,0.0018858925905077999
0874_01,2,0.63920110464096069,0.63919663429260254,0.65181428194046021,0.67976540327072144
0875_01,3,0.36975106596946711,0.40173283219337458,0.38968962430953979,0.385986328125
0876_01,4,0.54455524682998657,0.52358955144882202,0.54689145088195801,0.55695170164108276
0877_01,2,0.99559950828552235,0.99677377939224243,0.99536806344985962,0.99492627382278442
0878_01,3,0.14307196438312531,0.1531340479850769,0.12572489678859711,0.13422620296478269
0879_01,2,0.13647438585758209,0.14681656658649439,0.1367124617099762,0.2415075004100799
0881_01,2,0.064094342291355105,0.035220615565776797,0.062385194003582001,0.019738541916012702
0883_01,4,0.11568240076303481,0.13927081227302551,0.17927072942256919,0.10207764804363249
0885_01,1,0.47649797797203058,0.4830342829227447,0.4823443591594696,0.51025390625
0885_02,1,0.59462088346481323,0.60068213939666748,0.60196644067764282,0.62409913539886475
0889_01,5,0.56402575969696045,0.56628048419952393,0.59956496953964233,0.4326171875
0889_02,5,0.99968892335891724,0.99953526258468639,0.99983388185501099,0.99973750114440918
0890_01,1,0.1583085805177688,0.15447153151035309,0.14554186165332789,0.1111653298139572
0893_01,3,0.6643059253692627,0.64404213428497314,0.65199816226959229,0.65193772315979004
0898_01,4,0.5062556266784668,0.53421521186828613,0.50309646129608154,0.50439560413360596
0899_01,4,0.45213174819946289,0.39049983024597168,0.46188062429428101,0.343505859375
0899_02,4,0.52496886253356934,0.52534091472625732,0.52124017477035522,0.48400801420211792
0901_01,1,0.88961666822433472,0.88729453086853027,0.89305663108825684,0.92689955234527599
0902_01,5,0.15713797509670249,0.17087346315383911,0.16467574238777161,0.27183100581169128
0903_01,4,0.62705618143081665,0.65557652711868286,0.62996172904968262,0.66878116130828857
0904_01,2,0.2399206459522247,0.16412602365016929,0.25971460342407221,0.18452766537666321
0905_01,3,0.1901250332593917,0.30075123906135559,0.20434693992137909,0.31215408444404602
0906_01,5,0.55427676439285278,0.52489185333251953,0.52399390935897827,0.45902881026268
0907_01,1,0.00030442475690500002,8.9046392531599849e-05,0.00014403110253619999,4.6191424189601087e-05
0907_02,1,0.33605477213859558,0.26764687895774841,0.34534859657287598,0.2487911581993103
0910_01,1,0.49499514698982239,0.49203482270240778,0.4911038875579834,0.5126953125
0911_01,1,0.070881679654121399,0.0924525186419487,0.0738021284341812,0.13506348431110379
0911_02,1,0.1731815487146377,0.1816760301589965,0.20590054988861081,0.1962890625
0912_01,2,0.99862647056579601,0.99888139963150024,0.99901729822158802,0.99872523546218883
0913_01,4,0.00083697563968589996,0.00087566755246370001,0.00039978107088239998,0.00021534280676859999
0915_01,1,0.094384878873825004,0.0927585959434509,0.082770079374313299,0.14735685288906089
0918_01,2,0.070100069046020494,0.057169053703546503,0.073702774941921206,0.050304807722568498
0919_01,5,0.1233936175704002,0.1402034908533096,0.13780027627944941,0.1519955098628997
0921_01,3,0.55883771181106567,0.57413089275360107,0.5708543062210083,0.572998046875
0922_01,1,0.98998385667800903,0.99049335718154918,0.98800116777420044,0.99147021770477295
0922_02,1,0.18447262048721311,0.15479542315006251,0.16891825199127189,0.21425697207450861
0923_01,3,0.99081689119339,0.99331444501876842,0.99606895446777344,0.99288392066955555
0923_02,3,0.99858462810516357,0.99859905242919922,0.99826627969741821,0.99936240911483765
0924_01,5,0.59150773286819458,0.48503628373146052,0.5462261438369751,0.534912109375
0925_01,5,0.55398786067962646,0.53981536626815796,0.51634800434112549,0.40836620330810541
0925_02,5,0.99235951900482178,0.98931890726089478,0.99421924352645885,0.98639208078384399
0925_03,5,0.98638659715652477,0.98603522777557362,0.98794031143188477,0.98635786771774281
0926_01,1,0.99955135583877563,0.99964034557342518,0.99962079524993896,0.99984073638916016
0926_02,1,0.060000173747539499,0.056259941309690399,0.053651053458452197,0.027483996003866099
0927_01,4,0.3917661309242248,0.37608477473258972,0.43294975161552429,0.41162109375
0928_01,5,0.60060310363769531,0.60434383153915405,0.59596538543701172,0.57753360271453857
0930_01,2,0.099114865064620902,0.085203364491462694,0.093091294169425895,0.13430008292198181
0930_02,2,0.70235335826873779,0.70648181438446045,0.69317632913589478,0.676025390625
0931_01,3,0.12694066762924189,0.13151994347572321,0.18778571486473081,0.20418272912502289
0932_01,2,0.88111567497253418,0.87811839580535889,0.88445329666137695,0.88712424039840698
0933_01,4,0.93292582035064697,0.95862323045730602,0.95166897773742676,0.9646451473236084
0933_02,4,0.024648759514093399,0.020926579833030701,0.016045041382312698,0.0070346384309232001
0935_01,4,0.1090021133422851,0.1217103600502014,0.1121613830327987,0.085960358381271307
0938_01,4,0.1251440346240997,0.109960027039051,0.1211619526147842,0.041858896613120998
0938_02,4,0.64745241403579712,0.94344115257263184,0.88946378231048584,0.97303330898284923
0938_03,4,0.51969867944717407,0.48728829622268671,0.54575008153915405,0.51208978891372681
0939_01,1,0.72286295890808105,0.75629580020904541,0.71224558353424072,0.7692376971244812
0940_01,1,0.26834234595298762,0.25953221321105951,0.24132248759269709,0.261474609375
0941_01,1,0.096794523298740304,0.1094892844557762,0.10254566371440881,0.092718064785003607
0942_01,5,0.28279110789299011,0.28144893050193781,0.27036368846893311,0.337890625
0944_01,5,0.19068560004234311,0.18415659666061401,0.1337725222110748,0.1354452967643737
0944_02,5,0.57171589136123657,0.54446732997894287,0.57288455963134766,0.54547393321990967
0946_01,4,0.11026355624198909,0.10306127369403829,0.1097476184368133,0.15523669123649589
0947_01,3,0.2661074697971344,0.15643608570098869,0.23844575881957999,0.18793484568595881
0949_01,3,0.75586795806884766,0.68151581287384033,0.73735737800598145,0.7162213921546936
0951_01,2,0.54422289133071899,0.55600345134735107,0.54512196779251099,0.5419921875
0952_01,4,0.2193011790513992,0.22339007258415219,0.2036384642124176,0.1715862154960632
0953_01,1,0.1270074844360351,0.13514965772628779,0.1206219419836998,0.087143659591674805
0955_01,1,0.58851301670074463,0.58810752630233765,0.58916342258453369,0.627685546875
0956_01,4,0.73033660650253296,0.97380101680755615,0.97035878896713257,0.98166728019714355
0957_01,4,0.97914296388626099,0.97884005308151245,0.97750276327133179,0.97623074054718018
0960_01,3,0.064651861786842305,0.028060071170329999,0.026187784969806598,0.0112647023051977
0961_01,3,0.62119764089584351,0.55246055126190186,0.59144842624664307,0.60846221446990967
0964_01,4,0.98182201385498036,0.98206472396850597,0.97974669933319081,0.98233878612518322
0964_02,4,0.98914510011672963,0.9888976812362672,0.98773211240768444,0.99077188968658436
0965_01,5,0.10753016173839559,0.1105069294571876,0.076649993658065796,0.10641861706972119
0966_01,1,0.1090429723262786,0.10841149836778639,0.099413707852363503,0.095938153564929907
0968_01,4,0.072142980992793995,0.044409796595573398,0.033629518002271597,0.041562646627426099
0969_01,4,0.98214888572692882,0.98149418830871582,0.97998529672622681,0.98542320728302002
0970_01,3,0.49897760152816772,0.489944577217102,0.51178073883056641,0.4734538197517395
0971_01,2,0.4999995231628418,0.52119487524032593,0.51687687635421753,0.501953125
0972_01,5,0.1357525289058685,0.17607720196247101,0.1051792129874229,0.086863979697227395
0975_01,1,0.80164486169815063,0.75820463895797729,0.77938473224639893,0.7529183030128479
0976_01,2,0.51623523235321045,0.51930296421051025,0.51306283473968506,0.527587890625
0978_01,5,0.20063658058643341,0.16500402987003321,0.16385143995285029,0.16455076634883881
0979_01,2,0.97887516021728516,0.98732244968414318,0.97985303401947021,0.98570442199707042
0982_01,5,0.62269860506057739,0.63223695755004883,0.63146883249282837,0.62751889228820801
0982_02,5,0.28886803984642029,0.2751206755638122,0.25151225924491882,0.284423828125
0983_01,3,0.62025773525238037,0.597412109375,0.62119650840759277,0.62905985116958618
0984_01,4,0.1058553755283355,0.083536066114902496,0.075288169085979406,0.046717971563339199
0984_02,4,0.59877520799636841,0.57532459497451782,0.59617060422897339,0.577880859375
0984_03,4,0.1707741767168045,0.18715465068817139,0.1863236725330352,0.1156957894563674
0984_04,4,0.47527864575386047,0.49531754851341248,0.48466718196868891,0.45880329608917231
0984_05,4,0.13979619741439819,0.1324345171451568,0.145921990275383,0.1261655986309051
0984_06,4,0.5044395923614502,0.50827556848526001,0.52378833293914795,0.50048828125
0984_07,4,0.58455246686935425,0.56815099716186523,0.5939936637878418,0.53404933214187622
0984_08,4,0.51022452116012573,0.53448444604873657,0.532623291015625,0.52551889419555664
0985_01,4,0.70143163204193115,0.98147726058959961,0.96095538139343262,0.95805329084396362
0987_01,5,0.096556805074214894,0.091052114963531494,0.081507958471774999,0.048908546566963099
0988_01,3,0.64078789949417114,0.6793593168258667,0.70346730947494507,0.69255185127258301
0988_02,3,0.19061397016048429,0.1148644238710403,0.1183480769395828,0.10256686806678771
0989_01,4,0.49749660491943359,0.47104242444038391,0.49845731258392328,0.5263671875
0990_01,3,0.29811418056488032,0.24846827983856201,0.25591248273849487,0.2445332705974578
0991_01,4,0.49674883484840388,0.52583348751068115,0.50546234846115112,0.49225103855133051
0992_01,3,0.75532764196395874,0.77126115560531616,0.74537360668182373,0.77490466833114624
0992_02,3,0.00019925757078450001,0.00016799279546830001,0.0001156240541604,6.4726424170657992e-05
0992_03,3,0.52668726444244385,0.51300203800201416,0.54312223196029663,0.51446735858917236
0992_04,3,0.0096112452447413999,0.0095168650150299003,0.0066722794435918002,0.0092640286311507
0992_05,3,0.99713528156280518,0.99246770143508922,0.99640572071075439,0.99769073724746704
0992_06,3,0.0084083266556261999,0.0071608214639127003,0.0058788242749868999,0.0031738148536533
0993_01,2,0.124512180685997,0.1227305606007576,0.111986257135868,0.15619727969169611
0994_01,2,0.496917724609375,0.5159907341003418,0.50094914436340332,0.49664747714996338
0994_02,2,0.1278406083583831,0.11365056037902831,0.11749179661273949,0.070558257400989505
0995_01,1,0.99360746145248402,0.99173402786254883,0.9912724494934082,0.99238812923431396
0997_01,3,0.19781430065631861,0.21984505653381339,0.26867592334747309,0.35954844951629639
0998_01,1,0.99870401620864879,0.99915164709091198,0.99869322776794445,0.99903303384780884
1000_01,5,0.18237408995628351,0.18851761519908899,0.15964117646217341,0.1654522567987442
1001_01,1,0.51942539215087891,0.52627557516098022,0.52612286806106567,0.55133926868438721
1002_01,4,0.99677789211273204,0.99670183658599842,0.99740731716155995,0.99802780151367199
1002_02,4,0.1152339354157447,0.1174800544977188,0.11134146153926849,0.075571432709693895
1002_03,4,0.99757432937622081,0.99746447801589955,0.99723303318023682,0.99772650003433239
1004_01,2,0.95556342601776123,0.9537319540977478,0.96239048242568959,0.94130581617355358
1005_01,1,0.095940679311752305,0.080497384071350098,0.12628218531608579,0.059066586196422501
1006_01,2,0.083762936294078799,0.042254526168107903,0.047515951097011497,0.015335782431066
1006_02,2,0.67464667558670044,0.68950110673904419,0.70334768295288086,0.6656184196472168
1006_03,2,0.3936583399772644,0.44983500242233271,0.40266692638397211,0.37914073467254639
1008_01,3,0.99944603443145763,0.99915057420730602,0.99933141469955444,0.99986672401428223
1008_02,3,0.99907749891281117,0.99844330549240123,0.99870824813842762,0.99953734874725342
1011_01,5,0.094042405486106803,0.1129627972841262,0.089849889278411796,0.12969228625297541
1011_02,5,0.59402936697006226,0.60111749172210693,0.60129368305206299,0.62727534770965576
1012_01,4,0.51484841108322144,0.50211977958679199,0.50276267528533936,0.479248046875
1013_01,5,0.51051318645477295,0.51417553424835205,0.51512062549591064,0.52001953125
1014_01,4,0.98290079832077037,0.98219764232635498,0.98045802116394043,0.97528088092803955
1015_01,2,0.17591767013072959,0.17029938101768491,0.18491080403327939,0.13291832804679871
1017_01,5,0.095762185752391801,0.091208994388580295,0.091489054262637995,0.079068958759307806
1018_01,1,0.52523994445800781,0.52823054790496826,0.51060575246810913,0.53351128101348877
1019_01,4,0.79940152168273926,0.80341768264770508,0.84687203168869019,0.87284284830093384
1020_01,5,0.96976512670516957,0.97640675306320202,0.97387152910232544,0.9760814905166626
1022_01,5,0.083236604928970295,0.088778316974639795,0.088091626763343797,0.059601996093988398
1024_01,1,0.1033113375306129,0.1310757100582122,0.1305921524763107,0.32307690382003779
1024_02,1,0.60129588842391968,0.55851441621780396,0.60212546586990356,0.58088177442550659
1024_03,1,0.0876460745930671,0.097588673233985901,0.081999368965625694,0.092226579785346902
1024_04,1,0.77006411552429199,0.8189551830291748,0.77431714534759521,0.82588052749633789
1025_01,1,0.1557113826274871,0.16067919135093689,0.16630914807319641,0.14038455486297599
1026_01,3,0.50428736209869385,0.51988339424133301,0.50750720500946045,0.48406818509101868
1027_01,4,0.9808065891265868,0.98290735483169556,0.9837573766708374,0.98476558923721325
1027_02,4,0.099832169711589799,0.10232158750295629,0.1025930345058441,0.054183878004550899
1027_03,4,0.1127601712942123,0.13932961225509641,0.11214274168014519,0.070616237819194794
1027_04,4,0.99422973394393921,0.99359512329101562,0.99548733234405518,0.99434554576873779
1029_01,1,0.98723256587982178,0.98119759559631359,0.98301804065704357,0.984363853931427
1030_01,1,0.15135118365287781,0.14187824726104731,0.2004874050617218,0.19896960258483881
1031_01,3,0.1132083013653755,0.080220006406307207,0.078205496072769096,0.073084764182567596
1032_01,3,0.6116330623626709,0.60327893495559692,0.60451692342758179,0.59221345186233521
1033_01,3,0.51165741682052612,0.50578105449676514,0.51849532127380371,0.50543314218521118
1034_01,4,0.097390085458755493,0.096202917397022206,0.091022707521915394,0.0272253509610891
1035_01,5,0.68731939792633057,0.70256304740905762,0.64154022932052612,0.72001862525939941
1036_01,2,0.58186465501785278,0.59003812074661255,0.58417809009552002,0.58391487598419189
1038_01,2,0.1642685532569885,0.12652504444122309,0.16895724833011619,0.092856526374816895
1040_01,2,0.1472622007131576,0.1213694736361503,0.14428046345710749,0.1097266972064971
1041_01,5,0.96691733598709118,0.97830617427825917,0.97123706340789795,0.98193305730819702
1043_01,1,0.25691920518875122,0.28844121098518372,0.2698492705821991,0.23646554350852961
1045_01,2,0.29555484652519221,0.57466298341751099,0.30328831076622009,0.51203280687332153
1045_02,2,8.8668588432483375e-05,7.4313735240139067e-05,7.9654600995127112e-05,5.6680713896639645e-05
1046_01,1,0.095503494143485995,0.090272925794124603,0.10424014925956721,0.078199058771133395
1047_01,4,0.52467489242553711,0.53021806478500366,0.52884072065353394,0.538330078125
1048_01,1,0.6598326563835144,0.55181741714477539,0.61924266815185547,0.47576332092285151
1049_01,1,0.99408626556396484,0.99303817749023438,0.99348998069763184,0.99408000707626343
1049_02,1,0.9872136116027832,0.98266345262527477,0.98342674970626842,0.98565566539764404
1051_01,5,0.24253980815410611,0.26351615786552429,0.20852439105510709,0.276123046875
1052_01,1,0.1573870778083801,0.1632550358772277,0.15425190329551691,0.13866853713989249
1053_01,3,0.13101735711097709,0.12261366099119179,0.1136120706796646,0.088734284043312003
1054_01,3,0.35132023692131042,0.3164646327495575,0.36397403478622431,0.265716552734375
1056_01,5,0.89907652139663696,0.90863913297653198,0.91791963577270519,0.91536688804626465
1056_02,5,0.99292969703674316,0.99131029844284058,0.99335169792175282,0.99132263660430919
1057_01,3,0.99482458829879761,0.99182134866714478,0.99429178237915039,0.99247705936431885
1058_01,3,0.1150309890508651,0.13200059533119199,0.1186897531151771,0.26079022884368891
1060_01,5,0.0879694819450378,0.082908578217029502,0.056515276432037298,0.063622787594795199
1062_01,3,0.38619416952133179,0.38574361801147461,0.35734564065933228,0.28515625
1063_01,2,0.2065676748752594,0.18583002686500549,0.2125495970249176,0.16923561692237851
1063_02,2,0.99202150106430043,0.99288249015808105,0.99254804849624645,0.99309229850769043
1065_01,4,0.99540889263153076,0.99254286289215077,0.99389064311981201,0.99335110187530518
1066_01,2,0.97365838289260864,0.97780299186706543,0.97772240638732921,0.97324061393737804
1068_01,3,0.56375521421432495,0.55987554788589478,0.5724145770072937,0.57666015625
1071_01,5,0.43989157676696777,0.38679283857345581,0.42806440591812128,0.327392578125
1075_01,3,0.99913227558135997,0.99921357631683361,0.99899095296859741,0.99971377849578857
1075_02,3,0.998726487159729,0.998815417289734,0.99831390380859375,0.9993862509727478
1076_01,2,0.49478217959403992,0.50781172513961792,0.49908405542373657,0.48846399784088129
1077_01,5,0.097465306520461994,0.1022695302963256,0.067993879318237305,0.077126741409301702
1078_01,2,0.61859983205795288,0.56715846061706543,0.5222245454788208,0.39891073107719421
1079_01,4,0.1338973343372345,0.11933856457471841,0.1167205348610878,0.0823040455579757
1080_01,4,0.44064030051231379,0.46710634231567377,0.44932606816291809,0.47168383002281189
1082_01,3,0.0922814235091209,0.16565029323101041,0.1695078164339065,0.36678978800773621
1083_01,5,0.9830162525177002,0.98549324274063121,0.98626613616943359,0.98303353786468517
1083_02,5,0.98709917068481445,0.98873972892761242,0.9879598617553712,0.9883301854133606
1083_03,5,0.053115218877792303,0.0667584538459777,0.050530057400464998,0.066706106066703796
1084_01,2,0.1176086887717247,0.099344223737716605,0.1023824363946914,0.069467127323150593
1085_01,1,0.37321585416793818,0.3603480458259582,0.37133976817131042,0.33895179629325861
1086_01,3,0.53290063142776489,0.52775382995605469,0.55075544118881226,0.52130305767059326
1086_02,3,0.46252235770225519,0.48147416114807129,0.48515096306800842,0.4629566073417663
1086_03,3,0.51881587505340576,0.53810274600982666,0.54165816307067871,0.526123046875
1086_04,3,0.75178563594818115,0.79980826377868652,0.81094086170196533,0.8814239501953125
1086_05,3,0.46582016348838801,0.4691440761089325,0.49208194017410278,0.47869575023651117
1088_01,5,0.55434715747833252,0.564872145652771,0.55522024631500244,0.57861328125
1089_01,2,0.9753461480140686,0.96704137325286876,0.97640532255172718,0.98329687118530285
1089_02,2,0.1219548657536506,0.15748864412307739,0.1223400980234146,0.1719778627157211
1091_01,5,0.97192370891571045,0.97577112913131725,0.97458535432815563,0.97589707374572765
1093_01,3,0.1204500421881675,0.27935248613357538,0.23163785040378571,0.46110403537750239
1094_01,2,0.117622822523117,0.1093088388442993,0.1138313114643096,0.1044017076492309
1095_01,3,0.97830879688262939,0.98032903671264637,0.97445595264434803,0.98242968320846558
1096_01,5,0.0701182931661605,0.072160147130489294,0.040826704353094101,0.047627814114093697
1097_01,3,0.59866422414779663,0.64076626300811768,0.58516114950180054,0.59560441970825195
1099_01,2,0.72106361389160156,0.61676251888275146,0.69676554203033447,0.54834562540054321
1100_01,3,0.21213307976722709,0.23161900043487549,0.19316902756690979,0.12535484135150909
1100_02,3,0.98634326457977295,0.9868001937866212,0.98839265108108521,0.9913778305053712
1100_03,3,0.0226257722824811,0.0146452896296978,0.0148388603702187,0.0049606808461247999
1100_04,3,0.053425688296556403,0.0478952676057815,0.048795104026794399,0.064924225211143494
1102_01,4,0.1033462285995483,0.10657265782356259,0.098383449018001501,0.1360958516597747
1105_01,4,0.1191680431365966,0.1089408472180366,0.1050566285848617,0.076509207487106295
1108_01,2,0.1278550922870636,0.15115088224411011,0.12940652668476099,0.18410937488079071
1108_02,2,0.99413853883743275,0.99293261766433716,0.99486863613128662,0.99406683444976796
1110_01,5,0.0010851336410269,0.00091979728313159996,0.00038837001193309999,5.6919005146482959e-05
1110_02,5,0.99986964464187622,0.99960356950759877,0.99991726875305176,0.99991929531097401
1112_01,1,0.99898999929428101,0.99942183494567882,0.99931192398071278,0.99952197074890137
1113_01,4,0.3708601295948028,0.88838189840316772,0.86090946197509766,0.92552268505096436
1114_01,1,0.076435476541519096,0.061422858387231799,0.057955883443355498,0.057211369276046697
1114_02,1,0.10569263994693751,0.12638397514820099,0.1186940371990203,0.1204177662730217
1115_01,4,0.49055668711662292,0.52853327989578247,0.4867398738861084,0.50237905979156494
1116_01,4,0.34873616695404053,0.34358954429626459,0.35599774122238159,0.3487179279327392
1116_02,4,0.86651861667633057,0.9089484214782716,0.88277381658554077,0.9260624647140504
1116_03,4,0.51016294956207275,0.52554506063461304,0.51948589086532593,0.48748672008514399
1117_01,4,0.21319037675857541,0.15225958824157709,0.0710505992174148,0.059527084231376599
1121_01,4,0.13432075083255759,0.17476588487625119,0.13227725028991699,0.6786612868309021
1123_01,3,0.00014141229621599999,9.972151747206226e-05,5.6546363339293748e-05,4.4403481297194958e-05
1127_01,5,0.99941599369049083,0.9986550211906432,0.99955850839614879,0.99900680780410755
1129_01,4,0.043645858764648403,0.035355731844901997,0.025793099775910301,0.048841867595910998
1130_01,1,0.5417485237121582,0.62847942113876343,0.56315344572067261,0.611572265625
1130_02,1,0.76277601718902588,0.75459277629852295,0.76142549514770508,0.80791741609573364
1132_01,5,0.57700836658477783,0.58627772331237793,0.56721621751785278,0.56902444362640381
1133_01,5,0.086673229932785006,0.090033933520316994,0.082368254661560003,0.070340827107429504
1134_01,2,0.992775559425354,0.99182647466659557,0.99287027120590199,0.99313378334045399
1136_01,3,0.70518690347671509,0.69450622797012329,0.69690179824829102,0.698974609375
1140_01,3,0.77728140354156494,0.77550804615020752,0.77160066366195679,0.79086780548095703
1140_02,3,0.99885159730911244,0.99880880117416382,0.99849247932434082,0.99949783086776722
1140_03,3,0.99951297044754039,0.99949806928634644,0.99941253662109375,0.9998617172241212
1141_01,3,0.49262881278991699,0.47932115197181702,0.49858063459396362,0.48193359375
1142_01,2,0.096420973539352403,0.1039175242185592,0.1002130508422851,0.27781915664672852
1144_01,1,0.2894018292427063,0.29594254493713379,0.30908575654029841,0.31925314664840698
1144_02,1,0.21950742602348319,0.25873479247093201,0.2396429628133773,0.25829979777336121
1144_03,1,0.11062309145927419,0.0942872464656829,0.095411024987697601,0.077467411756515503
1146_01,2,0.055316179990768398,0.048570469021797097,0.058098472654819398,0.032012701034545898
1147_01,1,0.96665436029434204,0.96349829435348522,0.96187472343444824,0.97474962472915638
1148_01,4,0.99625587463378917,0.99534404277801525,0.99546432495117199,0.99450373649597157
1148_02,4,0.0002097188407788,0.0001304490142501,9.4560629804618657e-05,7.0000736741349101e-05
1148_03,4,0.37917643785476679,0.41871625185012817,0.36186927556991572,0.32682919502258301
1148_04,4,0.99229478836059559,0.99626874923706044,0.99532103538513184,0.997492015361786
1148_05,4,0.99559390544891357,0.99363660812377919,0.99581962823867798,0.9942476749420166
1148_06,4,0.99203526973724365,0.98898905515670776,0.99068045616149902,0.99204194545745839
1148_07,4,0.0271236859261989,0.014079401269555,0.017702944576740199,0.0052379760891198999
1149_01,1,0.48010286688804621,0.50742876529693604,0.48551738262176508,0.51727092266082764
1149_02,1,0.34092342853546143,0.34948903322219849,0.35508713126182551,0.37304326891899109
1149_03,1,0.4580969512462616,0.45512288808822632,0.4749914407730102,0.48211371898651117
1149_04,1,0.55120015144348145,0.55545604228973389,0.5520174503326416,0.60595703125
1149_05,1,0.50424337387084961,0.54897361993789673,0.51594775915145874,0.560546875
1150_01,4,0.63677597045898438,0.65210044384002686,0.63016760349273682,0.71426880359649658
1152_01,5,0.42523947358131409,0.41131779551506042,0.3774291574954986,0.39453125
1153_01,3,0.50447016954421997,0.49371606111526489,0.51306211948394775,0.47254091501235962
1154_01,1,0.96101784706115723,0.96732807159423839,0.95875227451324463,0.97661459445953358
1154_02,1,0.96371495723724365,0.96765369176864624,0.96169710159301758,0.97645998001098644
1154_03,1,0.99395155906677235,0.99324977397918701,0.99254953861236561,0.9948863387107848
1155_01,1,0.33970072865486139,0.3425905704498291,0.31269586086273188,0.26586917042732239
1155_02,1,0.57281339168548584,0.59202426671981812,0.57533407211303711,0.591796875
1156_01,4,0.097291596233844702,0.1447330564260482,0.082797847688198006,0.1141767799854278
1156_02,4,0.99936646223068237,0.99837565422058105,0.9993901252746582,0.99954020977020264
1161_01,3,0.99943727254867565,0.99971777200698841,0.99963980913162243,0.99994659423828125
1161_02,3,0.00023163255536919999,0.00018361475667909999,0.00010934605961660001,0.00010104577086159999
1162_01,4,0.99361199140548717,0.99439066648483276,0.99392575025558483,0.99606698751449585
1163_01,4,0.66548824310302734,0.65799546241760254,0.68509578704833984,0.668212890625
1165_01,3,0.42019197344779968,0.52685546875,0.44719555974006647,0.499267578125
1165_02,3,0.19244900345802299,0.27948746085166931,0.24207389354705811,0.24365234375
1165_03,3,0.97096759080886841,0.96435660123825084,0.97165232896804798,0.97409892082214355
1165_04,3,0.99135029315948475,0.99001383781433105,0.9916764497756958,0.99477064609527599
1166_01,1,0.3582316637039184,0.2420465350151062,0.30173021554946899,0.19992333650588989
1167_01,2,0.98099154233932495,0.98223888874053955,0.98348206281661998,0.97704327106475841
1168_01,5,0.19690421223640439,0.10368895530700679,0.1202142834663391,0.024707444012165
1169_01,1,0.048422515392303397,0.050798505544662399,0.0305889695882797,0.033706367015838602
1170_01,3,0.064548224210739094,0.038130890578031498,0.030262902379035901,0.017224576324224399
1173_01,1,0.36706486344337458,0.3317453265190124,0.4331918060779571,0.4837268590927124
1174_01,2,0.55684888362884521,0.56903266906738281,0.56658846139907837,0.53107041120529175
1175_01,5,0.9849703311920166,0.98585861921310425,0.98631954193115245,0.98576521873474121
1177_01,4,0.9929998517036438,0.98973768949508678,0.99305164813995361,0.9950544834136964
1178_01,5,0.5060003399848938,0.44124847650527949,0.47654718160629272,0.421630859375
1179_01,5,0.99854028224945079,0.99742841720581044,0.99883347749710083,0.99765241146087635
1180_01,5,0.63525056838989258,0.60021662712097168,0.59889686107635498,0.640380859375
1182_01,5,0.99142014980316162,0.98969006538391124,0.99205166101455677,0.98800343275070202
1182_02,5,0.054229110479354803,0.082945004105567904,0.14862990379333491,0.1015340983867645
1182_03,5,0.65386909246444702,0.68945348262786865,0.65412986278533936,0.669921875
1185_01,4,0.4275499284267425,0.91855210065841675,0.81591928005218506,0.8588981032371521
1186_01,5,0.46864059567451471,0.53838902711868286,0.48652404546737671,0.55615234375
1186_02,5,0.3653185367584228,0.3903372585773468,0.35504031181335449,0.41130498051643372
1186_03,5,0.57559740543365479,0.62379926443099976,0.56976336240768433,0.6514427661895752
1186_04,5,0.4233410656452179,0.3800936341285705,0.35923421382904053,0.40234375
1186_05,5,0.3967334628105163,0.41723638772964478,0.40242469310760498,0.44719600677490229
1187_01,2,0.41650485992431641,0.42515435814857477,0.4224887490272522,0.37004154920577997
1187_02,2,0.36971601843833918,0.41016432642936701,0.37430760264396667,0.39250695705413818
1187_03,2,0.37351328134536738,0.41558837890625,0.37622010707855219,0.39118501543998718
1188_01,3,0.012415822595357799,0.010662609711289401,0.010013765655457901,0.0078541478142142001
1190_01,2,0.32826542854309082,0.2559861540794372,0.26408475637435908,0.20175760984420771
1191_01,3,0.091314040124416296,0.057446740567684097,0.055989172309637,0.0094216847792267001
1192_01,1,0.18733754754066459,0.19534328579902649,0.17620168626308441,0.17285037040710449
1193_01,3,0.99923795461654663,0.99930429458618164,0.99916577339172363,0.99973201751708984
1193_02,3,0.99945682287216198,0.9994746446609496,0.99937534332275402,0.9998624324798584
1195_01,3,0.53343510627746582,0.46509420871734619,0.52218705415725708,0.47705078125
1197_01,4,0.37105688452720642,0.2773185670375824,0.33404639363288879,0.23388671875
1198_01,1,0.64184403419494629,0.63012915849685669,0.64282435178756714,0.58056640625
1199_01,2,0.23450005054473869,0.15524750947952271,0.190379112958908,0.1098078340291976
1203_01,2,0.0026614507660269,0.0013123389799147001,0.0026511969044804001,0.00078005215618750005
1206_01,1,0.2045934200286865,0.1967652440071106,0.1727857291698455,0.12109375
1208_01,5,0.11550576984882351,0.1143320053815841,0.1038882061839103,0.1186509579420089
1210_01,4,0.49359139800071711,0.4992983341217041,0.4936046302318573,0.48828125
1210_02,4,0.2022204101085662,0.2398937046527862,0.230153888463974,0.18467043340206141
1211_01,4,0.51016485691070557,0.52596908807754517,0.51353466510772705,0.4572759866714477
1211_02,4,0.39060837030410761,0.40981310606002808,0.38659769296646118,0.37728938460350031
1211_03,4,0.4174452126026153,0.44452953338623041,0.41929391026496882,0.41709405183792109
1211_04,4,0.45924034714698792,0.47969159483909601,0.46235266327857971,0.46508854627609247
1211_05,4,0.43278366327285761,0.47205960750579828,0.45474362373352051,0.5009765625
1211_06,4,0.49643045663833618,0.53140628337860107,0.51381325721740723,0.48919236660003662
1211_07,4,0.52093744277954102,0.501758873462677,0.52475041151046753,0.49688786268234247
1212_01,4,0.1163947433233261,0.1149567812681198,0.1062822192907333,0.14494907855987549
1213_01,1,0.5912095308303833,0.51992678642272949,0.56358033418655396,0.49981936812400818
1214_01,2,0.66693192720413208,0.65370452404022217,0.66741949319839478,0.61221003532409668
1215_01,3,0.49670356512069702,0.49624729156494141,0.50548011064529419,0.510986328125
1216_01,4,0.48736318945884699,0.60662519931793213,0.55630332231521606,0.96086382865905762
1218_01,2,0.0275197010487318,0.0189362037926912,0.030751563608646299,0.019018279388546899
1220_01,4,0.17882290482521049,0.20565307140350339,0.19225096702575681,0.1968753635883331
1221_01,1,0.37849649786949158,0.38338777422904968,0.3861051201820373,0.41298511624336243
1221_02,1,0.057946596294641398,0.053151447325944901,0.037165816873311899,0.055470071732997797
1222_01,3,0.1368695050477981,0.064052417874336201,0.1287796795368194,0.054627165198326097
1223_01,1,0.99895977973937999,0.9987853765487672,0.99852168560028076,0.99896275997161876
1225_01,3,0.60264253616333008,0.6639094352722168,0.63034522533416748,0.88139396905899048
1228_01,4,0.90660512447357178,0.8773534893989563,0.87037491798400879,0.84526550769805908
1228_02,4,0.27809357643127441,0.27950796484947199,0.24742311239242551,0.25732421875
1229_01,3,0.4540766179561615,0.41864013671875,0.45823249220848078,0.4862655103206634
1230_01,3,0.1002258881926536,0.072124846279621097,0.094031840562820407,0.026639144867658601
1231_01,5,0.33915254473686218,0.37390497326850891,0.3712371289730072,0.3549027144908905
1232_01,2,0.999242663383484,0.99920523166656483,0.999461829662323,0.9993419051170348
1232_02,2,0.011602703481912601,0.0154193397611379,0.0136004537343978,0.034008808434009503
1233_01,2,0.58379983901977539,0.57207304239273071,0.57783663272857666,0.5571969747543335
1234_01,4,0.74431926012039185,0.79878008365631104,0.76205915212631226,0.82012057304382324
1235_01,1,0.58946412801742554,0.55578428506851196,0.55552482604980469,0.54534709453582764
1236_01,3,0.1859611421823501,0.15080608427524561,0.19093926250934601,0.23910658061504361
1238_01,5,0.99807101488113403,0.99549126625061035,0.99822616577148438,0.99985188245773315
1238_02,5,0.99930477142333984,0.99823248386383057,0.99940502643585205,0.99848330020904541
1239_01,2,0.50666552782058716,0.70976436138153076,0.58887970447540283,0.94318038225173961
1240_01,5,0.1197703704237937,0.14765690267086029,0.13063152134418479,0.19657512009143829
1242_01,5,0.99471449851989757,0.99681651592254639,0.99751704931259155,0.99971783161163319
1243_01,2,0.091701872646808597,0.073616698384284904,0.090598121285438496,0.078696742653846699
1243_02,2,0.0073522720485924998,0.0013842624612152,0.0048412331379950003,0.0028348667547106001
1246_01,1,0.096317127346992396,0.091121166944503701,0.063905715942382799,0.064644724130630493
1248_01,5,0.36283916234970093,0.39093244075775141,0.3770353496074676,0.3196266889572143
1250_01,3,0.11769722402095791,0.081566818058490698,0.091255128383636405,0.041446395218372303
1254_01,1,0.2467215359210968,0.28496286273002619,0.22599062323570249,0.22490581870079041
1254_02,1,0.22701416909694669,0.26452174782752991,0.26831537485122681,0.26748907566070551
1255_01,1,0.97965109348297119,0.98215043544769276,0.98021322488784801,0.98560702800750721
1255_02,1,0.98520690202713002,0.98799687623977661,0.98543304204940796,0.99084788560867321
1256_01,1,0.077395297586917794,0.075684458017349202,0.0502014905214309,0.066954150795936501
1258_01,4,0.0027263700030744002,0.002936917124316,0.0018766606226563,0.00054056587396179997
1259_01,1,0.32367035746574402,0.32576391100883478,0.31237894296646118,0.33569204807281489
1260_01,3,0.61740958690643311,0.59717875719070435,0.61071789264678955,0.59245777130126953
1261_01,4,0.062334280461072901,0.032393969595432198,0.041199535131454398,0.0222238041460514
1263_01,3,0.1144271567463874,0.098944969475269304,0.12582376599311829,0.100314125418663
1264_01,1,0.072438634932041099,0.078489772975444794,0.044171318411826997,0.076186865568160997
1267_01,2,0.54384088516235352,0.54886126518249512,0.5493779182434082,0.53546357154846191
1269_01,5,0.034382510930299703,0.025391194969415599,0.020378286018967601,0.015617286786437
1271_01,3,0.61713951826095581,0.59128493070602417,0.60668987035751343,0.58820623159408569
1273_01,3,0.10462715476751321,0.090257771313190405,0.088967099785804707,0.067656308412551797
1274_01,1,0.27555367350578308,0.24451828002929679,0.24601759016513819,0.19238725304603571
1278_01,5,0.53214919567108154,0.533935546875,0.52365243434906006,0.530029296875
1279_01,1,0.99379754066467285,0.99266862869262695,0.99190413951873779,0.99318861961364757
1280_01,1,0.55445104837417603,0.4646152257919311,0.51716619729995728,0.44715645909309382
1281_01,3,0.53197038173675537,0.50411814451217651,0.53141731023788452,0.5181276798248291
1282_01,1,0.63700324296951294,0.61537432670593262,0.63008421659469604,0.61408412456512451
1283_01,4,0.098469562828540802,0.10362425446510309,0.097889512777328394,0.052117653191089602
1284_01,2,0.98537886142730724,0.98447948694229115,0.98646891117095958,0.980224609375
1285_01,1,0.29195702075958252,0.24908196926116941,0.26232486963272089,0.2118124365806579
1286_01,2,0.99080169200897217,0.98826849460601796,0.99189430475234996,0.98858201503753662
1287_01,4,0.98970019817352295,0.99068135023117077,0.98907232284545898,0.9909290075302124
1287_02,4,0.99334049224853516,0.99416112899780285,0.99255001544952404,0.99391931295394897
1287_03,4,0.1839231550693512,0.1817614883184433,0.1739371120929718,0.19731667637825009
1288_01,1,0.091660559177398598,0.083247095346450806,0.0768427103757858,0.067096695303916903
1289_01,3,0.41868138313293451,0.4203237891197204,0.43416053056716919,0.40154001116752619
1289_02,3,0.067953824996948201,0.053334590047597802,0.048967827111482599,0.071414418518543202
1291_01,4,0.1154583841562271,0.1174863874912262,0.11208741366863249,0.095537513494491494
1292_01,5,0.93860107660293579,0.93684250116348278,0.94920217990875244,0.902690589427948
1292_02,5,0.60689127445220947,0.56333506107330322,0.67709183692932129,0.75312304496765137
1293_01,4,0.1184357479214668,0.1135709136724472,0.1136407852172851,0.053970646113157203
1294_01,5,0.91268169879913319,0.96588325500488281,0.93494820594787598,0.96886157989501964
1294_02,5,0.92947864532470703,0.96594661474227905,0.94112586975097656,0.97977048158645641
1294_03,5,0.65916305780410767,0.59941726922988892,0.70076262950897217,0.66764950752258301
1295_01,4,0.10903582721948619,0.11701638996601101,0.1126656681299209,0.1639950275421142
1299_01,4,0.48979109525680542,0.45550480484962458,0.48782622814178461,0.47234693169593811
1300_01,5,0.14665362238883969,0.1230991929769516,0.096324920654296806,0.13877555727958679
1302_01,5,0.85536205768585205,0.89995193481445312,0.8473435640335083,0.96339368820190441
1304_01,4,0.78932309150695801,0.78705775737762451,0.77485787868499756,0.80425369739532471
1304_02,4,0.70899796485900879,0.71097850799560547,0.72835260629653931,0.77970129251480103
1304_03,4,0.66485559940338135,0.71541285514831543,0.68857473134994507,0.7787545919418335
1304_04,4,0.66905879974365234,0.67706149816513062,0.68563348054885864,0.76222825050354004
1304_05,4,0.6000942587852478,0.65414726734161377,0.63597482442855835,0.6884765625
1304_06,4,0.81701916456222534,0.77929145097732544,0.80500215291976929,0.81383472681045532
1306_01,5,0.70237988233566284,0.6046329140663147,0.71326595544815063,0.64454555511474609
1306_02,5,0.99567162990570079,0.99098670482635498,0.99648451805114757,0.99212098121643078
1307_01,4,0.50822639465332031,0.53108441829681396,0.50518643856048584,0.51726877689361572
1308_01,2,0.99239474534988403,0.9911370277404784,0.99286168813705444,0.99305075407028198
1308_02,2,0.00024724489776410002,0.00015625120431649999,0.00017204514006150001,0.00014695424761149999
1308_03,2,0.033734630793332998,0.0230804365128278,0.0303347148001194,0.0139343915507197
1308_04,2,0.99609023332595836,0.99708187580108643,0.99722921848297119,0.99808257818222035
1309_01,3,0.17817831039428711,0.5271645188331604,0.45463570952415461,0.95059913396835316
1310_01,5,0.020723322406411102,0.020318707451224299,0.0157727189362049,0.0069793527945876
1311_01,5,0.99341523647308361,0.99094903469085682,0.9950655698776244,0.98900365829467762
1311_02,5,0.13777036964893341,0.12801896035671231,0.10701426118612289,0.16191005706787109
1311_03,5,0.045689746737480101,0.046312302350997897,0.034580994397401803,0.016719844192266398
1312_01,1,0.71946525573730469,0.74067932367324829,0.71122622489929199,0.72306782007217407
1316_01,4,0.97835642099380482,0.97916889190673839,0.97860121726989757,0.99162733554840077
1316_02,4,0.0023459815420210002,0.0022369432263076002,0.0012037596898152999,0.00048207759391510001
1317_01,4,0.040050998330116203,0.024639362469315501,0.030323138460516898,0.010914454236626601
1322_01,4,0.48753401637077332,0.51391607522964478,0.48184213042259211,0.47388055920600891
1323_01,5,0.68044334650039673,0.69126355648040771,0.66648292541503906,0.66072291135787964
1324_01,3,0.63645219802856445,0.56424343585968018,0.62727975845336914,0.60969305038452148
1324_02,3,0.52724289894104004,0.4911181628704071,0.53879064321517944,0.52008533477783203
1324_03,3,0.4996634423732757,0.51655751466751099,0.50706499814987183,0.50372415781021118
1325_01,4,0.65698570013046265,0.65141475200653076,0.65262258052825928,0.76177692413330078
1325_02,4,0.1890741288661956,0.091667920351028401,0.094906948506832095,0.1069621369242668
1325_03,4,0.54078501462936401,0.58322989940643311,0.56024169921875,0.68056279420852661
1326_01,3,0.036965094506740501,0.0221229717135429,0.024257492274045899,0.023611120879650099
1326_02,3,0.070966646075248704,0.046944972127676003,0.045234788209199898,0.023902531713247299
1328_01,2,0.48341459035873408,0.50644010305404663,0.48843228816986078,0.48370712995529169
1330_01,5,0.1324537247419357,0.1394112557172775,0.13658422231674189,0.0929135382175445
1330_02,5,0.71175599098205566,0.65700185298919678,0.70058971643447876,0.78725039958953857
1331_01,5,0.54397934675216675,0.55623096227645874,0.54193699359893799,0.55286937952041626
1332_01,1,0.167743295431137,0.1762236207723617,0.12813460826873779,0.18433180451393119
1333_01,1,0.2052517235279083,0.2098756730556488,0.18385070562362671,0.17929366230964661
1335_01,2,0.48030140995979309,0.50372564792633057,0.48777717351913452,0.47962009906768799
1336_01,3,0.53845173120498657,0.52402019500732422,0.54023778438568115,0.52776956558227539
1337_01,3,0.14914397895336151,0.14227186143398279,0.1303558349609375,0.2637739479541778
1340_01,1,0.4868321418762207,0.48467949032783508,0.48123002052307129,0.50317305326461792
1342_01,5,0.12966540455818171,0.13574439287185669,0.090954110026359503,0.1048744693398475
1345_01,5,0.052626658231019897,0.066113941371440804,0.039123009890317903,0.0639332234859466
1347_01,2,0.52957773208618164,0.49232044816017151,0.53406643867492676,0.55573546886444092
1348_01,3,0.0541527904570102,0.045921482145786202,0.043916206806898103,0.044851120561361299
1348_02,3,0.9985540509223938,0.99892014265060425,0.99856984615325917,0.99944061040878296
1350_01,3,0.6225171685218811,0.59345763921737671,0.62495988607406616,0.59912109375
1350_02,3,0.064292751252651201,0.052479431033134398,0.056328199803829103,0.025206379592418601
1350_03,3,0.13873524963855741,0.1347764581441879,0.13145405054092399,0.074190557003021199
1350_04,3,0.60448521375656128,0.59987020492553711,0.61049091815948486,0.57380074262619019
1351_01,1,0.2183083295822143,0.17090785503387451,0.2048713266849517,0.1429789066314697
1352_01,2,0.1509607136249542,0.1550109982490539,0.15656895935535431,0.12437447905540459
1353_01,1,0.97814303636550903,0.98035144805908203,0.97913718223571777,0.99043083190917958
1353_02,1,0.033819213509559597,0.037202976644039099,0.017106005921959801,0.024420524016022599
1353_03,1,0.97391390800476085,0.98034840822219838,0.97391819953918457,0.98409688472747803
1353_04,1,0.99200236797332764,0.99246698617935181,0.99228489398956299,0.99673867225646962
1355_01,5,0.59553253650665283,0.5953974723815918,0.58325064182281494,0.58586466312408447
1356_01,4,0.1037000715732574,0.076634474098682404,0.076981686055660206,0.029533704742789199
1357_01,2,0.9788045883178712,0.97204786539077759,0.97849607467651356,0.9543883204460144
1360_01,1,0.68709671497344971,0.70055562257766724,0.67055594921112061,0.64802670478820801
1362_01,4,0.56376421451568604,0.58923256397247314,0.60393625497817993,0.58087503910064697
1365_01,4,0.0228188913315534,0.0274444632232189,0.0143837668001651,0.0092247286811469997
1365_02,4,0.99941807985305797,0.99886792898178101,0.99949359893798839,0.99958527088165283
1366_01,5,0.69348359107971191,0.70790523290634155,0.68105530738830566,0.70621967315673828
1368_01,5,0.53750789165496826,0.53805720806121826,0.53232192993164062,0.52569842338562012
1370_01,3,0.025044754147529599,0.011246154084801599,0.0068630413152277001,0.0063631366938352004
1371_01,1,0.25508856773376459,0.24806766211986539,0.30926388502120972,0.21537983417510981
1375_01,5,0.46033808588981628,0.50711071491241455,0.45528849959373469,0.5244140625
1375_02,5,0.688862144947052,0.62638330459594727,0.61484706401824951,0.6663087010383606
1376_01,2,0.48837286233901978,0.50074726343154907,0.49734461307525629,0.481689453125
1377_01,5,0.98170638084411621,0.98332405090332042,0.98612046241760243,0.9991033673286438
1378_01,5,0.3248330950736999,0.30362695455551147,0.34049656987190241,0.31420865654945368
1378_02,5,0.10918533802032469,0.1194252222776413,0.10814584791660301,0.208740234375
1379_01,4,0.1097814887762069,0.099475830793380696,0.1096320077776908,0.049586534500122001
1380_01,3,0.0043519549071787999,0.004736469592899,0.0022562702652066001,0.0015524105401708999
1381_01,5,0.54517108201980591,0.56257659196853638,0.54118669033050537,0.5730663537979126
1382_01,2,0.79836833477020264,0.76100820302963257,0.78701251745223999,0.689208984375
1383_01,2,0.99591195583343517,0.99583953619003296,0.99608826637268078,0.99711191654205322
1384_01,2,0.14044058322906491,0.1229355782270431,0.12837839126586911,0.1139855682849884
1384_02,2,0.44519007205963129,0.48359450697898859,0.4555610716342926,0.46984127163887018
1384_03,2,0.18925890326499939,0.27611243724822998,0.20722655951976771,0.57591915130615234
1384_04,2,0.14663521945476529,0.16545030474662781,0.14374533295631409,0.15380859375
1384_05,2,0.82057005167007446,0.90821951627731323,0.94291764497756958,0.80234956741333008
1385_01,3,0.10364463180303569,0.071302302181720706,0.0974278524518013,0.044735878705978303
1386_01,3,0.49894660711288452,0.47382926940917969,0.50431770086288452,0.45867368578910828
1387_01,3,0.050808779895305599,0.095933370292186695,0.0373735502362251,0.071934565901756203
1389_01,1,0.58837306499481201,0.59810692071914673,0.5958787202835083,0.61865234375
1390_01,1,0.64668798446655273,0.60119259357452393,0.63757705688476562,0.5982205867767334
1391_01,5,0.98532038927078236,0.98401916027069081,0.98830056190490723,0.98356717824935924
1391_02,5,0.13820159435272211,0.149333581328392,0.1121465936303138,0.24483916163444519
1391_03,5,0.14437809586524961,0.20091438293457031,0.28984519839286799,0.2849641740322113
1393_01,3,0.036943569779396002,0.030379148200154301,0.027075141668319699,0.0103356400504708
1393_02,3,0.044188354164361898,0.024093987420201302,0.026557290926575602,0.030124479904770799
1395_01,1,0.3162235021591186,0.31848061084747309,0.33107399940490723,0.34423828125
1397_01,5,0.11231130361557,0.13539619743824,0.1109418198466301,0.100261315703392
1398_01,1,0.39316374063491821,0.35436743497848511,0.38482686877250671,0.34879386425018311
1399_01,5,0.12019838392734521,0.1128756999969482,0.1277837455272674,0.115967571735382
1400_01,5,0.74800819158554077,0.76783770322799683,0.7408292293548584,0.80322045087814331
1401_01,1,0.141093224287033,0.1355268806219101,0.1206801310181617,0.1058405339717865
1402_01,1,0.56029164791107178,0.56342321634292603,0.55623137950897217,0.57836544513702393
1402_02,1,0.6221083402633667,0.62908565998077393,0.6295737624168396,0.64892578125
1403_01,2,0.071863040328025804,0.032042175531387301,0.054909158498048699,0.022173842415213502
1404_01,2,0.019881794229149801,0.011280050501227301,0.0209586843848228,0.0039736637845634998
1404_02,2,0.0113060977309942,0.0082272663712501005,0.0114735038951039,0.0125963306054472
1406_01,2,0.47241482138633728,0.48011884093284601,0.46341943740844721,0.46337890625
1407_01,1,0.1614016592502594,0.15210935473442069,0.114808976650238,0.094621531665325095
1407_02,1,0.1119295060634613,0.10682687163352959,0.1024806946516037,0.065242379903793293
1408_01,3,0.63292962312698364,0.64353132247924805,0.58662509918212891,0.60588556528091431
1410_01,1,0.55642437934875488,0.4407016932964325,0.51615899801254272,0.3864017128944397
1412_01,5,0.084370777010917594,0.11985549330711361,0.2172121256589889,0.15173426270484919
1413_01,4,0.5567176342010498,0.5534777045249939,0.54785221815109253,0.530517578125
1414_01,5,0.031802792102098403,0.023670759052038099,0.026106219738721799,0.0071634147316216997
1415_01,2,0.80832391977310181,0.86832165718078613,0.81350874900817871,0.89206165075302124
1416_01,3,0.50563108921051025,0.49274086952209473,0.51469504833221436,0.480712890625
1417_01,2,0.024462487548589699,0.019878555089235299,0.0264146998524665,0.022639654576778401
1419_01,5,0.1250137388706207,0.1295431107282638,0.1022411882877349,0.1289317160844802
1420_01,3,0.56495678424835205,0.62383502721786499,0.57097548246383667,0.59025716781616211
1421_01,1,0.77785563468933105,0.73740869760513306,0.72724860906600952,0.66568422317504883
1421_02,1,0.12881761789321899,0.1041193306446075,0.1217502951622009,0.076368018984794603
1423_01,2,0.99893754720687877,0.9988703727722168,0.99920129776000977,0.99890339374542236
1423_02,2,0.99927711486816395,0.99915152788162243,0.99940776824951161,0.99922609329223644
1423_03,2,0.9997149109840392,0.99968588352203358,0.9997774362564088,0.99971854686737061
1424_01,1,0.94440042972564697,0.95535755157470703,0.94675928354263317,0.97008913755416881
1424_02,1,0.066795133054256398,0.0179117135703563,0.057374484837055199,0.011928045190870699
1424_03,1,0.94213134050369263,0.96100604534149159,0.93854153156280518,0.97989863157272339
1424_04,1,0.95102983713150024,0.95204216241836559,0.95618373155593883,0.9857577681541444
1424_05,1,0.96937692165374756,0.97123759984970082,0.96704638004302979,0.97941219806671143
1425_01,4,0.14799875020980829,0.2278029918670654,0.2099230289459228,0.083036027848720495
1425_02,4,0.58306872844696045,0.55626928806304932,0.57186508178710938,0.57307040691375732
1425_03,4,0.5630486011505127,0.53927886486053467,0.55115324258804321,0.53997337818145752
1426_01,1,0.99183839559555043,0.99487125873565685,0.99102711677551281,0.99616616964340199
1427_01,5,0.99172902107238758,0.99154311418533325,0.99240165948867798,0.99209654331207275
1427_02,5,0.18499761819839469,0.19460403919219971,0.16619735956192011,0.15757355093955991
1428_01,3,0.069424420595168998,0.059372350573539699,0.0457786545157432,0.050694987177848802
1430_01,1,0.53460454940795898,0.50151604413986206,0.538074791431427,0.52576714754104614
1431_01,2,0.10327005386352529,0.23340258002281189,0.1005431860685348,0.60449957847595215
1433_01,4,0.50633186101913452,0.52743464708328247,0.49800333380699158,0.551025390625
1434_01,5,0.27039608359336847,0.25903916358947748,0.2430680096149444,0.45654296875
1434_02,5,0.58741986751556396,0.64597690105438232,0.62629914283752441,0.61962711811065674
1434_03,5,0.69875049591064453,0.72764533758163452,0.72601747512817383,0.7265625
1435_01,5,0.13441899418830869,0.1394825726747512,0.12082219123840331,0.13017827272415161
1438_01,2,0.091752842068672097,0.058471255004405899,0.064330458641052204,0.026255708187818499
1439_01,2,0.1063364520668983,0.1104858592152595,0.10964594036340709,0.1022123247385025
1439_02,2,0.1591178625822067,0.16123050451278681,0.153914600610733,0.1781723797321319
1440_01,5,0.30796265602111811,0.35280254483222961,0.28266417980194092,0.30867382884025568
1442_01,1,0.58347606658935547,0.58078807592391968,0.58609676361083984,0.61059701442718506
1443_01,4,0.63108086585998535,0.61158537864685059,0.63201534748077393,0.64387780427932739
1444_01,4,0.9688531756401062,0.96982032060623158,0.97364038228988636,0.98652791976928722
1445_01,1,0.43224850296974182,0.43304407596588129,0.43486416339874268,0.43035060167312622
1447_01,3,0.0845183655619621,0.047363538295030497,0.071263208985328605,0.028199125081300701
1450_01,3,0.9973183274269104,0.99750167131423961,0.99728196859359741,0.99922657012939442
1450_02,3,0.00096736790146670002,0.00091973511734970003,0.00038587208837269999,0.00020109969773320001
1451_01,3,0.0075390087440609004,0.0066859885118901001,0.0039619510062037996,0.0014438824728130999
1451_02,3,0.99932312965393078,0.99885863065719604,0.99911463260650635,0.99963045120239258
1452_01,3,0.0043626809492707001,0.0065791700035333,0.0038437952753155999,0.010534461587667399
1452_02,3,0.9794488549232484,0.98186361789703358,0.9755399227142334,0.98459285497665405
1452_03,3,0.20709452033042899,0.20139147341251371,0.21407482028007499,0.17596468329429621
1452_04,3,0.0001939805224537,0.0001382439222652,8.0764184531290084e-05,4.6161632781149819e-05
1452_05,3,0.9965691566467284,0.99587643146514881,0.99616998434066761,0.99710452556610119
1453_01,1,0.0536207370460033,0.016059195622801701,0.039561375975608798,0.0024566866923123
1453_02,1,0.32102146744728088,0.32090097665786738,0.29620292782783508,0.29426127672195429
1454_01,2,0.63804817199707031,0.62587523460388184,0.64491641521453857,0.38481205701827997
1455_01,4,0.99973738193511963,0.99971550703048717,0.99976164102554321,0.99977141618728638
1455_02,4,0.96364843845367443,0.97356784343719482,0.97177332639694203,0.98136115074157715
1455_03,4,0.99982374906539917,0.99979138374328602,0.99984949827194203,0.99982601404190063
1455_04,4,0.98315358161926281,0.98603081703186035,0.9859912395477296,0.98057162761688244
1455_05,4,0.00032467721030109999,0.00018695981998459999,0.00018115340208160001,0.00014118340914129999
1457_01,5,0.0067233107984066001,0.0038064736872910998,0.0041999779641627996,0.0019561406224966001
1458_01,5,0.52655529975891113,0.59132444858551025,0.56554961204528809,0.68855655193328857
1460_01,5,0.61195981502532959,0.57608515024185181,0.62270253896713257,0.60138106346130371
1460_02,5,0.74416029453277588,0.74073696136474609,0.74411684274673462,0.75523251295089722
1461_01,5,0.51394754648208618,0.51963531970977783,0.5081474781036377,0.50537109375
1462_01,1,0.4914698600769043,0.51129096746444702,0.4810506403446197,0.5146484375
1463_01,3,0.2817375659942627,0.23309484124183649,0.23574626445770261,0.27190625667572021
1465_01,4,0.1396408677101135,0.121396467089653,0.124514028429985,0.073833569884300204
1467_01,5,0.053240757435560199,0.032847423106431899,0.023502761498093602,0.0421780981123447
1474_01,2,0.9725341796875,0.97122567892074585,0.97510910034179676,0.96332120895385742
1478_01,4,0.0078979125246404994,0.0063803438097238003,0.0047612488269804997,0.0009550866088829
1478_02,4,0.1427216231822967,0.1442831754684448,0.14809595048427579,0.16047514975070951
1479_01,1,0.9836632013320924,0.97434520721435558,0.97598814964294445,0.97959464788436879
1481_01,5,0.16489234566688529,0.12787878513336179,0.15113827586174011,0.11693998426198959
1484_01,2,0.37258091568946838,0.36454027891159058,0.34774273633956909,0.37165617942810059
1485_01,2,0.97389239072799683,0.97388833761215199,0.97629231214523315,0.96776634454727162
1488_01,4,0.32013320922851562,0.37534224987030029,0.35150614380836481,0.39055073261260981
1489_01,5,0.080323398113250705,0.080140769481658894,0.049418799579143503,0.053981482982635498
1490_01,2,0.0037286649458109999,0.0030395067296921999,0.0036533223465084999,0.0033350179437546998
1491_01,1,0.10084224492311469,0.1207299530506134,0.1377598345279693,0.3310546875
1491_02,1,0.1294414401054382,0.1351181268692016,0.1112526208162307,0.098344340920448303
1491_03,1,0.60368597507476807,0.6039239764213562,0.6043279767036438,0.63851070404052734
1493_01,2,0.1100870445370674,0.1067339479923248,0.099846348166465704,0.10343273729085919
1498_01,5,0.29432868957519531,0.32015803456306458,0.34911787509918207,0.312744140625
1499_01,3,0.1239165216684341,0.1174071431159973,0.1105181649327278,0.071209363639354706
1500_01,3,0.3943344354629516,0.43080541491508478,0.42678514122962952,0.41357421875
1500_02,3,0.42706349492073059,0.45161175727844238,0.45358085632324219,0.44203078746795649
1500_03,3,0.61286574602127075,0.59853017330169678,0.6662021279335022,0.72879087924957275
1500_04,3,0.52023422718048096,0.52793657779693604,0.54065036773681641,0.52869325876235962
1500_05,3,0.14089144766330719,0.1088311448693275,0.1184922158718109,0.075379014015197698
1500_06,3,0.47829893231391901,0.52445995807647705,0.49707019329071039,0.4965207576751709
1500_07,3,0.4948279857635498,0.52160680294036865,0.51113951206207275,0.51007276773452759
1501_01,2,0.1170995086431503,0.1486066728830337,0.1392935514450073,0.077204480767250006
1503_01,5,0.12895014882087699,0.1620536744594574,0.093045294284820501,0.12714743614196769
1503_02,5,0.14240114390850059,0.130186527967453,0.078110903501510606,0.095546953380107796
1506_01,2,0.57024168968200684,0.47683733701705933,0.50542366504669189,0.447265625
1507_01,3,0.59182494878768921,0.61594927310943604,0.60163217782974243,0.65730547904968262
1507_02,3,0.1966216564178466,0.2488657534122467,0.28220552206039429,0.32218503952026362
1507_03,3,0.095153003931045504,0.1100276410579681,0.1194324195384979,0.058666493743658003
1507_04,3,0.33881786465644831,0.53050613403320312,0.52401745319366455,0.89889734983444214
1509_01,2,0.066876336932182298,0.040579922497272401,0.076164051890373202,0.0245909541845321
1510_01,3,0.0707742124795913,0.061669319868087699,0.0485915504395961,0.0277111250907182
1511_01,2,0.38481521606445312,0.43740683794021601,0.3968890905380249,0.38530251383781428
1511_02,2,0.99951106309890758,0.99954980611801159,0.99966847896575917,0.99957382678985596
1511_03,2,0.42645430564880371,0.34753715991973871,0.43453317880630488,0.30257552862167358
1511_04,2,0.0016786861233413,0.00091400934616099995,0.0014622672460973,0.0006200721836648
1515_01,2,0.1208217963576316,0.1490530371665954,0.1142092794179916,0.15058240294456479
1520_01,1,0.47558599710464478,0.48048496246337891,0.47656196355819702,0.49774032831192011
1521_01,1,0.9701693058013916,0.97295939922332764,0.96704810857772838,0.97628104686737061
1523_01,4,0.99968504905700684,0.99964904785156239,0.99970048666000355,0.99936777353286743
1523_02,4,0.99958610534667958,0.99945783615112305,0.99960672855377197,0.9993492364883424
1524_01,3,0.55602920055389404,0.5559234619140625,0.56667500734329224,0.548828125
1525_01,5,0.3666002750396728,0.3222260177135467,0.31777837872505188,0.22514480352401731
1526_01,3,0.17330020666122431,0.2119324058294296,0.28121685981750488,0.23120120167732239
1527_01,2,0.99481254816055298,0.99336862564086925,0.99450719356536876,0.99398934841155995
1527_02,2,0.2749203741550445,0.35829150676727289,0.28259298205375671,0.27299648523330688
1528_01,5,0.17741656303405759,0.1588410884141922,0.1683835685253143,0.26473221182823181
1529_01,5,0.99124461412429798,0.99124616384506237,0.99171739816665638,0.99790221452713002
1529_02,5,0.48472458124160761,0.40796405076980591,0.4882801473140716,0.33772343397140497
1531_01,4,0.19763179123401639,0.20307502150535581,0.20367512106895441,0.18788810074329371
1532_01,2,0.0001371016114717,9.7852920589502901e-05,0.0001170330433524,6.2223291024565697e-05
1533_01,1,0.17233520746231079,0.16611348092556,0.16648370027542109,0.080824412405490806
1536_01,3,0.97045618295669556,0.94507545232772838,0.96507745981216442,0.95810556411743164
1539_01,5,0.98848474025726318,0.99296802282333363,0.99315530061721802,0.99938011169433605
1540_01,3,0.0017124708974732999,0.0018196189776062,0.0012751645408570001,0.001714750775136
1540_02,3,0.995713710784912,0.99554044008255005,0.99517321586608876,0.99872905015945435
1540_03,3,0.0015967348590493001,0.0019077952019869999,0.0012240537907928001,0.0011121163843198999
1541_01,2,0.10344651341438291,0.1138588264584541,0.1043157875537872,0.114013671875
1542_01,2,0.0067137777805327996,0.0015718893846496001,0.0051699196919798001,0.0015800384571775
1543_01,3,0.99647259712219238,0.9945029616355896,0.99597859382629395,0.99585628509521484
1544_01,5,0.10489861667156219,0.1099855899810791,0.054631598293781197,0.095362238585948902
1545_01,5,0.1189978271722793,0.14557377994060511,0.1648242622613906,0.13207918405532831
1547_01,2,0.24859616160392761,0.28246590495109558,0.2642480731010437,0.24863490462303159
1548_01,1,0.98979604244232178,0.98831462860107422,0.98727995157241821,0.99260556697845459
1548_02,1,0.97185564041137695,0.97657084465026855,0.9683305025100708,0.98359405994415283
1550_01,4,0.18080839514732361,0.14273744821548459,0.16368454694747919,0.11002128571271889
1550_02,4,0.1024220138788223,0.063301831483840901,0.086773984134197193,0.070317015051841694
1551_01,1,0.1916517168283462,0.1949827373027801,0.28619518876075739,0.31363764405250549
1552_01,4,0.48352041840553278,0.48512047529220581,0.4823900163173675,0.471923828125
1555_01,3,0.039424434304237303,0.044311817735433502,0.028146278113126699,0.024317318573594
1558_01,1,0.1143502593040466,0.098309963941574097,0.1060312837362289,0.096986189484596197
1560_01,3,0.073950827121734605,0.041248969733715002,0.041342616081237703,0.0174716357141733
1561_01,3,0.078150898218154893,0.048680894076824098,0.057085748761892298,0.016229372471570899
1562_01,5,0.198657751083374,0.17781740427017209,0.19599184393882749,0.32905063033103937
1564_01,4,0.99323612451553345,0.99027097225189198,0.99038505554199219,0.98841238021850597
1565_01,3,0.26634040474891663,0.28017199039459229,0.29004418849945068,0.30285504460334778
1567_01,1,0.95688700675964355,0.95848673582077037,0.94944500923156738,0.97230833768844604
1568_01,3,0.1556099653244018,0.21351653337478629,0.20428043603897089,0.22612279653549189
1568_02,3,0.67285031080245972,0.63569933176040649,0.65515053272247314,0.63069188594818115
1569_01,3,0.96922934055328358,0.94374698400497437,0.96353131532669078,0.95998996496200562
1572_01,3,0.079274550080299294,0.042426608502864803,0.054482020437717403,0.0225504860281944
1572_02,3,0.1123711839318275,0.070776626467704704,0.084648340940475394,0.0365483835339546
1573_01,1,0.16191418468952179,0.19271379709243769,0.1504749059677124,0.1672085225582122
1576_01,3,0.030884809792041699,0.046313580125570297,0.038609627634286797,0.1374684870243072
1577_01,1,0.50640976428985596,0.43642288446426392,0.48728805780410761,0.4267578125
1578_01,1,0.069437682628631495,0.0779143571853637,0.044988214969635003,0.075356513261795002
1579_01,2,0.57787978649139404,0.59890067577362061,0.60278356075286865,0.56640625
1580_01,3,0.083734393119811998,0.058238431811332703,0.065235801041126196,0.045350611209869301
1580_02,3,0.0724755823612213,0.041028838604688603,0.042186167091131203,0.0218365788459777
1581_01,1,0.97927695512771595,0.9717468023300172,0.97302389144897461,0.97575551271438599
1581_02,1,0.92260432243347157,0.96725243330001842,0.90792316198348999,0.98422479629516602
1584_01,2,0.1042549312114715,0.093535341322422,0.098854281008243505,0.071581743657588903
1584_02,2,0.7278866171836853,0.6886829137802124,0.7089657187461853,0.69961857795715332
1585_01,4,0.51325798034667969,0.51242077350616455,0.4997563362121582,0.4878548383712768
1588_01,1,0.93773359060287476,0.94683766365051281,0.93272936344146717,0.95819026231765758
1588_02,1,0.99616277217865001,0.99733400344848644,0.99690723419189442,0.99893820285797119
1590_01,5,0.93928265571594238,0.95454931259155285,0.95944797992706299,0.97227108478546143
1590_02,5,0.065848052501678397,0.092028878629207597,0.081527531147003104,0.10001629590988149
1592_01,1,0.99906194210052479,0.99965733289718639,0.99934172630310059,0.99975323677062999
1592_02,1,0.99930065870285045,0.99963593482971203,0.99964284896850597,0.99988430738449097
1593_01,1,0.042610082775354302,0.0583704784512519,0.039788961410522398,0.047007765620946801
1594_01,5,0.11016137897968289,0.22521278262138361,0.57311820983886719,0.56028217077255249
1595_01,4,0.96392768621444702,0.98491728305816639,0.97079962491989136,0.98964804410934437
1596_01,2,0.95991063117980957,0.96822106838226318,0.95950841903686523,0.97471958398818959
1597_01,5,0.52108985185623169,0.49746373295783991,0.50831592082977295,0.48326066136360168
1599_01,1,0.98055732250213623,0.98519009351730358,0.98212373256683361,0.98915600776672363
1599_02,1,0.9963172674179076,0.99567234516143799,0.99561172723770142,0.99602818489074718
1601_01,4,0.099609851837158203,0.073361843824386597,0.074429690837860094,0.0407275110483169
1602_01,1,0.0073706782422958998,0.0094337463378906007,0.0049450825899839002,0.0049197054468094999
1603_01,3,0.3191805481910705,0.2371267825365066,0.29950004816055298,0.2298426926136016
1603_02,3,0.5140988826751709,0.50911086797714233,0.5303349494934082,0.50750446319580078
1603_03,3,0.61934703588485718,0.57414799928665161,0.61949825286865234,0.60261201858520508
1604_01,2,0.096400707960128701,0.0648780912160873,0.083920426666736603,0.030066266655921901
1606_01,3,0.075168021023273399,0.061537191271781901,0.071282505989074693,0.052860468626022297
1608_01,4,0.20942428708076469,0.18593722581863401,0.199449747800827,0.20908328890800471
1611_01,1,0.38077849149703979,0.38209828734397888,0.3839926123619079,0.37224429845809931
1612_01,2,0.89187455177307129,0.91269612312316895,0.88515150547027588,0.95322066545486439
1612_02,2,0.98773872852325439,0.98769617080688477,0.99042928218841564,0.98771405220031738
1613_01,1,0.13435362279415131,0.12656067311763761,0.12937808036804199,0.112657755613327
1614_01,5,0.32960867881774902,0.3438720703125,0.35371515154838562,0.33187812566757202
1615_01,5,0.097627960145473397,0.072153069078922202,0.0525100938975811,0.048401720821857397
1615_02,5,0.59085738658905029,0.60151851177215576,0.57426184415817261,0.625732421875
1615_03,5,0.6033090353012085,0.61401194334030151,0.62151461839675903,0.622802734375
1617_01,4,0.33219531178474421,0.33033949136734009,0.32517704367637629,0.27042174339294428
1619_01,1,0.46958917379379272,0.47115892171859741,0.46908098459243769,0.4855991899967193
1621_01,5,0.1043559908866882,0.0879031866788864,0.067666046321392004,0.072672218084335299
1621_02,5,0.10968594253063201,0.1132002100348472,0.095139376819133703,0.1027538925409317
1622_01,2,0.97153466939926159,0.97445380687713623,0.97559171915054321,0.96645593643188477
1624_01,1,0.61496829986572266,0.5942988395690918,0.60630607604980469,0.61531424522399902
1624_02,1,0.1048714369535446,0.0979508757591247,0.088232755661010701,0.0629736483097076
1624_03,1,0.40323039889335632,0.38708648085594177,0.40838867425918579,0.34163123369216919
1625_01,1,0.99423152208328236,0.99501585960388184,0.99331396818161,0.9952663779258728
1625_02,1,0.054626468569040298,0.038235686719417503,0.043160479515790898,0.0211221650242805
1626_01,2,0.14049229025840759,0.16093811392784119,0.14602009952068329,0.24472483992576599
1628_01,4,0.99964165687561035,0.99952936172485363,0.99967342615127563,0.99959927797317505
1630_01,5,0.62998127937316895,0.69372421503067017,0.64677178859710693,0.69424891471862793
1630_02,5,0.54869568347930908,0.58859944343566895,0.54919397830963135,0.56536281108856201
1630_03,5,0.1010132879018783,0.083076648414134896,0.15450248122215271,0.1221500933170318
1631_01,3,0.076390311121940599,0.036346290260553298,0.041772544384002602,0.0016485350206494
1632_01,5,0.99895524978637695,0.99826240539550781,0.99896556138992321,0.99884009361267079
1633_01,3,0.53854513168334961,0.53802490234375,0.54582488536834717,0.505859375
1633_02,3,0.70734047889709473,0.65252625942230225,0.69891661405563354,0.65974706411361694
1634_01,4,0.63783407211303711,0.64239299297332764,0.63409346342086792,0.64762496948242188
1635_01,1,0.056681033223867403,0.052958689630031502,0.067541927099227905,0.047812610864639199
1636_01,3,0.23388829827308649,0.17484471201896659,0.21754565834999079,0.22959288954734799
1637_01,4,0.50459206104278564,0.49568557739257812,0.49270617961883539,0.53497588634490967
1638_01,2,0.0556854009628295,0.053519882261752999,0.059705059975385603,0.0207145642489194
1640_01,3,0.27516624331474299,0.55556595325469971,0.64435529708862305,0.89388072490692139
1644_01,3,0.11704506725072859,0.099106095731258295,0.100150316953659,0.028224222362041401
1645_01,2,0.90902292728424083,0.89177411794662476,0.90401935577392578,0.89127790927886963
1646_01,1,0.70757788419723511,0.66689121723175049,0.71948623657226562,0.65625
1647_01,3,0.1308258175849914,0.1223886758089065,0.1197181046009063,0.085933871567249298
1649_01,1,0.79688680171966553,0.82458168268203735,0.78427493572235107,0.81943988800048828
1650_01,1,0.5950310230255127,0.61157411336898804,0.59915804862976074,0.62499529123306274
1651_01,3,0.62123185396194458,0.61832815408706665,0.62548941373825073,0.61335879564285278
1651_02,3,0.64697039127349854,0.5746382474899292,0.6340065598487854,0.609619140625
1651_03,3,0.6942363977432251,0.67053240537643433,0.68752193450927734,0.670654296875
1653_01,2,0.52084624767303467,0.54424822330474854,0.52349853515625,0.44554334878921509
1655_01,2,0.083097368478774997,0.056758556514978402,0.082449130713939597,0.042714238166808999
1655_02,2,0.64391887187957764,0.65818643569946289,0.64544588327407837,0.6865234375
1656_01,1,0.1752174496650695,0.18055263161659241,0.160838097333908,0.14772129058837891
1657_01,1,0.0015391180058941,0.00028804008616129998,0.00057166733313350005,9.5892391982488321e-05
1658_01,5,0.062270294874906498,0.060312092304229702,0.059624370187520898,0.047059409320354399
1659_01,4,0.13668747246265411,0.1167811676859855,0.1251224130392074,0.066118709743022905
1660_01,1,0.070499226450920105,0.075407922267913804,0.13895986974239349,0.041762985289096798
1661_01,2,0.44990003108978271,0.44305211305618281,0.45612439513206482,0.46966385841369629
1661_02,2,0.038342524319887099,0.027399064972996701,0.0366925448179245,0.024141807109117501
1661_03,2,0.94676303863525402,0.93566203117370605,0.94856470823287964,0.92840874195098877
1661_04,2,0.25856676697731018,0.1878073960542678,0.2513749897480011,0.15782928466796869
1662_01,3,0.1212762594223022,0.088829174637794495,0.096182420849800096,0.092498555779456995
1663_01,2,0.56591904163360596,0.55230844020843506,0.566475510597229,0.521728515625
1666_01,1,0.65509092807769775,0.58410108089447021,0.60733342170715332,0.53191179037094116
1668_01,5,0.096016258001327501,0.1026410236954689,0.086472660303115803,0.085393399000167805
1669_01,2,0.061885807663202202,0.032510254532098701,0.054148890078067703,0.019963167607784198
1669_02,2,0.99425953626632679,0.99199390411376964,0.99559462070465077,0.99309593439102162
1669_03,2,0.13259410858154291,0.12131164968013761,0.1348011642694473,0.092418506741523701
1670_01,5,0.083556525409221594,0.086262248456478105,0.062218159437179503,0.079780578613281194
1670_02,5,0.58130866289138794,0.59287071228027344,0.58196389675140381,0.619140625
1671_01,1,0.00052168266847720001,0.00028483135974959999,0.000354811840225,9.6219278930220767e-05
1672_01,5,0.089423105120658805,0.075548879802227006,0.053507801145315101,0.055951569229364298
1673_01,4,0.13369320333003989,0.1351715624332428,0.1384405791759491,0.084069341421127305
1674_01,2,0.6108209490776062,0.60008978843688965,0.6071774959564209,0.62012225389480591
1676_01,2,0.49442997574806208,0.50734114646911621,0.4948581457138061,0.48260384798049921
1677_01,2,0.29168218374252319,0.2174396216869354,0.21232311427593231,0.13525392115116119
1681_01,3,0.059947144240140901,0.036031544208526597,0.036382269114255898,0.012190862558782101
1682_01,1,0.98450088500976562,0.97701787948608398,0.97961997985839844,0.97924798727035522
1685_01,3,0.31755301356315607,0.34853044152259821,0.31628412008285522,0.406494140625
1685_02,3,0.61354440450668335,0.55992555618286133,0.60615998506546021,0.58576357364654541
1685_03,3,0.55058825016021729,0.53361409902572632,0.55478173494338989,0.53278249502182007
1687_01,4,0.1767312735319137,0.15991078317165369,0.15788090229034421,0.32192888855934138
1688_01,2,0.35316842794418329,0.3495299220085144,0.30866134166717529,0.25835052132606501
1688_02,2,0.59687864780426025,0.60575377941131592,0.61576372385025024,0.53386461734771729
1688_03,2,0.54295265674591064,0.5494455099105835,0.53984451293945312,0.53948736190795898
1690_01,3,0.10793139040470121,0.065466150641441304,0.086892537772655404,0.027528278529643999
1691_01,4,0.092143483459949493,0.088577076792716897,0.073136419057846,0.073560707271098993
1694_01,5,0.54955148696899414,0.55821073055267334,0.54395008087158203,0.54603177309036255
1695_01,2,0.0816644206643104,0.062336124479770598,0.087124079465866006,0.0442040264606475
1696_01,4,0.00025621851091270001,0.00014771291171199999,0.00013074517482890001,0.0002097708638757
1697_01,5,0.1120330393314361,0.0941052436828613,0.055447768419981003,0.078708253800868905
1698_01,4,0.71280378103256226,0.71269536018371582,0.70145928859710693,0.77622568607330322
1699_01,2,0.3111565113067627,0.2803114652633667,0.30213990807533259,0.19208806753158569
1700_01,4,0.99956095218658436,0.99954497814178478,0.99965929985046398,0.99950826168060303
1700_02,4,0.0001153057382907,0.0001113922990043,6.0770111304009333e-05,4.4820659240940586e-05
1704_01,3,0.1309866309165954,0.15363688766956329,0.12674587965011591,0.101915955543518
1704_02,3,0.92463862895965576,0.91419500112533558,0.91438645124435425,0.92509263753891002
1705_01,2,0.21333107352256769,0.2304432541131973,0.19996577501296989,0.2146501541137695
1708_01,4,0.096156992018222795,0.1184850335121154,0.11102280020713801,0.19595804810523981
1709_01,3,0.3171413242816925,0.35495218634605408,0.38609158992767328,0.498046875
1709_02,3,0.061134219169616699,0.2149088382720947,0.20355364680290219,0.25734227895736689
1709_03,3,0.084058746695518494,0.0816940367221832,0.075557731091976096,0.053353622555732699
1709_04,3,0.0292900837957859,0.052320256829261703,0.037697110325098003,0.052405878901481601
1709_05,3,0.96904176473617565,0.94899243116378784,0.96565932035446156,0.95140427350997925
1709_06,3,0.0283017791807651,0.019088367000222199,0.0184602234512567,0.0066827177070081
1709_07,3,0.2482001781463623,0.26643422245979309,0.28013533353805542,0.345458984375
1710_01,4,0.60621440410614014,0.56945627927780151,0.5811697244644165,0.54279112815856934
1711_01,1,0.099357306957244804,0.10888811945915219,0.063034921884536702,0.098062977194786002
1712_01,5,0.34157171845436091,0.3699183464050293,0.35927942395210261,0.40112844109535217
1712_02,5,0.0073627224192023,0.0030041062273085,0.0048106731846927998,0.00033984408946700001
1713_01,2,0.46438968181610107,0.4709990918636322,0.42799395322799683,0.3928927481174469
1714_01,3,0.42637479305267328,0.43493446707725519,0.4434987604618072,0.41032859683036799
1715_01,2,0.57066094875335693,0.59663546085357666,0.57866597175598145,0.5625
1717_01,4,0.099258482456207206,0.39163577556610107,0.16305385529994959,0.40422078967094421
1717_02,4,0.052458643913269001,0.0479844808578491,0.038014542311429901,0.083395451307296697
1718_01,3,0.52622908353805542,0.5422089695930481,0.53555512428283691,0.5166015625
1719_01,2,0.69873178005218506,0.68617922067642212,0.68802982568740845,0.650146484375
1721_01,1,0.14879730343818659,0.1365601122379303,0.17899680137634269,0.1059583202004432
1723_01,2,0.047541826963424599,0.034041330218315097,0.049453213810920701,0.017330722883343599
1724_01,5,0.76751267910003662,0.83420568704605103,0.84858953952789307,0.92626500129699718
1725_01,1,0.14801868796348569,0.15245121717453,0.15188232064247131,0.11279593408107751
1727_01,1,0.99105471372604359,0.9895479679107666,0.98943620920181286,0.99101209640502919
1727_02,1,0.1972782611846923,0.2167715579271316,0.18700717389583579,0.2000000178813934
1728_01,4,0.095960423350334098,0.075860023498535101,0.076069988310336997,0.027446888387203199
1729_01,3,0.1447362005710601,0.1436066925525665,0.16325654089450831,0.11509876698255531
1730_01,2,0.52469450235366821,0.74827635288238525,0.70685863494873047,0.88219684362411499
1731_01,1,0.75389182567596436,0.78394806385040283,0.74395215511322021,0.77686423063278198
1731_02,1,0.60518699884414673,0.5884319543838501,0.55318605899810791,0.55133646726608276
1733_01,2,0.1161360219120979,0.1061990559101104,0.11119244992733,0.1010452061891555
1734_01,5,0.51469326019287109,0.52526915073394775,0.51658439636230469,0.52075278759002686
1736_01,1,0.64617866277694702,0.66224974393844604,0.6327100396156311,0.64030110836029053
1738_01,4,0.29223921895027161,0.64315032958984375,0.51114761829376221,0.73598229885101318
1738_02,4,0.65399044752120972,0.63387048244476318,0.65397357940673828,0.611083984375
1739_01,1,0.54773622751235962,0.56025832891464233,0.55171406269073486,0.57512402534484863
1740_01,1,0.0910188183188438,0.076584078371524797,0.071694023907184601,0.057302281260490397
1742_01,1,0.51838845014572144,0.46433636546134949,0.50353837013244629,0.48462289571762079
1745_01,5,0.0020532303024082999,0.0010361627209931001,0.0012766172876581001,0.0002161956072086
1746_01,4,0.99399822950363159,0.99093902111053478,0.99134516716003418,0.99261140823364258
1747_01,2,0.41933152079582209,0.37553167343139648,0.39897575974464411,0.33511492609977722
1748_01,2,0.089401997625827706,0.0713299959897995,0.089545249938964802,0.028964038938283899
1748_02,2,0.60562855005264282,0.57484477758407593,0.59693509340286255,0.6025390625
1748_03,2,0.50747591257095337,0.50534272193908691,0.49975559115409851,0.4860873818397522
1749_01,4,0.59085649251937866,0.60066908597946167,0.57941722869873047,0.57770812511444092
1752_01,5,0.078625865280628204,0.089281983673572499,0.17251205444335929,0.14476801455020899
1753_01,4,0.48049777746200562,0.48847639560699457,0.47054824233055109,0.48681640625
1755_01,5,0.52321243286132812,0.51533514261245728,0.52281475067138672,0.532470703125
1757_01,1,0.27541127800941467,0.33231490850448608,0.28798198699951172,0.334716796875
1758_01,5,0.086766108870506203,0.082425899803638403,0.062981516122817993,0.0717738196253776
1760_01,3,0.1370777040719986,0.089101791381835896,0.1038099750876426,0.163847416639328
1761_01,5,0.27415993809700012,0.2863534688949585,0.23246496915817261,0.34123772382736201
1762_01,5,0.14088752865791321,0.20018000900745389,0.24795223772525779,0.36265632510185242
1762_02,5,0.074363127350807107,0.076265320181846605,0.050235580652952097,0.052232392132282202
1763_01,1,0.9649469256401062,0.97792780399322521,0.97675454616546642,0.99253040552139282
1764_01,1,0.97058868408203125,0.97437763214111317,0.97255414724349976,0.97623640298843384
1764_02,1,0.086809486150741494,0.1076998114585876,0.096193671226501395,0.10758389532566071
1766_01,1,0.11909185349941249,0.1156271621584892,0.12589217722415921,0.1191632896661758
1767_01,4,0.99976384639740001,0.99974107742309559,0.9997803568840028,0.99961596727371216
1767_02,4,0.25822323560714722,0.1700466573238372,0.24006319046020499,0.12040508538484571
1767_03,4,0.98775666952133179,0.96414196491241455,0.98108220100402843,0.98062121868133545
1767_04,4,0.99980056285858165,0.99973678588867199,0.9998185634613036,0.99986541271209717
1768_01,1,0.061022572219371699,0.055075079202651901,0.0486235544085502,0.039179787039756699
1769_01,3,0.97870856523513805,0.96664118766784679,0.9764898419380188,0.9704439640045166
1770_01,4,0.99980598688125599,0.99977147579193115,0.99983203411102295,0.99973165988922119
1771_01,4,0.4243435263633728,0.41361641883850098,0.42653822898864741,0.38533076643943781
1772_01,3,0.1016426980495452,0.058924268931150402,0.068571731448173495,0.090065896511077798
1774_01,5,0.5007016658782959,0.48085123300552368,0.47714555263519282,0.477294921875
1775_01,3,0.46757376194000239,0.46061447262763971,0.46123775839805597,0.52820515632629395
1776_01,1,0.59267032146453857,0.58933019638061523,0.58670222759246826,0.6142418384552002
1778_01,2,0.64125549793243408,0.63944560289382935,0.64701604843139648,0.6376953125
1779_01,5,0.32876026630401611,0.34499108791351318,0.33490130305290222,0.34887698292732239
1781_01,4,0.99977868795394897,0.99973464012145996,0.9998379349708556,0.99953126907348644
1782_01,1,0.60435312986373901,0.60628652572631836,0.60725480318069458,0.599365234375
1782_02,1,0.15107771754264829,0.1681389510631561,0.14110232889652249,0.1374560594558715
1783_01,4,0.12013097852468491,0.12616610527038569,0.13314288854598999,0.070124536752700806
1783_02,4,0.59222412109375,0.56198489665985107,0.58527350425720215,0.55755174160003662
1785_01,1,0.56180053949356079,0.64766550064086914,0.61258739233016968,0.60846781730651855
1786_01,2,0.13584387302398679,0.2684272825717926,0.15722565352916709,0.51680827140808105
1792_01,1,0.080797210335731506,0.095670863986015306,0.075173854827880804,0.094426408410072299
1796_01,2,0.99905067682266235,0.99895018339157104,0.99932461977005005,0.99901938438415516
1797_01,1,0.99185425043106079,0.99101561307907104,0.98989766836166382,0.99338924884796143
1798_01,5,0.092165820300579002,0.040061835199594498,0.0326378978788852,0.057535223662853199
1799_01,3,0.15220905840396881,0.096346341073513003,0.1357390731573104,0.096449859440326594
1800_01,2,0.42615479230880737,0.47405475378036499,0.42467993497848511,0.41674807667732239
1800_02,2,0.54860079288482666,0.60040009021759033,0.54856252670288086,0.523193359375
1800_03,2,0.60170233249664307,0.61454087495803833,0.60628342628479004,0.65999102592468262
1800_04,2,0.51774889230728149,0.53860592842102051,0.51903235912322998,0.58203125
1800_05,2,0.56570863723754883,0.59224086999893188,0.58009004592895508,0.60595703125
1802_01,5,0.094257295131683294,0.016127211973071098,0.046125330030918101,0.0113627510145306
1803_01,1,0.1324899941682815,0.13251835107803339,0.12307225167751309,0.1021324023604393
1804_01,1,0.99109542369842518,0.98475241661071777,0.98911786079406738,0.99113339185714722
1805_01,4,0.46184819936752319,0.48579204082489008,0.44868564605712891,0.44611272215843201
1806_01,3,0.1767943799495697,0.15469902753829951,0.19601979851722709,0.17104136943817139
1807_01,3,0.034220203757286002,0.024198453873395899,0.029464814811944899,0.015410599298775101
1808_01,3,0.41788655519485468,0.36318439245223999,0.40357261896133417,0.34379628300666809
1810_01,2,0.1017791256308555,0.091149479150772095,0.097242198884487097,0.13438236713409421
1811_01,1,0.55399894714355469,0.56640630960464478,0.55448716878890991,0.58063578605651855
1811_02,1,0.12330552935600279,0.1046335101127624,0.1019517555832862,0.083632409572601304
1812_01,4,0.29089638590812678,0.30924338102340698,0.2915928065776825,0.2393162250518798
1813_01,3,0.22674275934696189,0.15610344707965851,0.19212590157985679,0.1141744256019592
1816_01,3,0.81840121746063232,0.71735632419586182,0.81334173679351807,0.71190857887268066
1816_02,3,0.99938958883285522,0.99893891811370839,0.99906563758850098,0.9995989203453064
1817_01,1,0.078463405370712197,0.075898632407188402,0.061280768364667802,0.034526295959949403
1818_01,2,0.63606393337249756,0.63610392808914185,0.62583452463150024,0.591064453125
1821_01,5,0.25716045498847961,0.22816166281700129,0.22170683741569519,0.21860226988792419
1822_01,3,0.51023662090301514,0.43180102109909058,0.48701518774032593,0.4199975430965423
1823_01,4,0.210887461900711,0.23149541020393369,0.20550538599491119,0.20351606607437131
1826_01,4,0.47685462236404419,0.49490460753440851,0.4834778904914856,0.55999231338500977
1827_01,5,0.098896607756614602,0.1009119749069213,0.083198949694633401,0.081736832857131902
1828_01,1,0.21417027711868281,0.26669770479202271,0.2297979444265365,0.34596776962280268
1829_01,2,0.75011998414993286,0.74414050579071045,0.73812347650527954,0.75597161054611206
1829_02,2,0.98817849159240723,0.99621492624282837,0.9850580096244812,0.99807167053222656
1829_03,2,0.73249894380569458,0.83143842220306396,0.72600525617599487,0.82480835914611816
1829_04,2,0.28870579600334167,0.28599131107330322,0.28734365105628967,0.25352171063423151
1829_05,2,0.99309289455413818,0.99149703979492199,0.99284160137176525,0.99299359321594238
1829_06,2,0.1055769845843315,0.1040034890174865,0.1041173264384269,0.0825180783867836
1831_01,3,0.49404644966125488,0.48815983533859247,0.50201398134231567,0.4619140625
1833_01,1,0.0010148147121071,0.00035447702975939998,0.0003668881545308,0.00014370519784270001
1834_01,4,0.72426390647888184,0.73038339614868164,0.72810530662536621,0.73818802833557129
1836_01,3,0.24850079417228699,0.23193670809268949,0.28410184383392328,0.199951171875
1841_01,4,0.12147329747676849,0.13364109396934509,0.13251987099647519,0.15441879630088801
1843_01,4,0.0985857248306274,0.2655931413173675,0.2050097584724426,0.3691867589950561
1844_01,5,0.075906395912170396,0.079908855259418404,0.071834750473499298,0.062531113624572698
1844_02,5,0.57036447525024414,0.60622477531433105,0.55663180351257324,0.60236841440200806
1844_03,5,0.58919894695281982,0.6326259970664978,0.60138070583343506,0.621337890625
1846_01,1,0.1092671751976013,0.11671142280101771,0.082606002688407898,0.081045329570770194
1847_01,4,0.19048723578453061,0.19216552376747131,0.19436146318912501,0.14990235865116119
1848_01,5,0.070862740278244005,0.069632939994335105,0.046401277184486299,0.043029293417930603
1849_01,4,0.064919643104076302,0.067306220531463595,0.068751625716686193,0.0248676035553216
1850_01,4,0.4786351323127746,0.48228654265403748,0.49183839559555048,0.450439453125
1850_02,4,0.1472337543964386,0.1325714290142059,0.13754087686538691,0.1040308400988578
1853_01,1,0.65201985836029053,0.69946300983428955,0.64857923984527588,0.70862209796905518
1854_01,2,0.99866604804992676,0.99904865026473999,0.99896275997161876,0.9989246129989624
1855_01,1,0.60971486568450928,0.58406144380569458,0.60756176710128784,0.59440839290618896
1855_02,1,0.46485418081283569,0.37703493237495422,0.41820275783538818,0.40690216422080988
1856_01,5,0.38386794924736017,0.419171541929245,0.38460597395896912,0.45361328125
1857_01,1,0.59703558683395386,0.58247774839401245,0.57808560132980347,0.6640625
1859_01,3,0.98115390539169323,0.97867733240127563,0.97972232103347778,0.97994261980056763
1860_01,3,0.025793295353651002,0.021678417921066201,0.01893001049757,0.0114334337413311
1860_02,3,0.5187225341796875,0.58156538009643555,0.52626049518585205,0.58977115154266357
1861_01,3,0.96853923797607422,0.95526021718978882,0.96609890460968018,0.94235426187515259
1861_02,3,0.102545641362667,0.106334388256073,0.1106389239430427,0.094534620642662007
1863_01,3,0.62742424011230469,0.60173881053924561,0.63722437620162964,0.6748892068862915
1864_01,5,0.087056078016757896,0.0869731605052948,0.063111379742622306,0.069908544421195901
1865_01,5,0.43626248836517328,0.45762777328491211,0.41923177242279053,0.38850757479667658
1865_02,5,0.43299314379692078,0.46043652296066279,0.43059530854225159,0.441162109375
1865_03,5,0.37418797612190241,0.38900071382522577,0.37349560856819147,0.406494140625
1865_04,5,0.41740244626998901,0.42423751950263971,0.4201202392578125,0.43732821941375732
1865_05,5,0.045704320073127698,0.045047078281641,0.028553284704685201,0.028603741899132701
1865_06,5,0.48800751566886902,0.48626613616943359,0.47360274195671082,0.47833478450775141
1866_01,4,0.10253928601741789,0.096466533839702606,0.10042312741279601,0.032788667827844599
1868_01,2,0.9748140573501588,0.97539186477661122,0.97721552848815918,0.96897250413894642
1871_01,1,0.99552088975906361,0.99623161554336559,0.99647444486618042,0.99937641620635997
1872_01,1,0.5108788013458252,0.58465409278869629,0.50099146366119385,0.56364905834197998
1873_01,4,0.49392741918563843,0.50625652074813843,0.47788986563682551,0.492919921875
1874_01,2,0.70903927087783813,0.65280795097351074,0.69763350486755371,0.675620436668396
1874_02,2,0.0235133580863475,0.0259605608880519,0.028886238113045599,0.040601477026939302
1877_01,1,0.110874056816101,0.1041727215051651,0.1124485731124877,0.076758012175559998
1878_01,4,0.1003836691379547,0.095061421394348103,0.083052739500999395,0.070020884275436401
1879_01,5,0.47563016414642328,0.35874462127685541,0.377287358045578,0.32560011744499201
1880_01,1,0.1448368430137634,0.14243552088737479,0.14828361570835111,0.20683762431144709
1881_01,4,0.074087962508201599,0.0467535890638828,0.071884810924530002,0.040211886167526197
1882_01,3,0.99928069114685059,0.99920690059661876,0.99961698055267323,0.999780774116516
1882_02,3,0.99424695968627919,0.9940163493156432,0.99340206384658802,0.99763107299804676
1884_01,3,0.56418198347091675,0.61185193061828613,0.55996739864349365,0.59563159942626953
1886_01,4,0.060134407132863998,0.052987396717071499,0.034994851797819103,0.070294253528118106
1887_01,2,0.49473515152931208,0.46731159090995789,0.48777651786804199,0.4596480131149292
1888_01,2,0.1019069850444793,0.090058609843254006,0.091627150774002006,0.059470966458320597
1889_01,2,0.097635716199874795,0.087930448353290502,0.089037656784057603,0.052430443465709603
1889_02,2,0.56704181432723999,0.56480157375335693,0.56292629241943359,0.53204953670501709
1890_01,1,0.69673836231231689,0.72920858860015869,0.69590723514556885,0.71369296312332153
1891_01,2,0.5525505542755127,0.56813341379165649,0.54601961374282837,0.56012856960296631
1892_01,3,0.19518789649009699,0.1575086712837219,0.1907451450824737,0.1933582723140716
1892_02,3,0.32576751708984369,0.34253954887390131,0.32989683747291559,0.2422348260879516
1892_03,3,0.0042124195024371,0.0037077267188577998,0.0020104614086448999,0.0013001121114939
1897_01,5,0.8513454794883728,0.81405115127563477,0.79104709625244141,0.97814661264419556
1897_02,5,0.77788478136062622,0.6704830527305603,0.63841438293457031,0.48193359375
1898_01,2,0.6297607421875,0.61467808485031128,0.62392342090606689,0.60051357746124268
1899_01,3,0.44375133514404291,0.40208211541175842,0.42702770233154291,0.45208504796028132
1901_01,1,0.95962774753570557,0.95819038152694702,0.9587728977203368,0.97486847639083862
1901_02,1,0.96567791700363159,0.96399402618408203,0.96427035331726085,0.97724467515945435
1902_01,4,0.061189834028482402,0.068429879844188607,0.062660902738571098,0.027766339480876898
1903_01,2,0.47457748651504511,0.4904614388942718,0.48014533519744867,0.46795028448104858
1905_01,1,0.031828742474317502,0.028347564861178301,0.0200049523264169,0.054653562605380998
1906_01,3,0.50972163677215576,0.47649705410003662,0.50937050580978394,0.49066108465194702
1907_01,1,0.4466713666915893,0.47480922937393188,0.44580289721488953,0.47795975208282471
1908_01,5,0.034513037651777198,0.0238052923232316,0.044100500643253299,0.0136154070496559
1911_01,1,0.17327690124511719,0.17459684610366821,0.17560881376266479,0.170748621225357
1915_01,5,0.16521170735359189,0.040841728448867798,0.083193764090537997,0.0138969775289297
1916_01,4,0.98272442817687999,0.98769932985305797,0.98458558320999157,0.99586284160614003
1916_02,4,0.054192267358303001,0.0318097323179245,0.047959096729755402,0.018580261617898899
1918_01,4,0.85636907815933228,0.84643638134002686,0.80835455656051636,0.86043471097946167
1918_02,4,0.98028546571731556,0.98650795221328735,0.98096084594726562,0.99282783269882202
1918_03,4,0.18364031612873069,0.20203724503517151,0.1905757784843444,0.1675324141979217
1920_01,5,0.051308289170265198,0.0212226621806621,0.0284681729972362,0.0150240762159228
1922_01,3,0.60228890180587769,0.54438841342926025,0.59338665008544922,0.587158203125
1923_01,3,0.77897775173187256,0.80864661931991577,0.80408483743667603,0.77993941307067871
1923_02,3,0.99710047245025635,0.99586421251296997,0.996912121772766,0.99654197692871083
1925_01,2,0.4898823201656341,0.49937406182289118,0.493606686592102,0.4856572151184082
1926_01,1,0.56145954132080078,0.55037093162536621,0.53822064399719238,0.54736435413360596
1927_01,1,0.038052067160606301,0.062511883676052094,0.041639607399702003,0.057674191892147002
1928_01,5,0.88221883773803711,0.96167564392089844,0.97107678651809681,0.96507483720779419
1931_01,5,0.99965465068817139,0.9992293119430542,0.99972259998321522,0.99942368268966675
1933_01,2,0.15145894885063171,0.13897451758384699,0.14474856853485099,0.1138771027326583
1935_01,2,0.68977832794189453,0.66969788074493408,0.69207882881164551,0.67529743909835815
1937_01,2,0.6021912693977356,0.64808553457260132,0.60072237253189087,0.544189453125
1938_01,4,0.3628767728805542,0.39451095461845398,0.37314796447753901,0.49609375
1939_01,1,0.1226746439933776,0.12080842256546021,0.1089345067739486,0.1117313951253891
1939_02,1,0.065339930355548803,0.075120538473129203,0.057200923562049803,0.067842185497283894
1940_01,4,0.52368223667144775,0.49711722135543818,0.52712810039520264,0.48650568723678589
1941_01,5,0.0921354740858078,0.087155401706695501,0.054627735167741699,0.063982382416725103
1942_01,5,0.33626306056976318,0.3603729903697967,0.4501268863677978,0.56267094612121582
1945_01,5,0.60439306497573853,0.42871701717376709,0.52922475337982178,0.458251953125
1946_01,1,0.0689417719841003,0.065598331391811301,0.037891630083322497,0.042286127805709797
1947_01,4,0.13377562165260309,0.1170182675123214,0.13334426283836359,0.041747618466615601
1950_01,3,0.084527373313903795,0.067957691848278004,0.0827614590525627,0.028453934937715499
1952_01,3,0.096472211182117407,0.086764574050903306,0.064637914299964905,0.050982456654310199
1953_01,5,0.098311655223369598,0.098084226250648499,0.062547065317630698,0.055830560624599401
1956_01,3,0.063050329685211098,0.053314618766307803,0.045781698077917099,0.037568211555480902
1956_02,3,0.15412443876266479,0.2056716978549957,0.14560499787330619,0.34564939141273499
1957_01,1,0.48184028267860413,0.49368000030517578,0.47982773184776301,0.51251500844955444
1959_01,2,0.99231940507888805,0.994653820991516,0.99373698234558105,0.99397790431976318
1959_02,2,0.0075373877771198004,0.0047065806575119001,0.0054336162284016002,0.0051431250758469001
1959_03,2,0.96653789281845082,0.98122072219848644,0.95899879932403564,0.98980891704559315
1960_01,4,0.71916300058364868,0.76013237237930298,0.77082329988479614,0.74261844158172607
1960_02,4,0.94138526916503917,0.9966214895248412,0.99224925041198719,0.99126923084259044
1961_01,4,0.12567847967147819,0.39692720770835871,0.30691862106323242,0.97485560178756725
1962_01,3,0.1064851731061935,0.089770108461380005,0.086517922580242101,0.070236921310424805
1962_02,3,0.65295374393463135,0.57531124353408813,0.63002514839172363,0.60383486747741699
1962_03,3,0.56995517015457153,0.5530160665512085,0.56015527248382568,0.53595894575119019
1963_01,2,0.070129506289958898,0.0547694712877273,0.067327231168746907,0.071434706449508598
1964_01,4,0.29928410053253168,0.25324666500091553,0.30147349834442139,0.2974383533000946
1967_01,4,0.50335639715194702,0.48742860555648798,0.48817276954650879,0.48108565807342529
1968_01,2,0.55612468719482422,0.54415029287338257,0.55169641971588135,0.5128205418586731
1969_01,4,0.91759067773818959,0.85942763090133667,0.88014358282089233,0.82996839284896851
1971_01,4,0.1157086193561554,0.090798921883106204,0.086785212159156799,0.041372325271367999
1973_01,4,0.99602806568145763,0.99665266275405884,0.99616992473602295,0.99844706058502197
1974_01,1,0.0307698771357536,0.042056400328874498,0.037055201828479697,0.0342981815338134
1975_01,1,0.069390624761581393,0.059605751186609199,0.045833386480808203,0.049556892365217202
1976_01,3,0.9993608593940736,0.99951428174972523,0.99952644109725963,0.99988126754760742
1976_02,3,0.87050193548202515,0.83385562896728516,0.82739317417144775,0.82671713829040527
1976_03,3,0.99926626682281483,0.99924707412719715,0.99912506341934204,0.99973714351654042
1976_04,3,0.1080152168869972,0.097247712314128806,0.0881398916244506,0.052906528115272501
1976_05,3,0.99952906370162964,0.99947690963745117,0.99949598312377919,0.99983996152877797
1976_06,3,0.99862980842590321,0.99863898754119884,0.99823677539825439,0.99921160936355602
1976_07,3,0.99838465452194203,0.99837911128997803,0.99802547693252563,0.99894160032272339
1977_01,1,0.98612529039382923,0.97749650478363037,0.98090696334838878,0.97914350032806396
1978_01,4,0.5414806604385376,0.57779437303543091,0.51913547515869141,0.62848532199859619
1979_01,1,0.19230502843856809,0.1977417171001434,0.21567951142787931,0.15728700160980219
1980_01,3,0.46342888474464411,0.41857591271400452,0.47266954183578491,0.4520802497863769
1980_02,3,0.082222290337085696,0.1246316879987716,0.098327055573463398,0.13209885358810419
1980_03,3,0.47689664363861078,0.45896577835083008,0.4829075038433075,0.47356832027435303
1981_01,2,0.14952574670314789,0.1010942906141281,0.13324713706970209,0.078117385506629902
1983_01,1,0.093842200934886905,0.087271757423877702,0.070159494876861503,0.039423897862434297
1984_01,3,0.96237862110137939,0.96698188781738281,0.96988600492477417,0.98984193801879883
1985_01,1,0.99448692798614502,0.99251627922058105,0.99308544397354115,0.99329102039337158
1988_01,5,0.53784829378128052,0.53652667999267578,0.5422518253326416,0.561767578125
1991_01,3,0.13365526497364039,0.10850731283426281,0.1054072678089141,0.1504564434289932
1991_02,3,0.84300738573074341,0.90719610452651978,0.95730704069137562,0.9732171893119812
1992_01,3,0.97210335731506359,0.96055793762207042,0.97066289186477661,0.94896042346954357
1993_01,4,0.1201993599534034,0.13389512896537781,0.1176018416881561,0.15849904716014859
1994_01,3,0.044667694717645597,0.029885187745094299,0.014138158410787501,0.0072732074186204997
1995_01,5,0.080373659729957497,0.076802030205726596,0.052669528871774597,0.063847512006759602
1996_01,4,0.1081212684512138,0.098821029067039406,0.1208081841468811,0.024385290220379802
1997_01,1,0.73866504430770874,0.75448781251907349,0.7752680778503418,0.74340176582336426
1999_01,3,0.117078997194767,0.082394592463970101,0.078166857361793504,0.0345055758953094
2000_01,3,0.99931889772415161,0.99918168783187877,0.99946045875549316,0.99973940849304199
2001_01,5,0.185642659664154,0.17542882263660431,0.1328700184822082,0.171630859375
2003_01,3,0.064299166202545097,0.032913610339164699,0.039046730846166597,0.024845987558364799
2006_01,2,0.41094684600830078,0.42420384287834167,0.39954179525375361,0.345703125
2006_02,2,0.43817138671875,0.45654109120368958,0.44135725498199457,0.451171875
2006_03,2,0.6013181209564209,0.60902690887451172,0.60556507110595703,0.6278388500213623
2007_01,3,0.99744504690170277,0.99809825420379639,0.99786782264709484,0.9994097352027892
2009_01,1,0.3133341372013092,0.3317739069461822,0.35050559043884277,0.36083984375
2009_02,1,0.98721724748611439,0.98981803655624401,0.98771011829376221,0.99495720863342285
2009_03,1,0.99473905563354481,0.99438941478729237,0.99421089887619019,0.99581533670425415
2010_01,3,0.62756729125976562,0.59903621673583984,0.61270642280578613,0.57854533195495605
2011_01,1,0.54232531785964966,0.555034339427948,0.55295240879058838,0.54969555139541626
2012_01,4,9.0307024947833283e-05,5.2508894441416487e-05,4.3077387090306729e-05,4.6519220632035285e-05
2013_01,1,0.1072983220219612,0.091623969376087105,0.081847935914993203,0.053756065666675498
2015_01,1,0.081249155104160295,0.097725585103034904,0.1089901402592659,0.3393047153949737
2019_01,3,0.97961789369583119,0.98165100812911998,0.98191952705383301,0.99085116386413563
2019_02,3,0.00074984069215130002,0.00048929010517889996,0.00032257623388429998,0.00028038129676130001
2022_01,4,0.4416781067848205,0.46496647596359247,0.45263990759849548,0.38079026341438288
2024_01,1,0.50767356157302856,0.48167392611503601,0.48875647783279419,0.49072039127349848
2024_02,1,0.63251191377639771,0.71153885126113892,0.65518826246261597,0.728515625
2026_01,3,0.4677558541297912,0.463835209608078,0.47657692432403559,0.4791208803653717
2026_02,3,0.64554697275161743,0.56576108932495117,0.64048027992248535,0.619384765625
2026_03,3,0.175693079829216,0.1513258814811706,0.1545841246843338,0.12510797381401059
2027_01,3,0.55035340785980225,0.54018056392669678,0.56941473484039307,0.5947265625
2028_01,1,0.090914696455001803,0.090790502727031694,0.075880244374275194,0.065115310251712799
2029_01,5,0.67395079135894775,0.67661488056182861,0.6924285888671875,0.75889778137207031
2032_01,2,0.96779179573059082,0.97199606895446777,0.97252917289733876,0.96452593803405762
2034_01,1,0.1264132559299469,0.1376373022794723,0.13483326137065879,0.2432663738727569
2038_01,5,0.45803532004356379,0.4273963570594787,0.4403318464756012,0.467041015625
2040_01,1,0.99917101860046398,0.99898672103881836,0.99921858310699463,0.99922353029251099
2040_02,1,0.99932396411895763,0.99913817644119263,0.99926751852035522,0.99930691719055176
2041_01,2,0.47485339641571039,0.482895016670227,0.4849857091903686,0.44743931293487549
2042_01,5,0.092121496796607902,0.077033624053001404,0.059703171253204297,0.057433754205703701
2043_01,2,0.97315549850463878,0.97391617298126221,0.9750499129295348,0.96570169925689697
2044_01,2,0.37414699792861938,0.30139189958572388,0.34671846032142639,0.27632039785385132
2045_01,4,0.60037732124328613,0.63130801916122437,0.58551037311553955,0.63663995265960693
2046_01,1,0.71374589204788208,0.7432214617729187,0.713542640209198,0.71939778327941895
2051_01,1,0.72359943389892578,0.81885957717895508,0.89819550514221191,0.87985444068908691
2052_01,1,0.41723531484603882,0.3913950622081756,0.4061776995658874,0.3377289474010467
2053_01,5,0.0040170140564440996,0.0039167134091257997,0.0019141278462484,0.00021142387413410001
2054_01,4,0.1225324720144271,0.14267806708812711,0.14703771471977231,0.19506928324699399
2055_01,5,0.30711901187896729,0.31923708319664001,0.31663018465042109,0.32096311450004578
2055_02,5,0.12202133238315579,0.1557264029979705,0.32129508256912231,0.15602658689022059
2055_03,5,0.5385737419128418,0.54043841361999512,0.51608079671859741,0.55528438091278076
2055_04,5,0.39555001258850098,0.37009677290916437,0.38275068998336792,0.35115322470664978
2055_05,5,0.55287313461303711,0.54826259613037109,0.54136538505554199,0.5
2055_06,5,0.47378063201904291,0.43821418285369867,0.44218340516090388,0.403076171875
2056_01,2,0.44895836710929871,0.48368829488754272,0.464793860912323,0.44182220101356501
2056_02,2,0.083578348159789997,0.064955554902553503,0.073532044887542697,0.048697218298912
2056_03,2,0.049927052110433502,0.042183417826890897,0.053936734795570297,0.049805641174316399
2056_04,2,0.63820177316665649,0.62147819995880127,0.63226211071014404,0.60995852947235107
2059_01,2,0.093371540307998602,0.10434532910585401,0.097450345754623399,0.26349934935569758
2060_01,1,0.062949642539024298,0.0480809696018695,0.034045763313770197,0.044288348406553199
2061_01,4,0.984344482421875,0.99075013399124157,0.98720479011535645,0.99826955795288075
2062_01,4,0.16140928864479059,0.1657589972019195,0.15120092034339899,0.148032546043396
2063_01,5,0.54934924840927124,0.55009251832962036,0.55177479982376099,0.56120979785919189
2065_01,4,0.030790895223617502,0.0260905604809522,0.0205236226320266,0.0075680594891309001
2066_01,3,0.48438951373100281,0.47196498513221741,0.48683002591133118,0.47252747416496271
2067_01,2,0.9750400185585022,0.98710447549819957,0.97890806198120117,0.98739469051361084
2067_02,2,0.0095077753067015994,0.0075010857544839001,0.0068722511641681003,0.0125096794217824
2070_01,2,0.40930253267288208,0.6624341607093811,0.4981960654258728,0.94932109117507923
2071_01,1,0.60277998447418213,0.64552503824234009,0.63535499572753906,0.58056640625
2071_02,1,0.997361660003662,0.99862968921661377,0.99717313051223755,0.9992769956588744
2073_01,2,0.105421632528305,0.082752279937267303,0.096122831106185899,0.077935695648193304
2074_01,3,0.0012039778521283999,0.000884277105797,0.00049649388529360002,0.00012982904445370001
2074_02,3,0.99500989913940441,0.99418330192565918,0.99476945400238037,0.99688494205474842
2075_01,4,0.13761481642723081,0.1047087609767913,0.1190799176692962,0.058966465294361101
2080_01,2,0.11673314869403829,0.1106818616390228,0.1165777444839477,0.049472711980342803
2081_01,2,0.55093419551849365,0.52274566888809204,0.56528258323669434,0.45574355125427241
2082_01,4,0.1006525605916976,0.065101742744445801,0.077238805592060006,0.0385448783636093
2083_01,2,0.110263355076313,0.096929796040058094,0.1023889705538749,0.077449321746826102
2084_01,2,0.00020573534129650001,0.00013638976088249999,0.00016509619308630001,8.8564636826049536e-05
2084_02,2,0.88248676061630249,0.87321490049362183,0.89245468378067017,0.87454235553741455
2085_01,3,0.0016582361422479001,0.0027019695844501001,0.00087812985293560003,0.0012833960354327999
2086_01,3,0.85424810647964478,0.86978346109390259,0.85224306583404541,0.80102181434631348
2086_02,3,0.36375254392623901,0.40670627355575562,0.35511913895606989,0.41015625
2087_01,3,0.51017820835113525,0.4888400137424469,0.47271698713302612,0.39582383632659912
2088_01,2,0.65969282388687134,0.64603960514068604,0.64270418882369995,0.58088135719299316
2088_02,2,0.056734401732683098,0.069696769118308993,0.060985893011093098,0.2218221127986908
2089_01,2,0.1097680628299713,0.090475596487522097,0.098170183598995195,0.068100638687610598
2090_01,3,0.44506901502609247,0.52978783845901489,0.63047748804092407,0.90031743049621582
2091_01,3,0.12233519554138179,0.078297063708305303,0.0936320126056671,0.037226989865302998
2092_01,2,0.89075279235839844,0.946569323539734,0.91103279590606678,0.95740705728530884
2092_02,2,0.066314063966274206,0.089888475835323306,0.081107020378112696,0.052792184054851497
2092_03,2,0.0121775902807712,0.0040521877817809001,0.0104702003300189,0.0047431569546461001
2092_04,2,0.094063684344291604,0.0634493678808212,0.085793912410736001,0.069420240819454193
2092_05,2,0.084684386849403298,0.059871751815080601,0.077870093286037403,0.054384991526603699
2094_01,5,0.97239166498184204,0.97476291656494141,0.97566235065460205,0.97982305288314819
2095_01,1,0.11298768222331999,0.105239450931549,0.091070622205734197,0.13371424376964569
2096_01,4,0.1044519916176796,0.1223221272230148,0.10367182642221449,0.176025390625
2096_02,4,0.065371826291084206,0.066915929317474296,0.057875350117683397,0.032447971403598702
2097_01,3,0.99947547912597656,0.99942427873611439,0.99942308664321899,0.99985265731811523
2099_01,4,0.99044716358184803,0.98132944107055664,0.98535746335983276,0.994193434715271
2100_01,1,0.39530044794082642,0.39408314228057861,0.40389454364776611,0.41364908218383789
2102_01,2,0.071027234196662903,0.075455375015735598,0.090197764337062794,0.064265601336955996
2104_01,4,0.13228507339954371,0.1067645996809005,0.1163588911294937,0.055486734956502901
2104_02,4,0.32387211918830872,0.32673865556716919,0.3228147029876709,0.33228456974029541
2105_01,5,0.66227054595947266,0.68365120887756348,0.65319514274597168,0.6984783411026001
2106_01,2,0.00097470358014099996,0.0004078072961419,0.00089618953643360005,0.00037821492878720002
2107_01,2,0.093375675380229894,0.051972627639770501,0.082474373281002003,0.016875714063644399
2110_01,1,0.51991397142410278,0.52789628505706787,0.51269775629043579,0.53442132472991943
2111_01,3,0.48539257049560541,0.38639342784881592,0.38151153922080988,0.23916235566139221
2112_01,5,0.032294481992721502,0.016308719292282999,0.0205854922533035,0.0066197537817060002
2114_01,2,0.99968129396438599,0.99969792366027843,0.99974524974822998,0.99968039989471436
2115_01,4,0.99893057346344005,0.99850165843963623,0.99905288219451904,0.99935692548751842
2116_01,2,0.4944148063659668,0.49907019734382629,0.49513247609138489,0.485107421875
2117_01,4,0.00052763067651539998,0.00048156487173400001,0.00042586447671049999,0.00042144570033990001
2118_01,1,0.64096808433532715,0.65787601470947266,0.63222146034240723,0.64159685373306274
2120_01,3,0.88126540184020996,0.81716275215148926,0.83484083414077759,0.81772041320800781
2121_01,1,0.50065439939498901,0.51925790309906006,0.49481159448623657,0.51544368267059326
2123_01,4,0.63183629512786865,0.57116037607192993,0.61439967155456543,0.55193555355072021
2123_02,4,0.73876422643661499,0.7011791467666626,0.73614507913589478,0.69759678840637207
2124_01,2,0.094026662409305503,0.078983254730701405,0.1058534830808639,0.067786142230033805
2125_01,1,0.17195881903171539,0.14542692899703979,0.13158662617206571,0.118325725197792
2126_01,1,0.095853932201862294,0.085034385323524406,0.072018839418887995,0.059384770691394799
2127_01,2,0.1470537930727005,0.26986423134803772,0.1760788559913635,0.52808302640914917
2128_01,2,0.095682308077812195,0.068062148988246904,0.093536294996738406,0.035407610237598398
2129_01,2,0.096280738711357103,0.090308390557765905,0.090467870235443101,0.069965071976184803
2130_01,5,0.20726342499256131,0.18324039876461029,0.1698652952909469,0.1332281082868576
2131_01,4,0.099002748727798406,0.020918149501085202,0.025650706142187101,0.031568404287099797
2133_01,4,0.12228862941265101,0.1172551810741424,0.129610925912857,0.074985198676586096
2133_02,4,0.99413883686065685,0.98984384536743164,0.99161249399185181,0.99292385578155518
2134_01,4,0.1200619637966156,0.1268845200538635,0.12530517578125,0.1455433517694473
2135_01,1,0.046327009797096197,0.056854870170354802,0.0325172469019889,0.054818980395793901
2135_02,1,0.1388491690158844,0.13572528958320609,0.103653997182846,0.132929727435112
2136_01,3,0.17829927802085871,0.33030727505683899,0.34530222415924072,0.43814626336097717
2137_01,4,0.9565434455871582,0.95560097694396962,0.94409167766571045,0.93406897783279419
2137_02,4,0.99152946472167958,0.98955971002578735,0.99241644144058239,0.99158203601837158
2137_03,4,0.99219483137130737,0.98998045921325684,0.99315536022186279,0.992431640625
2138_01,1,0.57627594470977783,0.54454529285430908,0.58068716526031494,0.62492549419403076
2139_01,4,0.9922301173210144,0.98691803216934204,0.98800253868103038,0.98812699317932118
2140_01,3,0.53985595703125,0.51446306705474854,0.52122342586517334,0.56267547607421875
2141_01,2,0.91190445423126221,0.89904934167861938,0.90976643562316895,0.88058608770370483
2142_01,1,0.9784846305847168,0.97125804424285878,0.97261762619018555,0.97659975290298462
2143_01,4,0.13807159662246701,0.162420779466629,0.14369902014732361,0.1991687268018722
2143_02,4,0.45684307813644409,0.47234863042831421,0.44273108243942261,0.42790853977203369
2144_01,2,0.55562746524810791,0.58920896053314209,0.57304167747497559,0.54296875
2145_01,1,0.60646998882293701,0.55610835552215576,0.60172790288925171,0.54107803106307983
2147_01,3,0.0283902660012245,0.015178374946117399,0.0099576571956275992,0.0050270408391952003
2148_01,2,0.12761938571929929,0.1473877131938934,0.139105424284935,0.084849223494529696
2149_01,4,0.99955457448959362,0.99935364723205555,0.99966150522232056,0.99960458278655995
2150_01,5,0.59081900119781494,0.58275490999221802,0.58656644821166992,0.5831800103187561
2152_01,2,0.038767375051975202,0.019855897873640001,0.038371559232473297,0.016357908025383901
2153_01,3,0.54833841323852539,0.4997545182704925,0.53952240943908691,0.47112923860549921
2154_01,2,0.080289497971534701,0.057721663266420302,0.081310622394084903,0.042811665683984701
2156_01,5,0.0723543465137481,0.062967479228973305,0.053930453956127097,0.060066077858209603
2158_01,4,0.52205061912536621,0.49980178475379938,0.51013219356536865,0.36246442794799799
2159_01,5,0.93916606903076161,0.95822429656982422,0.93541544675827037,0.98283517360687256
2161_01,4,0.96956181526184082,0.96261918544769276,0.96228665113449097,0.95391559600830078
2162_01,2,0.97272634506225597,0.97497630119323719,0.97479116916656483,0.962455153465271
2162_02,2,0.99268233776092518,0.98868584632873535,0.99334645271301281,0.98695403337478638
2163_01,5,0.090948604047298404,0.078032739460468195,0.053118910640478099,0.072528354823589297
2164_01,4,0.99216532707214355,0.99167555570602417,0.99282526969909679,0.99547624588012695
2167_01,4,0.39093595743179321,0.37229669094085688,0.36944523453712458,0.61843580007553101
2168_01,2,0.97157585620880116,0.9741659164428712,0.9725152850151062,0.96442925930023204
2168_02,2,0.29380613565444941,0.29981076717376709,0.30722463130950928,0.3313700258731842
2171_01,3,0.1159035861492157,0.063478328287601402,0.088245511054992606,0.0122446613386273
2171_02,3,0.00060801132349289999,0.00068689661566160003,0.0003268866857979,0.00020150440104769999
2172_01,3,0.62207019329071045,0.59727168083190918,0.57582592964172363,0.5844036340713501
2173_01,1,0.63785934448242188,0.65694284439086914,0.62756359577178955,0.64167797565460205
2175_01,3,0.58512014150619507,0.54847919940948486,0.58001440763473511,0.58656901121139526
2177_01,1,0.98908418416976918,0.98376184701919556,0.98688006401062001,0.98466777801513683
2179_01,1,0.10472973436117169,0.1080060973763465,0.1014263480901718,0.0380012243986129
2180_01,3,0.1289219856262207,0.1161527782678604,0.1066625118255615,0.082735277712345096
2182_01,4,0.1292884945869445,0.088748708367347703,0.14046184718608851,0.052089497447013799
2183_01,5,0.093281909823417594,0.090969160199165303,0.106586679816246,0.072093024849891593
2183_02,5,0.1113958805799484,0.1727295368909835,0.23485341668128959,0.384452074766159
2186_01,5,0.51945394277572632,0.51609718799591064,0.51705741882324219,0.52947413921356201
2187_01,3,0.088193327188491794,0.0549213662743568,0.0523879081010818,0.028457744047045701
2188_01,4,0.1832366734743118,0.16903701424598691,0.15191283822059631,0.1026744842529296
2189_01,1,0.065878197550773607,0.065448209643363897,0.044569134712219197,0.044861413538455901
2190_01,3,0.10062693059444421,0.1176284179091453,0.1208095550537109,0.15129357576370239
2191_01,5,0.98466145992279042,0.98360878229141235,0.98540115356445324,0.98262441158294678
2193_01,3,0.34861418604850769,0.27214953303337092,0.30426645278930659,0.2335374653339386
2194_01,3,0.4629510343074798,0.44501236081123352,0.4710047841072082,0.47674396634101868
2195_01,4,0.14256913959980011,0.15655562281608579,0.1478711068630218,0.20556640625
2196_01,2,0.00033389759482810002,0.00021254802413750001,0.00031501366174769999,0.000245465838816
2196_02,2,0.99464577436447144,0.99848306179046642,0.99459028244018555,0.99883043766021717
2196_03,2,0.97686314582824718,0.98071539402008057,0.97755223512649536,0.98188871145248402
2196_04,2,0.039494272321462597,0.031549375504255198,0.033550977706909103,0.032011959701776498
2198_01,3,0.68170058727264404,0.66449368000030518,0.67845922708511353,0.72649574279785156
2200_01,2,0.17259544134140009,0.15991455316543579,0.16470827162265769,0.14492043852806091
2201_01,1,0.22719393670558929,0.1793602108955383,0.180382564663887,0.1187616884708404
2202_01,4,0.090269736945629106,0.081583127379417406,0.076483026146888705,0.042611718177795403
2203_01,3,0.057570528239011702,0.057046145200729301,0.051317706704139703,0.029059216380119299
2204_01,1,0.99941283464431763,0.99939548969268799,0.99942797422409058,0.99957668781280518
2205_01,3,0.0295103508979082,0.020359411835670398,0.0118772331625223,0.010367177426815
2206_01,5,0.3896853625774383,0.41227570176124573,0.3558631539344787,0.44294127821922302
2207_01,5,0.1161836832761764,0.096600607037544195,0.066921219229698098,0.11149035394191741
2209_01,4,0.1203680485486984,0.1088860780000686,0.1147785782814025,0.034393608570098801
2210_01,5,0.5400269627571106,0.52877998352050781,0.53750848770141602,0.53668582439422607
2211_01,5,0.47254693508148188,0.48070117831230158,0.44591215252876282,0.36832913756370539
2212_01,3,0.022303009405732099,0.023758228868245999,0.024071782827377299,0.028451545163989001
2215_01,1,0.98295265436172485,0.96563464403152477,0.98690390586853038,0.97068125009536743
2215_02,1,0.8199455738067627,0.81043481826782227,0.82047885656356812,0.81421571969985962
2215_03,1,0.94924020767211925,0.93863296508789062,0.92897248268127441,0.95851004123687744
2215_04,1,0.6602289080619812,0.63101983070373535,0.678955078125,0.71908187866210938
2219_01,3,0.65240210294723511,0.64125508069992065,0.65450179576873779,0.63923931121826172
2220_01,3,0.49064400792121882,0.48982319235801691,0.48094823956489557,0.54052412509918213
2221_01,2,0.55708342790603638,0.55427742004394531,0.55114728212356567,0.51763916015625
2223_01,1,0.079600282013416193,0.070144057273864704,0.062845490872859899,0.071031801402568803
2224_01,4,0.30103695392608643,0.29014909267425532,0.29042255878448481,0.27018129825592041
2225_01,2,0.56084215641021729,0.55819994211196899,0.55833142995834351,0.51959323883056641
2228_01,5,0.050859618932008702,0.0362854748964309,0.024921678006649,0.027804210782051
2229_01,4,0.17844028770923609,0.21719907224178309,0.19096696376800529,0.22914549708366391
2231_01,3,0.080833971500396701,0.071796990931034005,0.0529090277850627,0.091357775032520294
2232_01,3,0.4320330023765564,0.38100013136863708,0.40676671266555781,0.377685546875
2232_02,3,0.54413127899169922,0.51734983921051025,0.50207442045211792,0.43488365411758417
2233_01,4,0.1009990274906158,0.1481346189975738,0.15760205686092371,0.078829094767570496
2234_01,5,0.98400348424911499,0.98489725589752197,0.98459601402282715,0.98451000452041637
2234_02,5,0.98784804344177235,0.98753952980041504,0.98881572484970082,0.98768371343612682
2234_03,5,0.096210896968841497,0.1083694770932197,0.091527372598648002,0.097707360982894897
2234_04,5,0.4298118650913238,0.57295894622802734,0.40352898836135859,0.56195068359375
2234_05,5,0.44407278299331659,0.39089235663414001,0.35988837480545038,0.34268978238105768
2234_06,5,0.99280971288681041,0.99068850278854359,0.99325275421142578,0.98984813690185558
2234_07,5,0.050368130207061698,0.034696280956268297,0.0309189669787883,0.0125815346837043
2235_01,3,0.36312061548233032,0.31693455576896667,0.36092126369476318,0.20985803008079529
2237_01,1,0.16112810373306269,0.1668191850185394,0.13555964827537531,0.093050397932529394
2237_02,1,0.99957346916198719,0.99932950735092163,0.99944597482681286,0.99946862459182739
2238_01,3,0.96218860149383545,0.94692420959472656,0.96462464332580555,0.93219882249832164
2239_01,4,0.29619988799095148,0.30601266026496882,0.28996977210044861,0.272216796875
2241_01,4,0.50370824337005615,0.44297540187835688,0.44993245601654053,0.43683230876922607
2243_01,4,0.1697626113891601,0.1885363757610321,0.16611203551292419,0.1729534566402435
2251_01,4,0.0011230630334466,0.00076668069232250005,0.00033837155206119999,0.0001911142026074
2251_02,4,0.17477060854434959,0.27047351002693171,0.2160176336765289,0.31639501452445978
2252_01,3,0.14480137825012199,0.12694491446018219,0.1414022296667099,0.070027440786361694
2253_01,3,0.1278596222400665,0.22398379445075989,0.2371990084648132,0.27914044260978699
2254_01,3,0.086778178811073303,0.048082903027534402,0.056113887578248901,0.084989100694656303
2255_01,1,0.99539488554000843,0.99556881189346325,0.99464261531829845,0.99578011035919201
2255_02,1,0.98102498054504395,0.98308950662612915,0.9800824522972108,0.9845326542854308
2256_01,4,0.46044954657554621,0.46961939334869379,0.4502493143081665,0.44426941871643061
2257_01,4,0.74751198291778564,0.77743303775787354,0.75764232873916626,0.79194104671478271
2257_02,4,0.99833518266677856,0.99814116954803478,0.99830168485641479,0.99884051084518444
2258_01,2,0.47889390587806702,0.48953032493591309,0.48849621415138239,0.45849609375
2261_01,5,0.5994880199432373,0.58145380020141602,0.68768894672393799,0.63709801435470581
2262_01,3,0.166884034872055,0.13121004402637479,0.19799083471298209,0.18686683475971219
2263_01,2,0.0955793261528015,0.096408374607563005,0.10036787390708921,0.081714816391468006
2264_01,1,0.107367068529129,0.1027891188859939,0.147774338722229,0.316732257604599
2266_01,1,0.086143322288990007,0.11058184504508969,0.1034231707453727,0.18632479012012479
2267_01,4,0.1107768416404724,0.59729576110839844,0.44995772838592529,0.70596790313720703
2268_01,5,0.53265267610549927,0.53879380226135254,0.52983379364013672,0.55720078945159912
2269_01,4,0.96672743558883678,0.95717161893844604,0.95564931631088257,0.94386124610900879
2270_01,4,0.41384398937225342,0.38753461837768549,0.42087328433990479,0.40520256757736201
2272_01,3,0.48951402306556702,0.43964684009552002,0.49354574084281921,0.4564778208732605
2272_02,3,0.65927612781524658,0.65805977582931519,0.66566824913024902,0.65209293365478516
2272_03,3,0.51290857791900635,0.47859138250350952,0.51130473613739014,0.483154296875
2273_01,3,0.040053661912679603,0.023501032963395101,0.0080738971009849999,0.0040648831054567996
2274_01,5,0.99593871831893921,0.99661397933959961,0.99709981679916382,0.99595516920089722
2274_02,5,0.997145175933838,0.99753886461257923,0.99781113862991322,0.99706649780273438
2275_01,2,0.39237615466117859,0.35388511419296259,0.35553234815597529,0.38004177808761591
2277_01,4,0.55541276931762695,0.52032017707824707,0.54144597053527832,0.52301335334777832
2278_01,1,0.99356210231780995,0.99444001913070679,0.9923838973045348,0.99566239118576039
2279_01,3,0.021642213687300599,0.016066208481788601,0.013619786128401701,0.0095858005806802992
2280_01,4,0.00013152744213579999,6.6551081545185298e-05,5.5629861890338361e-05,4.0410312067251652e-05
2281_01,2,0.61960047483444214,0.55213618278503418,0.658896803855896,0.53237205743789673
2282_01,1,0.18389670550823209,0.17179194092750549,0.18642093241214749,0.14300860464572901
2284_01,1,0.0061014569364488003,0.0027467331383377001,0.0037590796127915001,0.0012945679482072
2287_01,4,0.10123561322689049,0.12313012778759,0.1119054704904556,0.16097989678382871
2288_01,4,0.70094889402389526,0.73491978645324707,0.74583381414413452,0.77685546875
2289_01,4,0.87238979339599609,0.84318214654922485,0.87503278255462646,0.89830231666564941
2291_01,2,0.57034939527511597,0.58573698997497559,0.5614660382270813,0.54163610935211182
2291_02,2,0.11785939335823049,0.0897647589445114,0.108778178691864,0.072859600186347906
2291_03,2,0.1291514039039611,0.12887924909591669,0.1208569183945655,0.14941407740116119
2295_01,3,0.073736868798732702,0.070010870695114094,0.054734814912080702,0.042651142925023998
2295_02,3,0.081351339817047105,0.0433350354433059,0.045818340033292701,0.019922321662306699
2296_01,1,0.55862772464752197,0.58297264575958252,0.55949199199676514,0.586669921875
2298_01,4,0.1980482935905456,0.1634914875030517,0.155057668685913,0.084416255354881203
2299_01,5,0.1335118561983108,0.12456624209880821,0.1161442399024963,0.1173233687877655
2300_01,3,0.0014127024915068999,0.0013047737302257999,0.0012463546590879,0.00065105920657509996
2300_02,3,0.00020823115482919999,0.0001554184564156,9.4083850854076445e-05,6.1448517953976989e-05
2301_01,2,0.1143521964550018,0.12930658459663391,0.1085951775312423,0.1450176984071731
2301_02,2,0.081581994891166604,0.075805306434631306,0.085631549358367906,0.067842558026313698
2301_03,2,0.130228117108345,0.16447143256664271,0.1226891800761222,0.154142141342163
2302_01,2,0.0114896204322576,0.0052311453036963003,0.0109167527407407,0.0051224688068031996
2303_01,1,0.1209946572780609,0.13730074465274811,0.1288656592369079,0.22691003978252411
2305_01,1,0.47801223397254938,0.46775761246681208,0.4825279712677002,0.4767436683177948
2306_01,3,0.89325523376464844,0.87469494342803955,0.89740979671478271,0.83891952037811279
2306_02,3,0.57510042190551758,0.69073426723480225,0.60676836967468262,0.68359375
2306_03,3,0.0022184692788868999,0.0023623926099388998,0.0016644770512357001,0.0024941195733845
2306_04,3,0.99934512376785278,0.99935394525527965,0.99952340126037598,0.99990230798721325
2306_05,3,0.99702578783035278,0.99637717008590698,0.99663901329040516,0.9975813627243042
2306_06,3,0.2968402206897735,0.30584302544593811,0.33713731169700623,0.36245790123939509
2308_01,2,0.995813488960266,0.99557328224182118,0.99574917554855358,0.99626493453979481
2308_02,2,0.35156130790710449,0.33732092380523682,0.34209984540939331,0.26567134261131281
2308_03,2,0.00022428267402569999,0.00010875791485880001,0.00015674612950529999,7.5184507295489311e-05
2308_04,2,0.97308790683746338,0.97055625915527344,0.97298163175582875,0.94052845239639282
2309_01,1,0.61061131954193115,0.57479369640350342,0.60280096530914307,0.53094089031219482
2310_01,1,0.9911099076271056,0.99515223503112804,0.99100196361541759,0.99586522579193115
2310_02,1,0.97970563173294078,0.98872947692871083,0.97868591547012318,0.99022018909454357
2310_03,1,0.0137131083756685,0.012696904130280001,0.018102765083312902,0.0054843104444443997
2310_04,1,0.98191028833389282,0.99015498161315918,0.9790055751800536,0.99270015954971325
2311_01,4,0.2184206545352935,0.30554461479187012,0.2617633044719696,0.41375279426574701
2312_01,1,0.59607744216918945,0.5894964337348938,0.59246563911437988,0.57470703125
2313_01,5,0.13152375817298889,0.12541110813617701,0.0982066765427589,0.12828217446804041
2314_01,3,0.52327114343643188,0.49702483415603638,0.52275317907333374,0.52105879783630371
2315_01,5,0.99329715967178345,0.99488711357116699,0.99510735273361195,0.993247389793396
2316_01,4,0.52099555730819702,0.52850222587585449,0.50587618350982666,0.494447112083435
2317_01,3,0.127901941537857,0.116924375295639,0.1041482165455818,0.066961847245693207
2318_01,5,0.41754686832427979,0.39138230681419373,0.42946654558181763,0.4996832013130188
2319_01,5,0.67377007007598877,0.66463077068328857,0.67702513933181763,0.64753818511962891
2320_01,3,0.41776746511459351,0.41524255275726318,0.49272170662879938,0.36385834217071528
2321_01,4,0.54014438390731812,0.52519619464874268,0.51254165172576904,0.50390625
2325_01,2,0.56831419467926025,0.56556910276412964,0.56459057331085205,0.56877744197845459
2327_01,3,0.76618450880050659,0.85239541530609131,0.72527915239334106,0.83368700742721558
2329_01,3,0.98139733076095581,0.97066760063171398,0.97899079322814941,0.98257642984390259
2332_01,3,0.032611608505249003,0.033913560211658401,0.029949355870485299,0.0154033610597252
2333_01,2,0.2128783762454986,0.21740803122520441,0.1861056834459304,0.22119365632534019
2336_01,1,0.96505534648895264,0.960349440574646,0.95865166187286377,0.97565978765487682
2336_02,1,0.00069132243515919998,0.00036739924689749997,0.00026174870436069999,0.0001059912465279
2338_01,3,0.67048978805541992,0.64756864309310913,0.65671801567077637,0.64136230945587158
2338_02,3,0.088338032364845206,0.043732564896345097,0.056959640234708703,0.020230401307344398
2339_01,4,0.1154512241482734,0.1131937056779861,0.10576668381690971,0.1091575026512146
2340_01,4,0.53732979297637939,0.51423525810241699,0.52687054872512817,0.51898163557052612
2341_01,4,0.62821125984191895,0.58573073148727417,0.60085219144821167,0.7517235279083252
2345_01,5,0.54927045106887817,0.55183684825897217,0.5487138032913208,0.53240478038787842
2347_01,5,0.1590435057878494,0.1386479437351226,0.096164047718048096,0.1037419140338897
2347_02,5,0.38326561450958252,0.36668533086776728,0.35292860865592951,0.33439147472381592
2347_03,5,0.42200693488121033,0.3992362916469574,0.38443732261657709,0.38354718685150141
2347_04,5,0.65779507160186768,0.66178089380264282,0.6589353084564209,0.627197265625
2347_05,5,0.76406335830688477,0.7795526385307312,0.75642800331115723,0.81410962343215942
2347_06,5,0.1379316449165344,0.10547720640897749,0.1093875616788864,0.1097801998257637
2347_07,5,0.40478533506393433,0.38242781162261957,0.38993740081787109,0.39462760090827942
2348_01,2,0.072488151490688296,0.041577182710170697,0.065006233751773806,0.0170294940471649
2349_01,5,0.28824850916862488,0.33555111289024347,0.27220019698143,0.27563574910163879
2353_01,4,0.97894465923309315,0.9668673276901244,0.96863198280334484,0.97702109813690197
2353_02,4,0.1349919438362121,0.17162306606769559,0.13550892472267151,0.31811526417732239
2356_01,1,0.27855917811393738,0.26188644766807551,0.26400437951087952,0.19970704615116119
2356_02,1,0.97912633419036876,0.98378509283065796,0.9752928614616394,0.99435257911682118
2356_03,1,0.9920620322227478,0.99422764778137196,0.98786520957946777,0.99781644344329845
2357_01,4,0.63895869255065918,0.60298371315002441,0.60865473747253418,0.5902550220489502
2360_01,2,0.47247353196144098,0.48673820495605469,0.469156414270401,0.46648657321929932
2361_01,4,0.67087781429290771,0.60397934913635254,0.64374154806137085,0.61643552780151367
2361_02,4,0.60019552707672119,0.57264435291290283,0.60372376441955566,0.67219090461730957
2363_01,4,0.99894028902053844,0.998998522758484,0.99931728839874279,0.9991382360458374
2364_01,3,0.060454934835433898,0.029505658894777201,0.045857433229684802,0.0160457696765661
2365_01,4,0.98507726192474365,0.98599141836166382,0.98391807079315197,0.99436765909194957
2366_01,1,0.98593008518219005,0.97821366786956798,0.98253685235977162,0.9810468554496764
2367_01,5,0.1003545001149177,0.091661110520362798,0.066057994961738503,0.0819734036922454
2368_01,3,0.035422548651695203,0.0183688513934612,0.021635105833411199,0.041195727884769398
2369_01,2,0.47056490182876581,0.40576288104057312,0.44898426532745361,0.38142752647399902
2373_01,4,0.00022507860558100001,0.00015496164269270001,8.8830020104069263e-05,4.7919813368935138e-05
2374_01,1,0.39760679006576538,0.37638288736343378,0.37239167094230652,0.37898433208465571
2375_01,5,0.4955565333366394,0.50370770692825317,0.46426182985305781,0.56403243541717529
2376_01,4,0.1371414959430694,0.13383246958255759,0.1175144091248512,0.075357049703597995
2377_01,1,0.98718100786209118,0.98437583446502686,0.98200142383575439,0.98900568485259999
2379_01,4,0.31199401617050171,0.28827017545700068,0.29122430086135859,0.2989851832389831
2382_01,2,0.1032858043909072,0.1028506085276603,0.098063543438911396,0.1002929881215095
2384_01,3,0.42311963438987732,0.45352241396903992,0.44091665744781489,0.45250305533409119
2384_02,3,0.51698541641235352,0.50206184387207031,0.52827519178390503,0.5142785906791687
2384_03,3,0.46752825379371638,0.4327245950698852,0.47605657577514648,0.46533381938934321
2384_04,3,0.38853657245635981,0.37640476226806641,0.4055609405040741,0.40673691034317011
2384_05,3,0.604267418384552,0.5579679012298584,0.59470957517623901,0.60407727956771851
2384_06,3,0.37978124618530268,0.40053963661193848,0.40242916345596308,0.39990234375
2384_07,3,0.56935727596282959,0.65962976217269897,0.5793231725692749,0.65756046772003174
2385_01,2,0.085711933672428103,0.060590263456106103,0.077301837503909995,0.072265632450580597
2387_01,2,0.069152861833572304,0.056608673185110002,0.056513302028179099,0.086754709482192993
2389_01,2,0.067712396383285495,0.066366985440254198,0.080906346440315205,0.067920550704002297
2390_01,1,0.0035408711992203998,0.0011820233194157,0.0015410578344017001,0.0002063076390186
2391_01,1,0.085565164685249301,0.087655663490295396,0.052793204784393297,0.068620897829532596
2392_01,5,0.58438295125961304,0.57606673240661621,0.57944297790527344,0.56657958030700684
2395_01,5,0.10426776856184,0.13338139653205869,0.16725549101829529,0.1509602963924408
2396_01,1,0.085325449705123901,0.088967986404895699,0.055727917701005901,0.088113263249397195
2396_02,1,0.072059109807014396,0.053608138114213902,0.041113488376140497,0.049672391265630701
2397_01,2,0.71217095851898193,0.6947406530380249,0.71678715944290161,0.66495752334594727
2398_01,5,0.4354338645935058,0.4226247370243072,0.35471546649932861,0.29985389113426208
2399_01,4,0.0559446401894092,0.072953850030899006,0.064064934849739005,0.055106453597545603
2401_01,5,0.60483461618423462,0.60048246383666992,0.60440123081207275,0.6005859375
2402_01,1,0.67152810096740723,0.73506420850753784,0.66320979595184326,0.75458920001983643
2403_01,1,0.069225907325744601,0.054736867547035203,0.047009393572807298,0.049979384988546302
2404_01,4,0.1128665879368782,0.088485434651374803,0.1048111617565155,0.062989622354507405
2404_02,4,0.999747633934021,0.9997098445892334,0.99980098009109497,0.999755859375
2404_03,4,0.99878919124603283,0.99864524602890004,0.99908870458602905,0.99931973218917836
2404_04,4,0.99724531173706044,0.99683409929275524,0.99789637327194203,0.99615681171417236
2406_01,3,0.9793967604637146,0.97027742862701416,0.97658121585845958,0.96908289194107056
2409_01,5,0.2295789420604705,0.2270028740167617,0.14171884953975669,0.2445347309112548
2409_02,5,0.56053787469863892,0.56351113319396973,0.56258559226989746,0.56591796875
2410_01,4,0.54197585582733154,0.54414653778076172,0.53738832473754883,0.52490234375
2411_01,1,0.70116651058197021,0.71689033508300781,0.66386592388153076,0.67356061935424805
2412_01,2,0.47697350382804871,0.489013671875,0.4718905091285705,0.47467249631881708
2413_01,3,0.55165278911590576,0.54228949546813965,0.55769610404968262,0.55377912521362305
2414_01,3,0.0033312577288596998,0.0063416957855224002,0.0038830311968921999,0.0092169772833584993
2416_01,4,0.1143000572919845,0.1327235549688339,0.1151404678821563,0.068402431905269595
2417_01,1,0.089957013726234394,0.092027589678764302,0.1102603375911712,0.068803481757640797
2419_01,3,0.62387955188751221,0.57503080368041992,0.61038565635681152,0.58038961887359619
2421_01,4,0.13857239484786979,0.14352011680603019,0.13238465785980219,0.16695141792297361
2423_01,5,0.52833682298660278,0.52562004327774048,0.53148216009140015,0.5418165922164917
2424_01,4,0.88340818881988525,0.85566496849060059,0.88250553607940674,0.89200961589813232
2426_01,3,0.97572970390319824,0.96620279550552357,0.97243899106979359,0.96194356679916382
2426_02,3,0.9771667718887328,0.97013843059539795,0.9741215705871582,0.9644964337348938
2427_01,3,0.99879842996597279,0.9986339807510376,0.99860370159149159,0.99940788745880116
2429_01,2,0.1106764078140258,0.1193648800253868,0.11061554402112959,0.086129948496818501
2431_01,5,0.075662329792976296,0.065153405070304801,0.0586999766528606,0.043935589492321001
2432_01,2,0.13212144374847409,0.14905816316604609,0.14686292409896851,0.17597475647926331
2433_01,4,0.99211722612380981,0.98752522468566895,0.99214756488800038,0.99100083112716675
2435_01,4,0.0131009593605995,0.0068410011008381002,0.0049699614755809004,0.00091141089797009995
2436_01,3,0.137810468673706,0.1075715348124504,0.13668346405029291,0.043183304369449602
2438_01,3,0.9732520580291748,0.95797055959701538,0.972856104373932,0.96240228414535522
2439_01,2,0.3103003203868866,0.36775943636894221,0.31196841597557068,0.3377383947372436
2441_01,2,0.19502097368240351,0.1910567581653595,0.18924236297607419,0.1214703023433685
2442_01,4,0.97144174575805664,0.96064925193786621,0.9656820297241212,0.95737355947494518
2443_01,1,0.21531206369400019,0.23347470164299011,0.29056298732757568,0.23193359375
2444_01,3,0.1573041081428527,0.1284443736076355,0.1654418408870697,0.1028671413660049
2445_01,5,0.18991710245609281,0.078770674765110002,0.066934853792190496,0.043213155120611101
2446_01,1,0.33404541015625,0.31083095073699951,0.35237607359886169,0.4873807430267334
2449_01,1,0.98189288377761841,0.97667545080184937,0.9806024432182312,0.97930800914764404
2449_02,1,0.3304032683372497,0.38898232579231262,0.35701262950897211,0.41054430603981018
2449_03,1,0.99416661262512196,0.99096333980560303,0.9941312074661256,0.99376583099365245
2451_01,2,0.71522325277328491,0.7029920220375061,0.70753395557403564,0.69327044486999512
2452_01,3,0.1275919824838638,0.093161448836326599,0.083196081221103599,0.0619549937546253
2453_01,3,0.27724376320838928,0.28558662533760071,0.30114603042602539,0.24737453460693359
2454_01,4,0.1026882380247116,0.086276650428771903,0.094500124454498194,0.049631245434284203
2455_01,2,0.1243973970413208,0.118551455438137,0.13105529546737671,0.1005594357848167
2456_01,2,0.73110377788543701,0.70261496305465698,0.71505850553512573,0.68994140625
2457_01,3,0.62003713846206665,0.57179558277130127,0.60947299003601074,0.57868063449859619
2458_01,5,0.50437819957733154,0.4783006608486175,0.48301425576210022,0.55859375
2460_01,2,0.57359886169433594,0.55825448036193848,0.56760323047637939,0.540283203125
2461_01,3,0.53718793392181396,0.56475710868835449,0.5376746654510498,0.5390625
2462_01,2,0.62367737293243408,0.63472431898117065,0.62595951557159424,0.61872720718383789
2463_01,5,0.45084196329116821,0.63505864143371582,0.48164486885070801,0.71225059032440186
2466_01,3,0.11066535115242,0.092958196997642503,0.080529212951660101,0.028600778430700299
2467_01,1,0.18909803032875061,0.2076283991336822,0.187170535326004,0.3120855987071991
2470_01,4,0.089503750205039895,0.086513437330722795,0.084287226200103704,0.038217667490243898
2470_02,4,0.083956398069858496,0.080740638077258994,0.078677497804164803,0.043686598539352403
2471_01,2,0.12127050757408139,0.1254254877567291,0.11805582046508779,0.073231562972068703
2472_01,3,0.034372970461845398,0.028559088706970201,0.019280018284916801,0.0244735721498727
2474_01,5,0.98652040958404541,0.98473745584487915,0.98794490098953236,0.98532885313034058
2475_01,2,0.00021544267656279999,0.00017320420010939999,0.00017210186342700001,0.0001427326642442
2476_01,4,0.087728701531886999,0.1037131696939468,0.086873702704906394,0.2333984375
2477_01,1,0.9828096628189088,0.98624932765960682,0.98304253816604603,0.9892427921295166
2477_02,1,0.99665540456771839,0.99596571922302235,0.99578452110290516,0.99655830860137939
2478_01,4,0.50678920745849609,0.52330517768859863,0.4910285472869873,0.51433777809143066
2479_01,2,0.65299558639526367,0.64524304866790771,0.65221947431564331,0.61994767189025879
2480_01,5,0.089727692306041704,0.0776701420545578,0.053285222500562598,0.066276088356971699
2483_01,1,0.075362719595432198,0.083873972296714699,0.043510913848876898,0.081985875964164706
2486_01,3,0.19495707750320429,0.18644560873508451,0.21849715709686279,0.077336259186267797
2486_02,3,0.092826545238494804,0.076180264353752095,0.078012935817241599,0.0282833520323038
2488_01,2,0.015812050551175998,0.0053281406871974,0.018582642078399599,0.0044579072855411997
2489_01,3,0.9664216637611388,0.95686548948287964,0.96624034643173218,0.9580516815185548
2491_01,5,0.2198862135410308,0.18329057097434989,0.1568390429019928,0.1414622366428375
2492_01,1,0.98147052526473999,0.97899711132049561,0.97794896364212036,0.98203861713409424
2496_01,4,0.1217456012964248,0.1190458983182907,0.11298315972089761,0.086518242955207797
2497_01,4,0.14542517066001889,0.15238547325134269,0.14598599076271049,0.1982884407043457
2498_01,5,0.041531618684530203,0.071973018348216997,0.017486959695815998,0.0136537384241819
2499_01,4,0.9998602271080016,0.99983596801757801,0.99988698959350597,0.99989867210388184
2500_01,2,0.0304109957069158,0.0111329574137926,0.0332467630505561,0.0092131569981574995
2502_01,5,0.078321576118469197,0.072625659406185095,0.040299434214830399,0.067128837108612005
2503_01,2,0.15520793199539179,0.1854260563850402,0.14554205536842341,0.18531110882759089
2503_02,2,0.98947453498840321,0.98559844493865956,0.98986136913299561,0.98545211553573597
2505_01,4,0.1350923478603363,0.13246823847293851,0.15479394793510429,0.1297561824321746
2505_02,4,0.12840653955936429,0.033967196941375698,0.024693487212061799,0.061787217855453401
2506_01,2,0.00064344448037440005,0.00044676195830100002,0.00039276521420099998,0.00025225945864800002
2506_02,2,0.94531583786010742,0.94048744440078735,0.95427548885345459,0.93790286779403675
2506_03,2,0.20648296177387229,0.17999266088008881,0.21829776465892789,0.1556675434112548
2508_01,4,0.99914473295211803,0.9991338849067688,0.99920725822448719,0.99962347745895397
2508_02,4,0.99823427200317383,0.9972689151763916,0.99835306406021118,0.99930977821350098
2509_01,2,0.82282847166061401,0.80919516086578369,0.82506382465362549,0.82139116525650024
2510_01,5,0.52209436893463135,0.49029415845870972,0.56904637813568115,0.46380341053009028
2512_01,3,0.054261118173599202,0.057799972593784298,0.044940069317817598,0.027958404272794699
2512_02,3,0.99969673156738281,0.99958038330078125,0.99968785047531117,0.99990206956863403
2513_01,1,0.113748125731945,0.1173634529113769,0.1678793877363205,0.14277063310146329
2515_01,4,0.0020467517897486001,0.0014946453738956999,0.00089698872761799996,0.00072886107955119996
2515_02,4,0.99984908103942882,0.99983644485473644,0.99988418817520142,0.999902844429016
2516_01,5,0.1139540001749992,0.1219442412257194,0.080776832997798906,0.1031053215265274
2518_01,2,0.97888153791427601,0.98686867952346802,0.98198819160461437,0.98728913068771362
2518_02,2,0.99777662754058838,0.99776560068130482,0.99757993221282959,0.99670541286468517
2519_01,2,0.51797711849212646,0.55293893814086914,0.52879273891448975,0.44646728038787842
2520_01,4,0.64565390348434448,0.67542308568954468,0.67873930931091309,0.69609153270721436
2521_01,5,0.39617669582366938,0.39254230260848999,0.4236961305141449,0.39291819930076599
2522_01,1,0.9860529899597168,0.97617959976196278,0.98280441761016835,0.98342490196228038
2523_01,1,0.99152237176895142,0.99184083938598644,0.98961001634597778,0.99474024772644043
2524_01,1,0.99178826808929443,0.99556076526641835,0.99072462320327759,0.99670118093490601
2526_01,5,0.99285322427749645,0.99485880136489879,0.99434936046600342,0.9935462474822998
2527_01,3,0.52511435747146606,0.55463266372680664,0.53468513488769531,0.55524468421936035
2528_01,3,0.16634777188301081,0.22748294472694389,0.25860676169395441,0.26498529314994812
2530_01,3,0.060500651597976601,0.035702753812074599,0.0351206287741661,0.0166488662362098
2531_01,4,0.58939927816390991,0.57694262266159058,0.56037986278533936,0.51415669918060303
2532_01,2,0.4018371701240539,0.41398066282272339,0.41024422645568848,0.33292451500892639
2532_02,2,0.9797579050064088,0.98071956634521484,0.98238271474838257,0.97594022750854481
2534_01,4,0.1648474037647247,0.16217121481895441,0.1777956932783126,0.15614050626754761
2534_02,4,0.99831074476242077,0.997938632965088,0.99834239482879639,0.99870502948760997
2535_01,4,0.48123088479042048,0.47299620509147638,0.47970694303512568,0.4697265625
2537_01,2,0.91080909967422485,0.94901657104492199,0.92538964748382557,0.95567774772644043
2540_01,3,0.066613510251045199,0.072308003902435303,0.052761580795049598,0.028400504961609799
2541_01,3,0.040186524391174303,0.031571667641401201,0.022273700684308999,0.0156552083790302
2542_01,5,0.035026215016841798,0.0191819723695516,0.021757593378424599,0.0114301489666104
2544_01,4,0.99348837137222279,0.99105942249298096,0.99366474151611317,0.9909757971763612
2544_02,4,0.30883997678756708,0.32478395104408259,0.32157725095748901,0.21508410573005671
2545_01,5,0.67972904443740845,0.68324899673461914,0.66914862394332886,0.70150279998779297
2546_01,5,0.11883038282394399,0.1142923161387443,0.1133657470345497,0.10695516318082809
2547_01,3,0.1281560808420181,0.15311604738235471,0.1448778510093689,0.17461617290973661
2547_02,3,0.28705364465713501,0.34062439203262329,0.28968247771263123,0.431884765625
2548_01,5,0.091091647744178703,0.1051083207130432,0.0813164412975311,0.18014843761920929
2549_01,1,0.083915084600448595,0.094516038894653306,0.079241834580898202,0.32984811067581171
2549_02,1,0.99436569213867199,0.99218046665191639,0.9944685697555542,0.99575155973434437
2549_03,1,0.1042134165763855,0.099459320306777899,0.092989027500152505,0.12451171875
2550_01,3,0.62440943717956543,0.57453286647796631,0.61564141511917114,0.5699998140335083
2551_01,3,0.1196575909852981,0.1164272129535675,0.1143840849399566,0.065887629985809298
2552_01,3,0.77232915163040161,0.81668746471405029,0.75527399778366089,0.81088423728942871
2552_02,3,0.50852864980697632,0.47785875201225281,0.50885230302810669,0.48992908000946039
2552_03,3,0.53935575485229492,0.47170865535736078,0.53116106986999512,0.515625
2553_01,2,0.99536293745040882,0.99557030200958241,0.99550509452819824,0.99690794944763184
2555_01,4,0.99515807628631603,0.99303454160690319,0.99385303258895885,0.99405527114868164
2555_02,4,0.98139530420303345,0.97452265024185181,0.97948372364044201,0.98260593414306641
2557_01,3,0.99926006793975841,0.99852597713470459,0.99902492761611938,0.99956357479095459
2558_01,4,0.9813077449798584,0.9803307056427002,0.98523139953613281,0.97698605060577404
2558_02,4,0.8879401683807373,0.8864251971244812,0.87199974060058594,0.85189402103424072
2558_03,4,0.26427799463272089,0.26317965984344482,0.24657255411148071,0.23735176026821131
2558_04,4,0.99077248573303223,0.99049347639083862,0.99139046669006359,0.99126565456390381
2559_01,2,0.15656664967536921,0.12052383273839951,0.16027817130088801,0.12709072232246399
2560_01,3,0.65606582164764404,0.59308022260665894,0.63694131374359131,0.61531341075897217
2560_02,3,0.055107958614826202,0.027495687827467901,0.030077565461397102,0.0080076931044458996
2560_03,3,0.50675970315933228,0.47053468227386469,0.50741642713546753,0.47161382436752319
2561_01,5,0.063188023865222903,0.018836604431271501,0.018713269382715201,0.0184536259621381
2562_01,2,0.96741342544555664,0.97536700963973999,0.97031450271606445,0.97174614667892456
2562_02,2,0.0720038041472435,0.044740602374076802,0.064079985022544805,0.039945058524608598
2564_01,3,0.91085970401763916,0.9483608603477478,0.94323158264160156,0.96797281503677357
2565_01,2,0.98696833848953236,0.98828095197677601,0.98855233192443837,0.98558443784713756
2565_02,2,0.064492166042327798,0.066791892051696694,0.0535886995494365,0.055174138396978302
2571_01,1,0.1850712299346923,0.17184445261955261,0.14510460197925559,0.1305724680423736
2572_01,5,0.99962133169174205,0.99916589260101318,0.99969208240509044,0.99938726425170898
2572_02,5,0.99972110986709595,0.99933284521102905,0.99978083372116078,0.99948006868362438
2573_01,4,0.9985596537590028,0.99717128276824962,0.99838674068450917,0.99781799316406239
2574_01,3,0.151985228061676,0.12200016528367991,0.14202702045440671,0.073600433766841805
2578_01,1,0.013934961520135399,0.0149786109104752,0.0094342054799199,0.020836871117353401
2580_01,2,0.36438161134719849,0.37024945020675659,0.34930413961410522,0.32045859098434448
2581_01,4,0.1247133612632751,0.052012294530868503,0.032667972147464697,0.4989655613899231
2581_02,4,0.1039498001337051,0.1070174798369407,0.1087436079978942,0.040919587016105603
2582_01,4,0.098605237901210702,0.091394424438476493,0.089993327856063801,0.052892386913299498
2584_01,2,0.56171572208404541,0.55385369062423706,0.55977010726928711,0.549560546875
2588_01,2,0.67258572578430176,0.63146865367889404,0.63092303276062012,0.656494140625
2589_01,1,0.96744251251220703,0.97399210929870605,0.96587979793548584,0.97929012775421143
2589_02,1,0.99515700340270996,0.99473333358764637,0.99429726600646962,0.99572217464447021
2589_03,1,0.0799920409917831,0.061089996248483602,0.053388945758342701,0.037452064454555498
2589_04,1,0.018153730779886201,0.0068127606064081001,0.0119388792663812,0.0045720995403826003
2589_05,1,0.98139655590057362,0.98313349485397339,0.97989958524703979,0.98619270324707042
2590_01,3,0.44564506411552429,0.42391258478164667,0.46357905864715571,0.4248046875
2590_02,3,0.21932384371757499,0.17100302875041959,0.18821781873703,0.17265582084655759
2590_03,3,0.6082230806350708,0.60300135612487793,0.59981077909469604,0.5874711275100708
2591_01,2,0.19124493002891541,0.1910635232925415,0.19217860698699951,0.18642804026603699
2591_02,2,0.064068891108036,0.0498103648424148,0.075329199433326693,0.084856227040290805
2592_01,5,0.11711963266134259,0.16456964612007141,0.13212423026561729,0.10319043695926659
2592_02,5,0.64083015918731689,0.57312238216400146,0.56080859899520874,0.421142578125
2593_01,5,0.099961727857589694,0.093008577823638902,0.058878134936094201,0.095726490020751898
2594_01,1,0.99899971485137939,0.99882698059082042,0.99902403354644775,0.99915421009063721
2595_01,4,0.99048870801925659,0.98965299129486084,0.99264168739318837,0.98915219306945801
2595_02,4,0.97684377431869518,0.97355496883392323,0.97865796089172363,0.98299604654312123
2595_03,4,0.14173793792724609,0.13437321782112119,0.13352641463279721,0.14398699998855591
2595_04,4,0.98153316974639881,0.97974288463592518,0.98445838689804077,0.98277831077575684
2596_01,3,0.11144910752773279,0.076356656849384294,0.081704996526241302,0.0497628934681415
2596_02,3,0.97737491130828857,0.95858442783355724,0.97838425636291504,0.97125750780105602
2597_01,2,0.9741533398628236,0.97869163751602162,0.97633183002471924,0.96986019611358643
2597_02,2,0.1084788888692855,0.090049833059310899,0.097828447818756104,0.0570025667548179
2598_01,1,0.10964590311050409,0.097599633038043906,0.080315522849559701,0.090144559741020203
2599_01,1,0.61797994375228882,0.63814353942871094,0.61301904916763306,0.61515712738037109
2601_01,2,0.97073829174041759,0.97739601135253917,0.97317266464233398,0.97201281785964955
2602_01,2,0.33019718527793879,0.3453987836837768,0.34257051348686218,0.36149513721466059
2602_02,2,0.93005287647247314,0.80756950378417969,0.92957180738449097,0.8899463415145874
2602_03,2,0.37107560038566589,0.38348731398582458,0.38330662250518799,0.40739834308624268
2605_01,3,0.99201625585556041,0.98706197738647461,0.98867499828338623,0.98733747005462635
2606_01,2,0.1020839661359787,0.085411131381988498,0.096408925950527094,0.10462483018636699
2606_02,2,0.3593121469020843,0.35369947552680969,0.33603948354721069,0.35172533988952631
2607_01,2,0.99914544820785522,0.99896901845931996,0.99933362007141124,0.99915754795074463
2607_02,2,0.99952495098114003,0.99952328205108643,0.99966967105865479,0.99950599670410156
2607_03,2,0.81617593765258789,0.87437343597412109,0.82103323936462402,0.83603447675704956
2607_04,2,0.99494606256484996,0.99640142917633057,0.99650311470031738,0.99738454818725597
2609_01,2,0.57365286350250244,0.57405257225036621,0.56842982769012451,0.56403398513793945
2616_01,1,0.2285488098859787,0.18575257062911979,0.33026453852653498,0.26778385043144221
2617_01,5,0.39534381031990051,0.38853117823600769,0.36454528570175171,0.34407886862754822
2618_01,4,0.55769604444503784,0.59438598155975342,0.60019111633300781,0.61359912157058716
2619_01,2,0.10048495978116979,0.069096431136131203,0.088724300265312195,0.058001793920993798
2622_01,2,0.13049498200416559,0.1185920238494873,0.12772117555141449,0.1091588288545608
2624_01,2,0.4327659010887146,0.35895010828971857,0.41195502877235413,0.314208984375
2625_01,1,0.70898497104644775,0.76314353942871094,0.7063823938369751,0.77926409244537354
2625_02,1,0.070693105459213201,0.067822583019733401,0.044753737747669199,0.068260297179222107
2626_01,3,0.2159415334463119,0.19533643126487729,0.188781663775444,0.17250166833400721
2627_01,4,0.15230901539325711,0.12696737051010129,0.1266806423664093,0.047362558543682098
2628_01,4,0.97253578901290882,0.98141783475875843,0.97044914960861195,0.98221516609191895
2628_02,4,0.049874942749738603,0.053223147988319397,0.039163574576377799,0.028031690046191202
2629_01,2,0.088169902563094996,0.053604569286108003,0.078186005353927598,0.020943934097885999
2631_01,5,0.99183988571167003,0.99016213417053223,0.9928928017616272,0.99113154411315918
2633_01,3,0.40842822194099421,0.35323178768157959,0.4025077223777771,0.356689453125
2634_01,2,0.97671687602996837,0.97870129346847523,0.97882002592086803,0.96738803386688244
2635_01,1,0.13106048107147211,0.160742312669754,0.1784487962722778,0.22652491927146909
2636_01,2,0.059150356799364,0.0411157794296741,0.064097523689270006,0.030310124158859201
2638_01,3,0.022346148267388299,0.015328798443078899,0.0079382834956049,0.0080057270824909002
2640_01,2,0.1078825145959854,0.097404375672340393,0.1052106320858001,0.1327315419912338
2641_01,1,0.61413633823394775,0.61574190855026245,0.61081624031066895,0.6224825382232666
2642_01,3,0.064277954399585696,0.027305774390697399,0.038724072277545901,0.0153432171791791
2643_01,2,0.1145494878292083,0.1187887713313102,0.1175258010625839,0.074059218168258598
2645_01,1,0.9884638786315918,0.99325108528137196,0.991441249847412,0.99793076515197765
2645_02,1,0.0001649240148253,6.61038066027686e-05,5.8557438023854047e-05,6.9999841798562557e-05
2645_03,1,0.99951660633087158,0.99956572055816639,0.99948900938034058,0.99959313869476318
2645_04,1,0.9106050729751588,0.89215391874313354,0.87455970048904419,0.90210360288619995
2645_05,1,0.99969333410263062,0.99971222877502441,0.99969291687011719,0.99974197149276722
2646_01,1,0.00047711076331320002,8.0793332017492503e-05,0.00011748298129530001,4.7383386117871851e-05
2647_01,4,0.093227833509445093,0.091068357229232705,0.089383602142333901,0.055075827986001899
2648_01,5,0.17240126430988309,0.19813250005245209,0.097980886697769096,0.25550523400306702
2649_01,4,0.26132196187973022,0.2379744797945022,0.23938688635826111,0.20336891710758209
2650_01,5,0.5096132755279541,0.51527500152587891,0.5120542049407959,0.52606105804443359
2651_01,3,0.99955326318740845,0.9994734525680542,0.99950593709945679,0.99985778331756603
2652_01,5,0.42278105020523071,0.39772701263427729,0.4126771092414856,0.35319200158119202
2655_01,1,0.51313883066177368,0.53057777881622314,0.51922684907913208,0.53668534755706787
2657_01,5,0.097594887018203694,0.075910270214080797,0.061273004859685898,0.066560536623001099
2658_01,1,0.44459700584411621,0.37457183003425598,0.37705433368682861,0.31169143319129938
2659_01,1,0.086098998785018893,0.098949573934078203,0.086735635995864799,0.099771887063980103
2660_01,4,0.088034749031066895,0.102558933198452,0.091537415981292697,0.060546729713678298
2661_01,2,0.1125413700938224,0.1140056103467941,0.1098902449011802,0.1144179105758667
2661_02,2,0.53776884078979492,0.55375587940216064,0.53494465351104736,0.552001953125
2662_01,2,0.1438990384340286,0.15304204821586609,0.13206671178340909,0.15323203802108759
2663_01,5,0.088941946625709506,0.1708211004734039,0.25552678108215332,0.49167132377624512
2664_01,1,0.6119152307510376,0.67812192440032959,0.62713360786437988,0.63037109375
2666_01,2,0.49429318308830261,0.52999985218048096,0.48396342992782593,0.52496415376663208
2666_02,2,0.13645677268505091,0.106311410665512,0.14138475060462949,0.061221998184919302
2668_01,2,0.0198946371674537,0.012657860293984399,0.018854750320315299,0.0080849993973969997
2668_02,2,0.12823390960693359,0.1297297328710556,0.12388858944177621,0.13949479162693021
2670_01,5,0.39386004209518433,0.45876133441925049,0.42259162664413452,0.5009765625
2671_01,1,0.1166265606880188,0.10540769994258881,0.083761140704154899,0.0513853281736373
2672_01,5,0.13919913768768311,0.14777025580406189,0.1614093482494354,0.18037402629852289
2675_01,4,0.99944937229156483,0.99860310554504395,0.99922102689743042,0.99919039011001598
2676_01,1,0.24704098701477051,0.20360130071640009,0.26748687028884888,0.2921583354473114
2677_01,5,0.079025506973266602,0.1142833605408668,0.1033054962754249,0.16357421875
2678_01,1,0.49462911486625671,0.50480759143829346,0.4711285531520843,0.53180098533630371
2679_01,3,0.49123877286911011,0.50438034534454346,0.50285232067108154,0.5130012035369873
2682_01,5,0.092779882252216297,0.093459025025367695,0.040867809206247302,0.094863995909690801
2683_01,1,0.89044368267059326,0.85325884819030762,0.87548673152923584,0.83603769540786743
2684_01,4,0.00019141045049760001,9.9565848358906806e-05,8.5792162280995399e-05,6.4398656832054257e-05
2685_01,1,0.1225173622369766,0.1034619882702827,0.094900399446487399,0.096568793058395302
2687_01,4,0.56158381700515747,0.56092238426208496,0.58394145965576172,0.49560439586639399
2688_01,2,0.13254059851169581,0.12894901633262629,0.12960571050643921,0.1159565225243568
2690_01,3,0.8133699893951416,0.83419150114059448,0.88338553905487061,0.92187905311584484
2691_01,3,0.13825243711471549,0.1041722744703292,0.1241581514477729,0.048555452376603997
2692_01,4,0.14249119162559509,0.1360259056091308,0.13426345586776731,0.093328773975372301
2693_01,3,0.1821182519197464,0.21661306917667389,0.1907353997230529,0.22055052220821381
2693_02,3,0.095439508557319599,0.0890934467315673,0.091496787965297699,0.1007939651608467
2693_03,3,0.081583306193351704,0.087406799197196905,0.079320013523101807,0.050918038934469202
2693_04,3,0.98580163717269897,0.98552608489990245,0.98492997884750355,0.98938995599746704
2695_01,3,0.0284110121428966,0.017127601429819998,0.017658187076449301,0.037908777594566297
2697_01,2,0.1615561097860336,0.1664541959762573,0.1753167062997818,0.14494651556015009
2698_01,5,0.12444541603326791,0.18158087134361259,0.088454172015190097,0.25208750367164612
2700_01,4,0.14174088835716239,0.11600722372531889,0.11690109968185421,0.038989476859569501
2701_01,2,0.59256488084793091,0.57820397615432739,0.58855384588241577,0.57536935806274414
2702_01,4,0.4864212274551391,0.48899790644645691,0.47857299447059631,0.44831162691116327
2703_01,3,0.48019006848335261,0.45972457528114319,0.43931302428245539,0.47161024808883661
2704_01,3,0.1084258705377578,0.093220874667167594,0.071823865175247095,0.036281321197748101
2706_01,1,0.9995327591896056,0.99949824810028076,0.99949336051940918,0.99961501359939575
2707_01,3,0.38828572630882258,0.49670404195785522,0.3939242959022522,0.42962199449539179
2707_02,3,0.998906910419464,0.99875903129577637,0.99869775772094715,0.99950611591339122
2708_01,5,0.38799989223480219,0.36242708563804621,0.37197196483612061,0.32144826650619501
2709_01,1,0.99080049991607677,0.98704171180725098,0.98874640464782715,0.9930260181427002
2709_02,1,0.99360042810440063,0.9907737374305724,0.99246841669082642,0.99616599082946777
2709_03,1,0.021444495767354899,0.022199034690856899,0.0111746964976191,0.019988413900136899
2709_04,1,0.97906750440597523,0.974592626094818,0.97736090421676636,0.99087607860565197
2712_01,3,0.99895960092544556,0.99845093488693237,0.99862480163574219,0.99941879510879517
2713_01,1,0.51092767715454102,0.52459651231765747,0.5059516429901123,0.53020894527435303
2714_01,4,0.53370702266693115,0.53589963912963867,0.5670667290687561,0.52838462591171265
2717_01,5,0.083896338939666706,0.077497974038124001,0.065393537282943698,0.058690883219241999
2718_01,1,0.99916374683380116,0.99875926971435558,0.9990828037261964,0.99911516904830922
2720_01,3,0.1794248074293136,0.1280574351549148,0.15772265195846549,0.082364052534103394
2720_02,3,0.44775420427322388,0.43040204048156738,0.46609407663345331,0.42864143848419189
2720_03,3,0.56115520000457764,0.52272069454193115,0.55981290340423584,0.533447265625
2721_01,3,0.4486831128597259,0.39368218183517451,0.41400146484375,0.29609200358390808
2722_01,3,0.99113011360168457,0.98459267616271962,0.98777210712432861,0.98325467109680176
2723_01,2,0.99936133623123158,0.99937826395034801,0.9995788335800172,0.99941790103912365
2723_02,2,0.99985629320144642,0.99985963106155396,0.99991142749786377,0.99980556964874279
2724_01,3,0.99641031026840199,0.99513632059097279,0.99644076824188244,0.99792098999023438
2724_02,3,0.10730640590190881,0.070930615067481995,0.090127736330032293,0.21237415075302121
2725_01,4,0.16207028925418851,0.14041683077812189,0.1297327578067779,0.1136096343398094
2726_01,4,0.59952414035797119,0.5709221363067627,0.58632916212081909,0.618896484375
2727_01,2,0.11106276512145991,0.1068006753921508,0.1124349981546402,0.056425653398036901
2729_01,3,0.52737170457839966,0.49991235136985779,0.52653276920318604,0.52838420867919922
2730_01,5,0.54913216829299927,0.55938762426376343,0.53270620107650757,0.55217784643173218
2730_02,5,0.0438447147607803,0.042704679071903201,0.031952887773513697,0.032041508704423897
2730_03,5,0.63063395023345947,0.62540078163146973,0.63111639022827148,0.62726777791976929
2732_01,4,0.69769179821014404,0.6860584020614624,0.69920063018798828,0.680419921875
2732_02,4,0.51606905460357666,0.46514752507209778,0.4993900060653686,0.47649747133254999
2734_01,4,0.97793668508529663,0.97022712230682362,0.98017698526382435,0.9755781888961792
2736_01,3,0.093214675784110995,0.080422885715961401,0.1168601587414741,0.1242702826857566
2737_01,4,0.93065577745437622,0.84540951251983643,0.89353418350219727,0.92610859870910645
2737_02,4,0.3472132682800293,0.2032317370176315,0.33366769552230829,0.147705078125
2738_01,1,0.048728283494710901,0.041498474776744801,0.029189683496952001,0.041041973978281
2739_01,5,0.59439718723297119,0.57015454769134521,0.59332132339477539,0.5499725341796875
2740_01,1,0.51483237743377686,0.45776641368865961,0.4371180534362793,0.53915393352508545
2741_01,3,0.037171065807342502,0.018078092485666199,0.0115495482459664,0.0043094158172606997
2743_01,4,0.1313625276088714,0.11434651166200629,0.12662500143051139,0.073661275207996299
2745_01,2,0.1157494038343429,0.11386442184448239,0.1064318865537643,0.10592888295650479
2746_01,5,0.18228919804096219,0.1880005598068237,0.2273085862398147,0.225341796875
2747_01,2,0.92552995681762695,0.96550124883651722,0.93404299020767201,0.96303772926330555
2748_01,1,0.39032664895057678,0.38415604829788208,0.35209262371063232,0.38435372710227961
2750_01,2,0.123211570084095,0.23892462253570551,0.155213177204132,0.59759819507598877
2751_01,5,0.99341285228729237,0.99110722541809082,0.99392080307006836,0.9917541742324828
2752_01,1,0.3667016327381134,0.37838000059127808,0.37307769060134888,0.37548828125
2752_02,1,0.71588194370269775,0.70735722780227661,0.69779658317565918,0.69491171836853027
2752_03,1,0.4675151109695434,0.5338706374168396,0.66294366121292114,0.54210114479064941
2753_01,5,0.2498095035552978,0.39002257585525513,0.1758181154727935,0.25386473536491388
2754_01,4,0.064219385385513306,0.0228069201111793,0.019292749464511798,0.0212451498955488
2755_01,3,0.99628722667694081,0.99500358104705799,0.99532854557037365,0.99710834026336681
2756_01,2,0.087284699082374503,0.092279508709907504,0.085801690816879203,0.1202517747879028
2758_01,1,0.66941308975219727,0.6807287335395813,0.65639400482177734,0.67537581920623779
2759_01,2,0.075179859995841897,0.053897082805633503,0.054601185023784603,0.019753392785787499
2760_01,3,0.398419439792633,0.41052231192588801,0.4226847887039184,0.3955802321434021
2760_02,3,0.5012211799621582,0.47215250134468079,0.49795472621917719,0.50146484375
2760_03,3,0.51533448696136475,0.47870916128158569,0.51445066928863525,0.51507550477981567
2762_01,3,0.084520548582076999,0.079977273941039997,0.065761491656303406,0.057100351899862199
2762_02,3,0.082920074462890597,0.0841960608959198,0.082463771104812594,0.065774917602538993
2763_01,1,0.66505753993988037,0.684245765209198,0.77116274833679199,0.70906764268875122
2764_01,1,0.078379929065704304,0.078796915709972298,0.077194139361381503,0.36113646626472468
2765_01,2,0.1017384082078933,0.094528719782829201,0.095653727650642395,0.098495781421661294
2768_01,5,0.22283145785331721,0.2521519660949707,0.2101709395647049,0.266357421875
2768_02,5,0.55732953548431396,0.60792809724807739,0.57820534706115723,0.61579763889312744
2768_03,5,0.60669571161270142,0.63256573677062988,0.61698460578918457,0.608154296875
2769_01,3,0.53363144397735596,0.55790179967880249,0.53531348705291748,0.46099948883056641
2770_01,4,0.73509198427200317,0.72232389450073242,0.76652795076370239,0.74615573883056641
2772_01,5,0.066446222364902496,0.061024248600006097,0.034174252301454502,0.051827728748321499
2773_01,4,0.37278404831886292,0.41489693522453308,0.40714183449745178,0.4627776145935058
2774_01,4,0.099196001887321403,0.094831049442291204,0.086683928966522203,0.056079804897308301
2774_02,4,0.60815334320068359,0.62813162803649902,0.60440611839294434,0.55559325218200684
2774_03,4,0.095362573862075806,0.099115461111068698,0.097170211374759605,0.034098457545042003
2778_01,5,0.074255213141441304,0.0613300912082195,0.045356355607509599,0.033169806003570501
2778_02,5,0.99304479360580444,0.99129557609558105,0.9939609169960022,0.9916536808013916
2780_01,4,0.42707967758178711,0.40342280268669128,0.41719025373458862,0.33341300487518311
2781_01,1,0.49855080246925348,0.52034008502960205,0.50172555446624756,0.52343922853469849
2783_01,4,0.99444687366485596,0.99501496553421021,0.99390065670013439,0.99699538946151722
2783_02,4,0.013632573187351201,0.011046507395803901,0.0111091015860438,0.0032586681190878001
2784_01,3,0.57073813676834106,0.57291513681411743,0.58185571432113647,0.66984522342681885
2785_01,3,0.9990754723548888,0.9980824589729308,0.99875450134277344,0.99910449981689442
2786_01,5,0.77355003356933594,0.78152668476104736,0.89730715751647949,0.94074052572250355
2787_01,3,0.46167033910751343,0.56945186853408813,0.53383344411849976,0.67929399013519287
2788_01,5,0.60402745008468628,0.59009408950805664,0.61448359489440918,0.56996339559555054
2789_01,5,0.51432865858078003,0.5079953670501709,0.52008163928985596,0.497314453125
2790_01,1,0.98950767517089844,0.98884445428848278,0.98743808269500721,0.99263787269592285
2790_02,1,0.57950431108474731,0.51334983110427856,0.55448663234710693,0.50066983699798584
2790_03,1,0.1671008765697479,0.16131842136383051,0.16421143710613251,0.2958154678344726
2790_04,1,0.0010327931959182,0.00047249670024020001,0.00055321241961789997,0.00020431612210810001
2790_05,1,0.99951422214508057,0.99966800212860119,0.99958378076553345,0.999755859375
2792_01,4,0.55902004241943359,0.55493271350860596,0.54664897918701172,0.53229308128356934
2793_01,5,0.45036429166793818,0.80031728744506836,0.79302841424942017,0.75270015001296997
2795_01,4,0.99988865852355957,0.99988156557083119,0.99991756677627563,0.99988293647766124
2795_02,4,0.36722955107688898,0.36686357855796808,0.43507871031761169,0.28628602623939509
2796_01,3,0.094623103737831102,0.068261705338954898,0.066683657467365196,0.030954249203205102
2797_01,2,0.073816850781440693,0.069171212613582597,0.075153358280658694,0.1053309142589569
2798_01,2,0.014860788360238001,0.0070126671344041,0.0140338959172368,0.0043630218133329998
2798_02,2,0.94423151016235363,0.94004952907562256,0.95200997591018677,0.93716967105865479
2799_01,3,0.052711151540279298,0.038114577531814499,0.029114101082086501,0.0066601466387509996
2799_02,3,0.64886307716369629,0.64690721035003662,0.65645104646682739,0.630615234375
2801_01,1,0.00036399968666950001,0.0001315125118708,0.00012217152107040001,6.7199347540736198e-05
2802_01,3,0.7220187783241272,0.7293434739112854,0.73955249786376953,0.76777422428131104
2805_01,5,0.1812879741191864,0.14241006970405579,0.1175519153475761,0.11110749095678329
2806_01,4,0.13076886534690851,0.12762314081192011,0.13086727261543271,0.078079186379909502
2807_01,4,0.1030149906873703,0.018199659883975899,0.041004776954650803,0.020478704944252898
2807_02,4,0.63685727119445801,0.57838785648345947,0.62577438354492188,0.56811702251434326
2807_03,4,0.63726717233657837,0.60501909255981445,0.63431578874588013,0.60529804229736328
2809_01,3,0.4766659140586853,0.48114040493965149,0.48791149258613581,0.46331396698951721
2810_01,2,0.49610817432403559,0.51336681842803955,0.49291950464248657,0.50537109375
2811_01,4,0.1243560463190078,0.1030676215887069,0.1151334568858146,0.14188006520271301
2812_01,3,0.1124806031584739,0.11291135102510449,0.099046468734741197,0.091119930148124695
2813_01,2,0.60601335763931274,0.61710762977600098,0.61018764972686768,0.60808122158050537
2814_01,4,0.61897599697113037,0.63372492790222168,0.60172164440155029,0.58723199367523193
2817_01,3,0.37600046396255488,0.4109840989112854,0.46769645810127258,0.51213204860687256
2818_01,3,0.98862016201019276,0.98682492971420277,0.99073922634124756,0.99432569742202759
2818_02,3,0.99715167284011841,0.99721497297286998,0.9974408745765686,0.99910277128219604
2818_03,3,0.4784995019435882,0.42594617605209351,0.48033308982849121,0.38589215278625488
2819_01,2,0.108608640730381,0.10094099491834641,0.11148443818092341,0.054685041308403001
2820_01,2,0.46478193998336792,0.48620748519897461,0.47187668085098261,0.4637984037399292
2821_01,3,0.67425537109375,0.6517522931098938,0.66355448961257935,0.67764854431152344
2822_01,4,0.62567377090454102,0.6586761474609375,0.61024665832519531,0.66015744209289551
2822_02,4,0.37921181321144098,0.355206549167633,0.37487831711769098,0.370361328125
2822_03,4,0.59059208631515503,0.5859188437461853,0.58625870943069458,0.5676959753036499
2822_04,4,0.61043208837509155,0.57250344753265381,0.60701239109039307,0.51861733198165894
2822_05,4,0.52143806219100952,0.53856515884399414,0.50021141767501831,0.52644181251525879
2823_01,1,0.9868873953819276,0.983018398284912,0.98534864187240601,0.98606908321380615
2824_01,5,0.99968826770782482,0.99920237064361561,0.9997270703315736,0.99942034482955922
2825_01,5,0.92521870136260997,0.92424285411834717,0.94872570037841797,0.95436066389083862
2826_01,2,0.0051826401613652004,0.0031317379325627999,0.0036321827210484998,0.0040155448950827
2826_02,2,0.0032736971043049999,0.0033649515826255001,0.0029844939708709001,0.0019459794275462001
2831_01,2,0.079922549426555606,0.084884822368621798,0.080958709120750399,0.087047427892684895
2831_02,2,0.045670218765735598,0.052766755223274203,0.049259748309850603,0.070212244987487696
2832_01,4,0.1932854354381561,0.096179872751235906,0.058803234249353402,0.083741866052150699
2834_01,1,0.15218007564544669,0.1734205335378646,0.1662949323654174,0.144775390625
2835_01,2,0.0011236260179429999,0.00048185751074920002,0.00097111228387799999,0.00062783923931410005
2837_01,1,0.051771976053714697,0.034774564206600099,0.056740492582321098,0.044476978480815797
2838_01,5,0.092544265091419206,0.098545424640178597,0.092559792101383195,0.090604744851589203
2839_01,2,0.99987131357193004,0.99987667798995961,0.99992418289184559,0.999919593334198
2840_01,3,0.11344447731971739,0.1019895523786544,0.074053786695003496,0.074834316968917805
2843_01,1,0.1655012965202331,0.14644728600978851,0.1695040166378021,0.1201735883951187
2846_01,1,0.53789043426513672,0.54951679706573486,0.53426778316497803,0.54962813854217529
2847_01,1,0.66658532619476318,0.71252924203872681,0.67069613933563232,0.731201171875
2852_01,3,0.096915848553180695,0.058177433907985597,0.063131347298622104,0.031427606940269401
2853_01,2,0.62978076934814453,0.68328869342803955,0.63140702247619629,0.6484375
2854_01,4,0.078028254210948902,0.081498131155967699,0.075575239956378895,0.028115138411521901
2856_01,3,0.2030380517244339,0.18704617023468009,0.1642080694437027,0.25937080383300781
2857_01,5,0.1174188107252121,0.1181436777114868,0.1179293394088745,0.11786465346813201
2858_01,5,0.99934673309326161,0.99879401922225963,0.99947249889373779,0.99892866611480724
2858_02,5,0.99954307079315197,0.99905365705490123,0.9996686577796936,0.99910777807235718
2858_03,5,0.99964249134063721,0.9991309642791748,0.99969524145126343,0.99925494194030762
2859_01,3,0.99259185791015625,0.98875373601913441,0.99204981327056885,0.98935198783874523
2860_01,4,0.122484304010868,0.1265113353729248,0.1279702484607696,0.275146484375
2861_01,2,0.58615291118621826,0.63445770740509033,0.56746357679367065,0.5859375
2862_01,4,0.4967653751373291,0.45989629626274109,0.48327547311782831,0.47161313891410828
2863_01,2,0.092365227639675099,0.0676296576857566,0.085335806012153598,0.046616651117801597
2865_01,1,0.055412787944078397,0.069361418485641396,0.052189573645591701,0.0567987002432346
2865_02,1,0.2065541446208953,0.19125628471374509,0.1864760667085647,0.1772893816232681
2866_01,5,0.99937379360198964,0.99863046407699585,0.99948793649673462,0.99888581037521362
2867_01,2,0.6332976222038269,0.68830519914627075,0.63435572385787964,0.73994338512420654
2867_02,2,0.059846170246601098,0.082743436098098699,0.068556211888790103,0.053307235240936203
2869_01,2,0.5490604043006897,0.53837978839874268,0.55224525928497314,0.5146484375
2870_01,2,0.050461590290069497,0.0547864101827144,0.063146650791168199,0.13820703327655789
2871_01,1,0.98575836420059204,0.98962575197219838,0.98551201820373535,0.99379909038543701
2871_02,1,0.97325325012207042,0.97575020790100098,0.97186869382858276,0.98013007640838623
2872_01,4,0.3189062774181366,0.35133743286132812,0.35284370183944702,0.2750303447246551
2873_01,2,0.11168708652257919,0.094870626926422105,0.1006128191947937,0.064882837235927499
2875_01,1,0.99962019920349121,0.99954408407211304,0.99962019920349121,0.99964267015457164
2876_01,3,0.312090665102005,0.26590472459793091,0.25160935521125788,0.23813009262084961
2877_01,3,0.13352023065090179,0.088300116360187503,0.1102707162499427,0.053969830274581902
2878_01,3,0.94740647077560425,0.93028473854064941,0.92651021480560303,0.91980987787246704
2880_01,5,0.60660421848297119,0.59899258613586426,0.61552286148071289,0.58977305889129639
2881_01,4,0.53013515472412109,0.49191021919250488,0.5185859203338623,0.52674680948257446
2882_01,4,0.57625162601470947,0.55259561538696289,0.57355749607086182,0.54083752632141113
2883_01,2,0.83975988626480103,0.84423786401748657,0.82838398218154907,0.83838176727294922
2884_01,3,0.1162392422556877,0.24253478646278381,0.14650136232376099,0.4612712562084198
2887_01,2,0.38346675038337708,0.27974066138267512,0.36625146865844721,0.30940172076225281
2888_01,3,0.35408753156661987,0.30005857348442078,0.2834765613079071,0.17915025353431699
2890_01,3,0.012388716451823699,0.015290697105228899,0.0086442623287438999,0.0198153033852577
2890_02,3,0.97134864330291759,0.96551263332366943,0.97190523147582997,0.96991157531738281
2891_01,5,0.53389561176300049,0.52249491214752197,0.53024595975875854,0.4810268878936767
2892_01,3,0.58167374134063721,0.557425856590271,0.58257019519805908,0.55866110324859619
2892_02,3,0.62579351663589478,0.59820204973220825,0.62774050235748291,0.58967036008834839
2892_03,3,0.70308077335357666,0.64414536952972412,0.68684911727905273,0.64998781681060791
2892_04,3,0.76475876569747925,0.77524614334106445,0.8315587043762207,0.8424409031867981
2892_05,3,0.44855955243110651,0.4584653377532959,0.47329694032669067,0.44391471147537231
2893_01,3,0.27610602974891663,0.25228986144065851,0.23345112800598139,0.212646484375
2894_01,5,0.19964404404163361,0.16684490442276001,0.13902661204338071,0.1166366040706634
2897_01,5,0.086596019566059099,0.0804795622825622,0.048880375921726199,0.054488088935613598
2899_01,5,0.048537947237491601,0.043772857636213303,0.038726549595594399,0.018360104411840401
2900_01,5,0.94437038898468018,0.95971834659576416,0.95179325342178345,0.96399968862533558
2901_01,2,0.084119096398353493,0.071928463876247406,0.075638227164745303,0.071865946054458604
2901_02,2,0.1013515815138816,0.089907720685005105,0.087122164666652596,0.14168787002563471
2902_01,2,0.39378201961517328,0.36061480641365051,0.37835955619812012,0.37826618552207941
2905_01,3,0.1623537987470626,0.16276159882545471,0.1589055657386779,0.15971881151199341
2906_01,4,0.10390909016132351,0.092094033956527696,0.094441205263137804,0.078676551580428994
2907_01,3,0.85696697235107422,0.89845263957977295,0.84206843376159668,0.86941683292388916
2908_01,1,0.63518792390823364,0.64685285091400146,0.63757467269897461,0.71914803981781006
2908_02,1,0.12417718768119811,0.105087399482727,0.1205190867185592,0.095379002392291995
2909_01,2,0.61919558048248291,0.6136278510093689,0.6259920597076416,0.57062786817550659
2910_01,2,0.67456448078155518,0.58742576837539673,0.65672194957733154,0.55719828605651855
2912_01,5,0.34002843499183649,0.36553823947906489,0.36889627575874329,0.3570106029510498
2913_01,2,0.1361100375652313,0.1549553573131561,0.1342652738094329,0.154541015625
2919_01,5,0.79741060733795166,0.79131466150283813,0.81136405467987061,0.88262224197387695
2919_02,5,0.99664449691772461,0.99449896812438965,0.997508704662323,0.99293678998947144
2919_03,5,0.99672305583953857,0.99389362335205078,0.99724173545837402,0.9923521876335144
2920_01,4,0.54302978515625,0.53108376264572144,0.54875421524047852,0.5147101879119873
2925_01,2,0.29192838072776789,0.2866250872611999,0.25886631011962891,0.2723130583763122
2925_02,2,0.99608832597732544,0.9966646432876588,0.99604809284210205,0.99507522583007801
2926_01,5,0.14215336740016929,0.16089090704917899,0.1616803109645843,0.15283212065696711
2927_01,3,0.99440079927444458,0.99234700202941895,0.99445545673370361,0.99523007869720459
2928_01,3,0.26137259602546692,0.3678095936775207,0.28743532299995422,0.53605073690414429
2928_02,3,0.98359328508377075,0.97841054201126099,0.98150444030761719,0.98727393150329601
2928_03,3,0.97887510061264038,0.97731935977935802,0.97903519868850719,0.98447585105895996
2929_01,3,0.56736469268798828,0.57539397478103638,0.57238680124282837,0.58893853425979614
2930_01,1,0.072942011058330494,0.072677254676818806,0.050929591059684698,0.063380628824233995
2934_01,5,0.65130615234375,0.61348569393157959,0.65989303588867188,0.56298828125
2935_01,2,0.00050012429710470001,0.00036095548421140002,0.0004885803209617,0.00035779172321779998
2936_01,3,0.080920480191707597,0.069194450974464403,0.063097499310970306,0.068632706999778706
2938_01,3,0.97721397876739502,0.96299028396606445,0.97491586208343517,0.95259320735931396
2940_01,4,0.42515388131141663,0.4199068546295166,0.38802206516265869,0.3641025722026825
2941_01,2,0.080183722078800201,0.071120381355285603,0.081730961799621499,0.032788712531328201
2942_01,1,0.12672299146652219,0.1231503039598465,0.12906892597675321,0.13223886489868161
2943_01,1,0.51100194454193115,0.52451997995376587,0.51111143827438354,0.523681640625
2944_01,1,0.1195605993270874,0.1242435723543167,0.103182703256607,0.11246698349714269
2944_02,1,0.59488558769226074,0.59256505966186523,0.59319347143173218,0.6027100682258606
2944_03,1,0.66723752021789551,0.69257277250289917,0.67077630758285522,0.69262659549713135
2944_04,1,0.58897137641906738,0.5946163535118103,0.59559524059295654,0.6284949779510498
2945_01,1,0.71905547380447388,0.7412257194519043,0.72114133834838867,0.73080337047576904
2948_01,4,0.99071133136749279,0.98593294620513916,0.99165624380111683,0.99644905328750599
2949_01,2,0.51799106597900391,0.50643706321716309,0.51841568946838379,0.48058605194091791
2950_01,4,0.15194237232208249,0.1441629081964492,0.13876065611839289,0.077337473630905096
2953_01,2,0.89873945713043213,0.95999348163604736,0.94886577129364003,0.99076128005981445
2954_01,1,0.090767309069633401,0.0962259396910667,0.1018521413207054,0.090031787753105094
2956_01,2,0.054837889969348901,0.028116382658481501,0.055617175996303503,0.019038850441574998
2958_01,4,0.010028553195297701,0.0053805424831806998,0.0047585726715624003,0.0015742949908598999
2959_01,2,0.2156355530023574,0.1889314651489257,0.21426978707313529,0.172662153840065
2960_01,2,0.40282577276229858,0.40708774328231812,0.4041133821010589,0.3535134494304657
2961_01,4,0.1078220307826995,0.12980116903781891,0.1064667329192161,0.064584463834762504
2962_01,2,0.072585351765155695,0.095633111894130707,0.085172712802886894,0.0582773499190807
2964_01,1,0.66557461023330688,0.68369925022125244,0.63581478595733643,0.76614093780517578
2965_01,1,0.19422703981399531,0.1991306841373443,0.18569324910640711,0.1682111322879791
2966_01,1,0.69248175621032715,0.67127865552902222,0.66949653625488281,0.68374347686767578
2968_01,2,0.53181362152099609,0.53349298238754272,0.54924309253692627,0.51233154535293579
2969_01,3,0.085996299982070895,0.045882564038038198,0.054167445749044398,0.0209446027874946
2970_01,4,0.14080351591110229,0.1234336718916893,0.11937925219535819,0.079122640192508698
2971_01,4,0.94437116384506237,0.96626603603363037,0.95550566911697399,0.97839468717575084
2972_01,2,0.47636204957962031,0.4105718731880188,0.44246074557304382,0.36768588423728937
2975_01,4,0.44410699605941772,0.43278202414512629,0.46313506364822388,0.39794921875
2979_01,5,0.41642743349075317,0.4198049902915954,0.43294748663902283,0.34195753931999201
2982_01,5,0.99967777729034424,0.99893414974212635,0.99968838691711437,0.99909204244613636
2983_01,4,0.46518450975418091,0.99252772331237804,0.98406988382339478,0.98475039005279541
2984_01,2,0.0059578157961367997,0.0028104428201913001,0.0052883150056004004,0.0013543626992030999
2986_01,3,0.0244070757180452,0.0474143363535404,0.034636311233043601,0.031225865706801401
2988_01,4,0.0022458250168710002,0.0011435045162215001,0.00058449560310690001,0.00039870623731980002
2990_01,4,0.58362579345703125,0.56024086475372314,0.57094031572341919,0.57314079999923706
2992_01,2,0.1269200444221496,0.1177108064293861,0.11281371116638179,0.1113553345203399
2993_01,5,0.0547593832015991,0.064793147146701799,0.077950537204742404,0.1717436015605926
2994_01,2,0.082977458834648105,0.042781364172696998,0.046497937291860497,0.015016563236713401
2995_01,3,0.99643552303314198,0.99525952339172363,0.99586999416351318,0.99726903438568115
2995_02,3,0.99713134765625,0.99637138843536377,0.99665212631225597,0.99823486804962158
2996_01,3,0.35817253589630121,0.31538650393486017,0.32100474834442139,0.36784526705741882
2998_01,2,0.99987602233886719,0.99988245964050282,0.99992120265960682,0.9999079704284668
3000_01,1,0.138393834233284,0.1228815168142318,0.13465073704719541,0.13820752501487729
3001_01,1,0.0019341248553245999,0.0003603824879974,0.00084121467079959996,0.00059543870156629995
3001_02,1,0.89279508590698242,0.89428997039794922,0.82763999700546265,0.83876168727874756
3003_01,1,0.99958181381225597,0.99940359592437744,0.99950045347213756,0.99953782558441162
3004_01,3,0.50364851951599121,0.46693050861358643,0.49993896484375,0.48278388381004328
3004_02,3,0.11770366132259361,0.1030354872345924,0.096533402800559998,0.036679711192846298
3005_01,1,0.987113356590271,0.98501008749008179,0.9866822361946106,0.98702675104141235
3006_01,5,0.074600011110305703,0.075970768928527804,0.045286733657121603,0.068806737661361694
3009_01,5,0.48838582634925842,0.54275643825531006,0.51777768135070801,0.56965076923370361
3010_01,2,0.0034894975833594001,0.0021779167000203999,0.0024558536242692999,0.0021276967599986999
3012_01,4,0.1001929491758346,0.1698356419801712,0.13905130326747889,0.2469153106212616
3013_01,2,0.1067707389593124,0.095433622598648002,0.098903477191924993,0.068027168512344305
3014_01,2,0.0052780415862797997,0.0051361303776502002,0.0052097812294959996,0.0032801388297230001
3015_01,4,0.51579594612121582,0.56497794389724731,0.58036583662033081,0.63932746648788452
3018_01,5,0.095689691603183705,0.076901361346244798,0.044017389416694599,0.056628145277500097
3019_01,2,0.064617820084095001,0.032792717218398999,0.056249395012855502,0.037229191511869403
3020_01,4,7.709227065788582e-05,6.3660780142527074e-05,4.645204171538353e-05,5.7783036027103662e-05
3021_01,4,0.1111656427383422,0.098370537161827004,0.11134838312864299,0.064009621739387498
3021_02,4,0.029337136074900599,0.018384242430329299,0.0168140307068824,0.0037665741983801001
3022_01,4,0.045022953301668098,0.032504715025424902,0.026190157979726701,0.023438150063156998
3022_02,4,0.0085444580763577999,0.0043041259050369002,0.0032631233334541,0.0019159750081598
3023_01,3,0.97456932067871083,0.96216064691543579,0.97545838356018078,0.96282315254211437
3024_01,5,0.54237425327301025,0.4968256950378418,0.52408188581466675,0.41552737355232239
3025_01,1,0.24520954489707941,0.26884675025939941,0.37856325507164001,0.59217232465744019
3025_02,1,0.076420955359935705,0.068959638476371696,0.060701865702867501,0.12956777215003959
3026_01,3,0.51428258419036865,0.49994015693664551,0.52459728717803955,0.48004412651062012
3027_01,1,0.50900328159332275,0.53438055515289307,0.50839430093765259,0.5330243706703186
3029_01,4,0.11976452171802519,0.1040389016270637,0.1038155406713485,0.10121036320924751
3029_02,4,0.97751837968826283,0.97648465633392323,0.97889256477355957,0.99163639545440685
3030_01,3,0.13607996702194211,0.12937852740287781,0.1155140250921249,0.14681762456893921
3030_02,3,0.96599984169006359,0.95663213729858398,0.96615797281265259,0.95857948064804077
3032_01,1,0.35559192299842829,0.3657649159431457,0.36665326356887817,0.37744140625
3032_02,1,0.51553374528884888,0.52376055717468262,0.52343845367431641,0.51092326641082764
3032_03,1,0.57707834243774414,0.58135986328125,0.58487290143966675,0.62353515625
3032_04,1,0.1094910651445388,0.1295235008001327,0.1145891845226287,0.1223940998315811
3033_01,4,0.2947410643100738,0.2875522375106811,0.2842141985893249,0.1847192049026489
3034_01,3,0.58214980363845825,0.67115640640258789,0.58610516786575317,0.72061562538146973
3036_01,3,0.1054694354534149,0.0605537816882133,0.0534991174936294,0.0251683741807937
3038_01,4,0.1204777508974075,0.1122980415821075,0.1236470118165016,0.057042900472879403
3039_01,5,0.42160451412200928,0.3303675651550293,0.4331909716129303,0.29296875
3040_01,2,0.0549680963158607,0.0276093576103448,0.051962275058030999,0.022157195955514901
3042_01,5,0.15874239802360529,0.20626553893089289,0.23012310266494751,0.29189023375511169
3044_01,3,0.14857903122901911,0.1126295551657676,0.10023978352546691,0.069006159901618902
3045_01,5,0.54976052045822144,0.52882444858551025,0.54997116327285767,0.52434885501861572
3047_01,5,0.55423128604888916,0.57841962575912476,0.56515741348266602,0.52940613031387329
3047_02,5,0.025681983679533001,0.0127110267058014,0.012378339655697301,0.0116140060126781
3048_01,1,0.523040771484375,0.61974966526031494,0.52374374866485596,0.59078812599182129
3050_01,2,0.30700436234474182,0.2736074030399322,0.31123912334442139,0.281494140625
3053_01,1,0.00047529611038040002,0.00019762516603799999,0.00021729728905480001,0.0001032240252243
3054_01,3,0.1067237704992294,0.090721197426319095,0.093243733048438998,0.072210617363452897
3055_01,4,0.11860409379005429,0.1354783028364181,0.13170328736305231,0.213623046875
3060_01,5,0.089999541640281594,0.093177184462547302,0.089362345635890905,0.0793934911489486
3060_02,5,0.031475625932216603,0.022348554804921102,0.016194149851799001,0.0049215625040232996
3060_03,5,0.32207483053207397,0.35042965412139893,0.34211200475692749,0.37298357486724848
3061_01,3,0.1117963045835495,0.076219007372856099,0.0874788463115692,0.0462265387177467
3061_02,3,0.013043707236647601,0.0077362293377518003,0.0079334918409584999,0.0026750178076326001
3062_01,2,0.1644670218229293,0.18923866748809809,0.17494937777519221,0.2151857316493988
3063_01,4,0.63141292333602905,0.60031783580780029,0.61620420217514038,0.548583984375
3063_02,4,0.49217212200164789,0.50177001953125,0.476470947265625,0.45867550373077393
3063_03,4,0.60053712129592896,0.86047518253326416,0.93362557888030995,0.60411638021469116
3064_01,1,0.55239617824554443,0.56616115570068359,0.5506243109703064,0.56396484375
3065_01,3,0.9252990484237672,0.93120670318603516,0.91226804256439198,0.92755848169326782
3066_01,4,0.065967217087745597,0.0535301864147186,0.058801449835300397,0.031071051955223
3067_01,3,0.51255947351455688,0.53322494029998779,0.51790058612823486,0.51769590377807617
3068_01,4,0.19030782580375671,0.1816476881504058,0.17606267333030701,0.15654134750366211
3070_01,1,0.50300663709640503,0.52610564231872559,0.51115310192108154,0.52483820915222168
3071_01,4,0.9995216727256776,0.99950194358825684,0.99958431720733643,0.99973756074905396
3071_02,4,0.0034641039092092999,0.0029231742955744002,0.0016322887968270999,0.0012887915363535001
3073_01,1,0.98138821125030518,0.97830301523208618,0.98042309284210205,0.98413097858428955
3076_01,2,0.60890752077102661,0.60019958019256592,0.60357636213302612,0.57927536964416504
3079_01,2,0.10718454420566551,0.1163536012172699,0.10308051109313961,0.1063381135463714
3080_01,2,0.1147734969854354,0.14016495645046231,0.1251242458820343,0.1240773200988769
3081_01,3,0.97567725181579601,0.94469010829925537,0.97856861352920521,0.94698011875152599
3081_02,3,0.99936586618423462,0.99890100955963124,0.99923193454742443,0.999492347240448
3082_01,3,0.78561937808990479,0.77402305603027344,0.788318932056427,0.81992852687835693
3083_01,1,0.048342827707528999,0.0400794930756092,0.028665672987699502,0.017660159617662399
3084_01,2,0.99277299642562877,0.99016720056533802,0.9931107759475708,0.98307585716247559
3085_01,3,0.086583666503429399,0.092719741165637901,0.072294056415557806,0.0174541920423507
3087_01,5,0.3731087446212768,0.39190256595611572,0.38719063997268671,0.40958952903747559
3088_01,4,0.48883235454559321,0.44219809770584101,0.43705824017524719,0.41169282793998718
3090_01,5,0.99820977449417125,0.99690747261047363,0.99903005361556996,0.99969363212585438
3091_01,4,0.00016604969277969999,0.00016197020886460001,0.0001091223457478,0.00011317416647210001
3091_02,4,0.99769258499145519,0.99621927738189697,0.99737370014190685,0.99870645999908436
3092_01,1,0.071783706545829704,0.069428764283657005,0.065390475094318307,0.080841213464736897
3093_01,2,0.19778740406036369,0.14434491097927091,0.18354988098144531,0.1790044754743576
3095_01,4,0.25707435607910151,0.27379453182220459,0.2658616304397583,0.26801919937133789
3096_01,5,0.41981625556945801,0.29083448648452759,0.30575299263000488,0.2042476534843444
3099_01,2,0.50466859340667725,0.53593271970748901,0.4936978816986084,0.5211748480796814
3100_01,1,0.5061790943145752,0.50990128517150879,0.51850944757461548,0.52612578868865967
3100_02,1,0.1573802381753921,0.1418577432632446,0.3619384765625,0.48383238911628718
3100_03,1,0.63631188869476318,0.63673484325408936,0.63681769371032715,0.64412045478820801
3102_01,2,0.99483698606491078,0.99473530054092396,0.99376547336578358,0.99353677034378041
3103_01,2,0.00043405589531170003,0.000299772247672,0.0003396026149857,0.00018622633069750001
3104_01,1,0.3422845304012298,0.35524681210517878,0.35090801119804382,0.35099530220031738
3104_02,1,0.61609333753585815,0.63804101943969727,0.62400054931640625,0.64875757694244385
3110_01,1,0.073758691549301106,0.066639095544814994,0.058959297835826797,0.13157102465629569
3111_01,2,0.1105555817484855,0.096145309507846805,0.11082650721073151,0.099528245627880096
3112_01,5,0.61816525459289551,0.59335529804229736,0.61720567941665649,0.592529296875
3113_01,4,0.82376402616500854,0.91871273517608643,0.82242345809936523,0.88946074247360229
3113_02,4,0.96800696849822998,0.98786693811416637,0.96467030048370361,0.98546051979064941
3114_01,1,0.15044991672039029,0.1414023339748382,0.11146837472915649,0.1173817217350006
3116_01,3,0.32094219326972961,0.30475175380706782,0.32214450836181641,0.1962890625
3117_01,4,0.092466801404953003,0.1088394969701767,0.1025038808584213,0.068614572286605793
3118_01,1,0.50761532783508301,0.5337212085723877,0.50039845705032349,0.5310702919960022
3119_01,1,0.075506567955017007,0.059377044439315699,0.050928469747304903,0.061324108392000198
3120_01,1,0.47106841206550598,0.58413451910018921,0.47857233881950378,0.56507939100265503
3120_02,1,0.039806373417377403,0.0405798852443695,0.021714342758059502,0.050763338804244898
3121_01,5,0.54260408878326416,0.50952363014221191,0.52240043878555298,0.51519858837127686
3123_01,2,0.71587038040161133,0.70047014951705933,0.70265787839889526,0.647216796875
3124_01,5,0.98810446262359619,0.98567843437194824,0.99062246084213257,0.9831392765045166
3124_02,5,0.1435383260250091,0.14353041350841519,0.12403203547000879,0.1239960417151451
3124_03,5,0.981514573097229,0.98385941982269276,0.98508769273757923,0.98821717500686646
3126_01,3,0.71552544832229614,0.75563091039657593,0.73908990621566772,0.74571669101715088
3126_02,3,0.97740733623504639,0.97300755977630615,0.97266697883605957,0.96711546182632435
3128_01,1,0.1651036590337753,0.086483940482139504,0.080466456711292197,0.0264852829277515
3130_01,5,0.1627698540687561,0.13534928858280179,0.12779758870601651,0.1239702999591827
3131_01,3,0.63108247518539429,0.63474446535110474,0.63413232564926147,0.64306640625
3131_02,3,0.53709310293197632,0.54894083738327026,0.54364013671875,0.553466796875
3131_03,3,0.58416825532913208,0.61582130193710327,0.58955520391464233,0.58488839864730835
3132_01,4,0.97648310661315918,0.97496157884597778,0.97340136766433716,0.9799659252166748
3133_01,1,0.4863882958889007,0.44492533802986139,0.4535357654094696,0.408447265625
3134_01,1,0.99883002042770397,0.99950146675109863,0.99944096803665161,0.99966156482696522
3136_01,5,0.53065586090087891,0.5085873007774353,0.53907966613769531,0.51971149444580078
3138_01,4,0.079589582979679094,0.0834095925092697,0.062667429447174003,0.080145165324211107
3140_01,3,0.0280700791627168,0.018922563642263399,0.019320823252201001,0.037175774574279702
3142_01,5,0.55594134330749512,0.58668923377990723,0.62434208393096924,0.658203125
3142_02,5,0.12003710865974419,0.12588140368461609,0.14186853170394889,0.16064606606960291
3143_01,2,0.99368250370025635,0.99320852756500244,0.99407488107681286,0.98733854293823242
3145_01,1,0.98281443119049083,0.98058688640594482,0.98232895135879517,0.98538637161254883
3147_01,1,0.29092633724212641,0.28604415059089661,0.35363593697547913,0.505126953125
3149_01,5,0.48063534498214722,0.45471912622451782,0.3959154486656189,0.34335136413574219
3149_02,5,0.59288853406906128,0.59520643949508667,0.58276212215423584,0.61394232511520386
3152_01,2,0.60633617639541626,0.6239587664604187,0.61311686038970947,0.607177734375
3158_01,3,0.052550382912158897,0.041957508772611597,0.045370917767286301,0.025686321780085501
3159_01,4,0.99329841136932362,0.991937816143036,0.9924742579460144,0.99445492029190063
3161_01,5,0.021046068519353801,0.0092923147603869004,0.0073654800653457,0.0016585357952862
3162_01,1,0.56044107675552368,0.56291115283966064,0.56686955690383911,0.58771854639053345
3162_02,1,0.0207969695329666,0.012098446488380399,0.013573650270700399,0.0035784770734608
3162_03,1,0.66945379972457886,0.6912616491317749,0.66689085960388184,0.70166015625
3163_01,5,0.065621286630630493,0.052451003342866898,0.049185052514076198,0.024907439947128199
3163_02,5,0.55909526348114014,0.58153825998306274,0.54523628950119019,0.55719888210296631
3164_01,4,0.493072509765625,0.49711611866950989,0.49807673692703242,0.46844339370727539
3166_01,4,0.98270577192306519,0.98208588361740123,0.98112475872039795,0.988228440284729
3168_01,4,0.39972430467605591,0.41492417454719538,0.40008538961410522,0.4072265625
3169_01,5,0.38525784015655518,0.36720225214958191,0.37302523851394648,0.38510379195213318
3171_01,1,0.68973952531814575,0.70870423316955566,0.68772661685943604,0.69768011569976807
3172_01,2,0.66957533359527588,0.6710057258605957,0.66113150119781494,0.69628053903579712
3174_01,5,0.71498453617095947,0.70302397012710571,0.70012950897216797,0.563789963722229
3174_02,5,0.9742835760116576,0.9796757698059082,0.97823798656463623,0.98383772373199463
3175_01,5,0.99113136529922485,0.99402821063995361,0.99191820621490479,0.99266088008880615
3176_01,3,0.87668836116790771,0.91136807203292836,0.90445852279663075,0.87958049774169922
3179_01,5,0.056794963777065201,0.052192542701959603,0.040947794914245599,0.038540214300155598
3180_01,4,0.12941247224807739,0.1319119185209274,0.1176749467849731,0.074274890124797793
3181_01,4,0.35541224479675287,0.23903878033161161,0.20372653007507319,0.2529296875
3182_01,1,0.68524384498596191,0.67155277729034424,0.68149888515472412,0.671630859375
3184_01,2,0.99667799472808838,0.99771583080291759,0.99760031700134277,0.99838805198669445
3184_02,2,0.99977028369903564,0.99974328279495239,0.99982637166976918,0.99975788593292236
3185_01,5,0.1262068897485733,0.13894152641296381,0.1133847087621688,0.1045517772436142
3188_01,3,0.7937624454498291,0.80789625644683838,0.76934576034545898,0.817238450050354
3189_01,3,0.96710121631622314,0.96086132526397705,0.96482980251312256,0.94469898939132679
3189_02,3,0.095384694635868003,0.20946612954139709,0.20070153474807739,0.095344796776771504
3191_01,5,0.99421048164367676,0.99190181493759155,0.99556356668472279,0.99215161800384521
3192_01,3,0.16827183961868281,0.19448176026344299,0.1689430773258209,0.244384765625
3193_01,1,0.43787437677383417,0.36378946900367731,0.44018730521202087,0.3649075031280517
3195_01,1,0.4996341466903686,0.51692259311676025,0.50492751598358154,0.54010647535324097
3195_02,1,0.083742350339889499,0.075371190905570901,0.072095967829227406,0.058909714221954297
3195_03,1,0.46469718217849731,0.48097318410873408,0.46992596983909601,0.5073893666267395
3195_04,1,0.51130372285842896,0.55012643337249756,0.52041769027709961,0.513671875
3195_05,1,0.83123856782913208,0.87673228979110718,0.83189517259597778,0.88018035888671875
3195_06,1,0.47425910830497742,0.498916745185852,0.47860434651374811,0.49621599912643433
3196_01,3,0.30780145525932312,0.27245411276817322,0.24125732481479639,0.17665337026119229
3197_01,2,0.1315396577119827,0.1413298547267913,0.14219030737876889,0.14911416172981259
3200_01,4,0.1288425624370575,0.1461627334356308,0.13625016808509821,0.1559555232524871
3201_01,1,0.1230542063713073,0.1154381334781646,0.1083863675594329,0.1499656587839126
3203_01,1,0.56273365020751953,0.58590275049209595,0.56676340103149414,0.57306766510009766
3204_01,4,0.150767907500267,0.16457545757293701,0.1505232751369476,0.1858426034450531
3204_02,4,0.18884211778640739,0.2137203514575958,0.226611778140068,0.19839146733283991
3204_03,4,0.00019427332153999999,0.00014110740448810001,0.0001030592320603,9.7324431408196674e-05
3205_01,5,0.66908729076385498,0.66743952035903931,0.68461132049560547,0.67578125
3206_01,5,0.099452510476112296,0.098622515797614996,0.060139313340187003,0.082546360790729495
3209_01,4,0.98916041851043701,0.99003344774246216,0.9893205165863036,0.99414992332458496
3210_01,1,0.0057953605428337999,0.0042649256065487003,0.0048198844306170004,0.002132742665708
3210_02,1,0.0048442780971527004,0.0043351775966583997,0.0035840498749165998,0.0022910074330865999
3210_03,1,0.061251785606145803,0.0538342595100402,0.066521279513835893,0.077524855732917702
3211_01,5,0.0050657014362514002,0.0026938326191156999,0.0034465668722987002,0.00053033581934859998
3211_02,5,0.1400359570980072,0.146560788154602,0.092766761779785101,0.15532509982585899
3211_03,5,0.60293054580688477,0.59926068782806396,0.6324036717414856,0.62980896234512329
3212_01,4,0.072708770632743794,0.080351337790489197,0.070143625140190097,0.041748285293579102
3213_01,5,0.18874539434909821,0.21796739101409909,0.1620661169290542,0.26231971383094788
3215_01,5,0.63124477863311768,0.59279066324234009,0.62668085098266602,0.59472256898880005
3216_01,2,0.56757485866546631,0.58420950174331665,0.58549320697784424,0.57763671875
3216_02,2,0.74137860536575317,0.72100061178207397,0.74526345729827881,0.71679645776748657
3216_03,2,0.83005762100219727,0.85164010524749756,0.81211042404174805,0.85907894372940063
3217_01,5,0.23942221701145169,0.23015806078910819,0.23338991403579709,0.18134577572345731
3218_01,4,0.50747722387313843,0.4903890192508697,0.53143447637557983,0.4169921875
3218_02,4,0.16115418076515189,0.1709246039390564,0.16969844698905939,0.0869902223348617
3218_03,4,0.50483739376068115,0.46067610383033752,0.51271051168441772,0.46490764617919922
3219_01,3,0.5609663724899292,0.59297502040863037,0.56099808216094971,0.56085962057113647
3220_01,4,0.093211680650711004,0.1036394387483596,0.086833067238330799,0.0394627936184406
3221_01,1,0.55095100402832031,0.55966591835021973,0.54571318626403809,0.5724482536315918
3223_01,3,0.29521232843399048,0.2845159769058227,0.29696580767631531,0.388427734375
3224_01,1,0.60914897918701172,0.60222971439361572,0.64701688289642334,0.6695970892906189
3225_01,2,0.99969112873077404,0.9997515082359314,0.99980908632278442,0.99971222877502441
3225_02,2,0.99979728460311879,0.99980896711349476,0.99987363815307617,0.99987602233886719
3227_01,4,0.15025141835212699,0.1473389863967895,0.15573044121265411,0.1246486604213714
3229_01,5,0.99649053812026978,0.98664867877960205,0.99524194002151478,0.99956619739532482
3230_01,1,0.98080372810363758,0.97710227966308605,0.98061031103134155,0.98356300592422485
3232_01,3,0.99221724271774281,0.98911321163177479,0.991798996925354,0.99038773775100719
3235_01,5,0.470951497554779,0.47735565900802612,0.5308985710144043,0.45501226186752319
3236_01,5,0.74447810649871826,0.75488549470901489,0.75892138481140137,0.740234375
3236_02,5,0.1466276943683624,0.1607717871665954,0.097851336002349798,0.10253220051527021
3236_03,5,0.1185517907142639,0.021582731977105099,0.043020240962505299,0.0138105638325214
3237_01,4,0.095844969153404194,0.092955224215984303,0.1055210307240486,0.0651549622416496
3237_02,4,0.97957348823547363,0.97838604450225841,0.98242545127868641,0.98659110069274902
3237_03,4,0.078096523880958502,0.043221324682235697,0.071403399109840393,0.0166619513183832
3238_01,5,0.51007139682769775,0.49490407109260559,0.50929248332977295,0.50708180665969849
3239_01,4,0.53405892848968506,0.51744073629379272,0.5238497257232666,0.47271975874900818
3240_01,3,0.52366542816162109,0.53332275152206421,0.53071808815002441,0.57470464706420898
3241_01,4,0.55499130487442017,0.54310202598571777,0.5559694766998291,0.54791408777236938
3243_01,3,0.54637020826339722,0.56354564428329468,0.55240219831466675,0.57903289794921875
3247_01,5,0.076348215341567993,0.017629990354180301,0.024550111964344899,0.0152569068595767
3248_01,3,0.32663887739181519,0.28751632571220398,0.33026021718978882,0.34221005439758301
3252_01,2,0.054644666612148202,0.041830122470855699,0.053764767944812698,0.0189727693796157
3253_01,4,0.3106889128684997,0.3124995231628418,0.38381043076515198,0.397705078125
3254_01,1,0.99953520298004161,0.99974608421325684,0.99965131282806396,0.99980723857879639
3255_01,4,0.60347992181777954,0.57478427886962891,0.59037148952484131,0.54523575305938721
3256_01,3,0.993580162525177,0.99159318208694458,0.9938398003578186,0.99759137630462635
3258_01,1,0.44961345195770258,0.44496086239814758,0.466262936592102,0.41360220313072199
3259_01,4,0.030117968097329102,0.034914735704660402,0.029138298705220202,0.033091776072978897
3260_01,2,0.19568225741386411,0.1983212530612945,0.210803598165512,0.0967091023921966
3262_01,1,0.48367291688919067,0.4651214182376861,0.49316143989562988,0.515380859375
3268_01,3,0.1750366538763046,0.13194878399372101,0.19302907586097709,0.1443999707698822
3269_01,5,0.94021469354629517,0.95234489440917958,0.9328218698501588,0.99514758586883545
3270_01,3,0.1346196234226226,0.104187935590744,0.1246288195252418,0.093559764325618702
3271_01,3,0.51774787902832031,0.55734777450561523,0.540077805519104,0.511962890625
3271_02,3,0.62428349256515503,0.61071568727493286,0.63421618938446045,0.59455835819244385
3272_01,1,0.59527134895324707,0.62363225221633911,0.60771995782852173,0.60066282749176025
3272_02,1,0.68263763189315796,0.68092817068099976,0.67694145441055298,0.6796875
3273_01,3,0.63538819551467896,0.65710192918777466,0.64438784122467041,0.65380859375
3274_01,2,0.46038800477981567,0.49467450380325317,0.47044330835342407,0.46672815084457397
3274_02,2,0.073518723249435397,0.051124520599842002,0.071838900446891701,0.039377078413963297
3274_03,2,0.0789811536669731,0.063632972538471194,0.070339426398277199,0.053167432546615601
3275_01,5,0.28416305780410761,0.28592503070831299,0.23258727788925171,0.27685546875
3276_01,1,0.1861560046672821,0.18488796055316919,0.20871640741825101,0.2180552184581756
3279_01,2,0.99610936641693115,0.99797624349594116,0.99722653627395641,0.99841618537902843
3279_02,2,0.99920767545700084,0.99917685985565197,0.99947202205657959,0.99923068284988403
3279_03,2,0.99960917234420776,0.99958509206771839,0.99975770711898804,0.99965262413024902
3279_04,2,0.99962425231933605,0.99959325790405285,0.99977338314056396,0.99964463710784923
3280_01,4,0.61751067638397217,0.57568424940109253,0.59830260276794434,0.530029296875
3280_02,4,0.14737369120120999,0.15446686744689939,0.15384425222873679,0.1318816542625427
3282_01,1,0.99960362911224365,0.999558925628662,0.99961590766906738,0.99966681003570557
3282_02,1,0.99938362836837757,0.99902355670928955,0.99928969144821156,0.99938875436782837
3282_03,1,0.9793274998664856,0.97088754177093517,0.97826051712036122,0.98638594150543202
3283_01,2,0.17148514091968531,0.21121804416179649,0.17655393481254569,0.1667967736721038
3283_02,2,0.21882177889347071,0.25893720984458918,0.2203509509563446,0.26245847344398499
3283_03,2,0.061580505222082103,0.036105148494243601,0.070502705872058799,0.027957171201705901
3283_04,2,0.057954356074333101,0.051047861576080301,0.069949276745319297,0.070426002144813496
3284_01,4,0.71700102090835571,0.68646180629730225,0.72541904449462891,0.68269979953765869
3284_02,4,0.63016557693481445,0.57681846618652344,0.6163896918296814,0.54248046875
3287_01,3,0.56638032197952271,0.59228664636611938,0.57627606391906738,0.570556640625
3287_02,3,0.1580527126789093,0.22751344740390769,0.18196210265159601,0.1904296875
3287_03,3,0.1646705418825149,0.1640566289424896,0.15242594480514521,0.1344378590583801
3289_01,2,0.63480585813522339,0.64705264568328857,0.62294459342956543,0.61369359493255615
3292_01,4,0.99946606159210205,0.99955010414123535,0.99954289197921764,0.99961006641387939
3292_02,4,0.0002376735210418,0.00020892784232270001,0.00017344762454740001,0.0001358754525426
3292_03,4,0.99944543838500977,0.99942505359649658,0.99954128265380859,0.99945586919784557
3292_04,4,0.98039853572845459,0.95511776208877563,0.97573614120483398,0.96807312965393078
3292_05,4,0.99969512224197399,0.99959874153137196,0.99975132942199718,0.99977725744247437
3293_01,5,0.075099825859069796,0.076797604560851995,0.063886485993862097,0.0649689510464668
3294_01,3,0.6405637264251709,0.66605305671691895,0.64267677068710327,0.62026864290237427
3294_02,3,0.56424224376678467,0.60884940624237061,0.58545863628387451,0.57086896896362305
3295_01,4,0.039626397192478097,0.0208371579647064,0.025915803387761099,0.0076043098233640003
3296_01,3,0.1824951171875,0.20418480038642881,0.1847377866506576,0.1936553418636322
3297_01,4,0.31779050827026362,0.34946644306182861,0.32959136366844177,0.35482296347618097
3298_01,3,0.39865905046463013,0.40168085694313049,0.39980226755142212,0.3067324161529541
3299_01,5,0.41890853643417358,0.43924078345298762,0.43310719728469849,0.45281559228897089
3300_01,2,0.99022650718688965,0.99471712112426758,0.99122869968414318,0.99140763282775879
3300_02,2,0.037206817418336799,0.036530107259750297,0.037549462169408798,0.0329513251781463
3301_01,4,0.5689430832862854,0.53608238697052002,0.54768621921539307,0.52179062366485596
3301_02,4,0.48838731646537781,0.46133029460906982,0.49946534633636469,0.46826171875
3301_03,4,0.62564373016357422,0.5685001015663147,0.63658010959625244,0.59528625011444092
3301_04,4,0.48065835237503052,0.44796311855316162,0.49024477601051331,0.44775390625
3304_01,3,0.97585105895996083,0.95942622423171997,0.97124326229095459,0.96478366851806641
3305_01,1,0.951995849609375,0.97345852851867676,0.9423794150352478,0.98577994108200084
3305_02,1,0.1824425607919693,0.2256411612033844,0.3371163010597229,0.561653733253479
3308_01,4,0.31803464889526362,0.30170375108718872,0.27651888132095331,0.25375261902809138
3309_01,2,0.47309857606887817,0.37954315543174738,0.43582764267921448,0.42292702198028559
3310_01,5,0.97845965623855602,0.98327666521072399,0.97909504175186157,0.98403692245483398
3311_01,5,0.3869025707244873,0.4197571873664856,0.51113969087600708,0.30102542042732239
3312_01,4,0.011381646618246999,0.025785723701119399,0.0147952195256948,0.013207826763391399
3313_01,1,0.99954038858413696,0.99944186210632324,0.99952858686447144,0.99962162971496582
3314_01,4,0.17698773741722101,0.18399700522422791,0.19699275493621821,0.23017203807830811
3315_01,2,0.031335476785898202,0.013849781826138399,0.028014671057462599,0.0077876513823866003
3317_01,3,0.031686376780271502,0.016383936628699299,0.017991589382290799,0.0071744779124854998
3318_01,4,0.90640908479690563,0.92157298326492321,0.92253708839416504,0.94071543216705322
3318_02,4,0.99983197450637817,0.99981939792633057,0.99986189603805542,0.99987024068832397
3318_03,4,0.99277377128601085,0.99359381198883057,0.99332344532012939,0.99212944507598877
3318_04,4,0.9994945526123048,0.99945712089538563,0.99956476688384999,0.99964720010757435
3318_05,4,0.99968773126602162,0.99963074922561646,0.9997515082359314,0.99975520372390758
3319_01,2,0.40104383230209351,0.35355949401855469,0.37205064296722412,0.4188683032989502
3322_01,2,0.4859769344329834,0.50186061859130859,0.49403539299964899,0.48681640625
3323_01,4,0.99818480014801036,0.99708378314971924,0.9977007508277892,0.99706429243087757
3323_02,4,0.99878281354904164,0.99806874990463257,0.99855637550354004,0.99846327304840077
3324_01,3,0.98879599571228038,0.98658895492553722,0.98889338970184315,0.98196816444396962
3324_02,3,0.99587434530258179,0.99432969093322765,0.99596458673477162,0.99605488777160645
3325_01,2,0.5672764778137207,0.54908955097198486,0.56495863199234009,0.51922094821929932
3326_01,2,0.81959074735641479,0.84424573183059692,0.81773340702056885,0.84990233182907104
3327_01,4,0.1077813059091568,0.1034722775220871,0.097782105207443196,0.056596472859382602
3328_01,5,0.091145619750022805,0.1028237268328666,0.079377770423889105,0.1164550855755806
3329_01,1,0.50122052431106567,0.52017033100128174,0.49911549687385559,0.512451171875
3330_01,2,0.073303028941154397,0.055595748126506798,0.067439675331115695,0.051970370113849598
3331_01,3,0.162241905927658,0.148422360420227,0.13962046802043909,0.23974609375
3332_01,4,0.19094118475913999,0.19150418043136591,0.18957376480102539,0.1533727943897247
3332_02,4,0.99047040939331044,0.99386829137802124,0.98745995759964,0.98821938037872314
3332_03,4,0.99802964925766002,0.99869358539581299,0.99795496463775635,0.99861741065979004
3336_01,3,0.97983229160308838,0.97134530544280995,0.97917473316192638,0.972523033618927
3337_01,5,0.99964118003845204,0.99906277656555176,0.999717116355896,0.99920564889907837
3337_02,5,0.00012887692719230001,0.0001052036750479,5.9801535826409242e-05,3.9993112295633182e-05
3337_03,5,0.0047812820412217998,0.0034201357048003998,0.0029947301372885001,0.00059631501790129995
3338_01,2,0.58084529638290405,0.56050252914428711,0.57516169548034668,0.53741598129272461
3339_01,4,0.63065195083618164,0.60925638675689697,0.61647689342498779,0.61391943693161011
3342_01,1,0.57408750057220459,0.60078072547912598,0.57305824756622314,0.591552734375
3343_01,3,0.69012784957885742,0.69836485385894775,0.68571066856384277,0.71719849109649658
3348_01,1,0.34346023201942438,0.35123565793037409,0.28235948085784912,0.29891443252563471
3349_01,4,0.99260705709457397,0.9916304349899292,0.99317765235900879,0.99432039260864258
3350_01,2,0.95321971178054798,0.96464449167251598,0.94761407375335682,0.93137133121490479
3352_01,2,0.5672340989112854,0.55630791187286377,0.57215976715087891,0.52728170156478882
3353_01,2,0.00043669226579359999,0.00043319369433439999,0.00039331754669540001,0.00035092455800620002
3353_02,2,0.99969178438186646,0.99974286556243896,0.99981814622879039,0.99972617626190197
3353_03,2,0.0073015997186303,0.0040213819593190999,0.0063545461744070001,0.0045923083089291997
3353_04,2,0.99978798627853405,0.99979245662689198,0.99986928701400757,0.99983584880828857
3353_05,2,0.92751139402389515,0.88607627153396606,0.9166960120201112,0.85649394989013672
3353_06,2,0.9884570837020874,0.98958104848861683,0.98978430032730103,0.98119330406188965
3357_01,3,0.64201068878173828,0.66725718975067139,0.64387750625610352,0.65632927417755127
3359_01,3,0.66351509094238281,0.70191800594329834,0.63393044471740723,0.70010614395141602
3360_01,2,0.095146790146827698,0.070292517542838995,0.097248151898384094,0.057476922869682298
3361_01,2,0.99086612462997437,0.99367886781692505,0.99194592237472523,0.99185246229171764
3361_02,2,0.99663972854614258,0.9965914487838744,0.99718445539474476,0.99657547473907482
3361_03,2,0.99400436878204357,0.99523121118545521,0.99496948719024658,0.9952709674835204
3361_04,2,0.32539260387420649,0.32344654202461243,0.34712627530097961,0.32405373454093928
3363_01,2,0.097215071320533697,0.080465540289878804,0.093728728592395699,0.049227606505155501
3363_02,2,0.4268614649772644,0.4365058541297912,0.4341511726379394,0.42194375395774841
3363_03,2,0.55940479040145874,0.54669189453125,0.55949270725250244,0.52557265758514404
3364_01,4,0.1758541613817215,0.18061317503452301,0.1837619543075561,0.21699270606040949
3365_01,4,0.62158262729644775,0.58090972900390625,0.61460447311401367,0.60170942544937134
3370_01,4,0.076562255620956393,0.062204357236623702,0.070236019790172494,0.023309361189603799
3371_01,2,0.087306350469589206,0.093100368976593004,0.089694604277610696,0.090324349701404502
3372_01,4,0.69941937923431396,0.66109216213226318,0.69677978754043579,0.67366361618041992
3377_01,4,0.99715256690979004,0.9966834783554076,0.99680781364440918,0.99900943040847778
3380_01,3,0.1189921721816062,0.13534772396087641,0.1398337334394455,0.21011924743652341
3381_01,5,0.57542163133621216,0.55174160003662109,0.59306049346923828,0.5581735372543335
3382_01,2,0.52798604965209961,0.46616876125335688,0.51751947402954102,0.38330078125
3382_02,2,0.50860583782196045,0.5280035138130188,0.51495182514190674,0.49676215648651117
3383_01,1,0.099508374929428101,0.1048256009817123,0.10523435473442069,0.080681324005126898
3384_01,2,0.098875045776367104,0.087589755654334994,0.0933105424046516,0.059613384306430803
3384_02,2,0.083809271454811096,0.048566825687885201,0.064920753240585299,0.0190044492483139
3384_03,2,0.72009146213531494,0.70586889982223511,0.72013372182846069,0.6847306489944458
3386_01,1,0.9935041069984436,0.99137508869171143,0.99231231212615956,0.99425178766250599
3387_01,4,0.5915687084197998,0.54620218276977539,0.57403504848480225,0.56542140245437622
3389_01,4,0.83071130514144897,0.89400386810302734,0.86412638425827026,0.92596924304962158
3390_01,5,0.99559450149536122,0.99326294660568237,0.99671423435211182,0.99290084838867199
3391_01,1,0.9640318751335144,0.96962863206863403,0.95886689424514759,0.97590309381484996
3391_02,1,0.1900169849395752,0.1646299064159393,0.19107472896575919,0.241455078125
3392_01,1,0.53885233402252197,0.56336128711700439,0.53100705146789551,0.58569419384002686
3392_02,1,0.5481535792350769,0.56095707416534424,0.55488616228103638,0.55377984046936035
3392_03,1,0.53399693965911865,0.56455063819885254,0.55056405067443848,0.56378895044326782
3392_04,1,0.61925870180130005,0.62627929449081421,0.61997467279434204,0.65437698364257812
3394_01,4,0.4567266702651977,0.47073155641555781,0.43888556957244867,0.416259765625
3395_01,4,0.55451059341430664,0.50286579132080078,0.54909944534301758,0.54931640625
3396_01,1,0.95945537090301525,0.96357727050781239,0.95615148544311523,0.97343963384628296
3397_01,1,0.164136067032814,0.17812621593475339,0.19145800173282621,0.1613234281539917
3401_01,3,0.69807451963424683,0.74298053979873657,0.67977350950241089,0.79389470815658569
3402_01,2,0.24362117052078239,0.29542914032936091,0.26258054375648499,0.325439453125
3403_01,1,0.1960214376449585,0.17142193019390101,0.22226950526237479,0.1572265625
3404_01,2,0.67651587724685669,0.6582036018371582,0.67173302173614502,0.62948501110076904
3405_01,1,0.53391128778457642,0.57252728939056396,0.55442750453948975,0.5830078125
3405_02,1,0.37939226627349848,0.4072926938533783,0.41184684634208679,0.41276919841766357
3405_03,1,0.61183428764343262,0.63379007577896118,0.61486291885375977,0.62458670139312744
3406_01,1,0.0078919008374213999,0.0029355429578572,0.0036838641390204,0.0011087054153904
3406_02,1,0.0020299081224947999,0.00058547942899160002,0.00082414603093629996,0.00028224743437019998
3408_01,1,0.6253015398979187,0.65391206741333008,0.62732124328613281,0.64810311794281006
3409_01,1,0.1208700239658355,0.10999765247106549,0.10363418608903879,0.1217989549040794
3410_01,4,0.64039707183837891,0.6138077974319458,0.66013616323471069,0.658774733543396
3412_01,5,0.00010950280557150001,7.0298134232871234e-05,5.2069233788643032e-05,3.9993112295633182e-05
3412_02,5,0.99451601505279541,0.99531269073486317,0.99571114778518677,0.99384188652038563
3412_03,5,0.99937570095062256,0.99891364574432362,0.99969178438186646,0.99948984384536743
3413_01,1,0.65858888626098633,0.68513786792755127,0.65240538120269775,0.666015625
3415_01,2,0.20330938696861259,0.2082271128892898,0.2041663378477096,0.1168070286512374
3417_01,4,0.69205772876739502,0.70711582899093628,0.69663810729980469,0.69369196891784668
3418_01,3,0.99145162105560303,0.98774123191833496,0.99051415920257557,0.98562180995941162
3419_01,2,0.097148247063159901,0.091498062014579704,0.086772441864013602,0.10207658261060711
3420_01,4,0.58949607610702515,0.59040844440460205,0.59478759765625,0.57606840133666992
3421_01,1,0.074289932847022996,0.080719947814941406,0.051778696477413101,0.054528452455997398
3422_01,1,0.95978063344955444,0.96454936265945435,0.95120340585708618,0.97308444976806641
3422_02,1,0.95303976535797119,0.9511018395423888,0.94804280996322643,0.96766948699951161
3423_01,5,0.51712250709533691,0.4952106773853302,0.51518142223358154,0.46093675494194031
3424_01,1,0.041952528059482498,0.043682031333446503,0.025089530274271899,0.045455545186996398
3425_01,5,0.16857868432998649,0.20666356384754181,0.18760703504085541,0.13574394583702079
3426_01,1,0.15737113356590271,0.14642259478569031,0.15491142868995661,0.12588876485824579
3428_01,3,0.99729615449905396,0.99633097648620605,0.99679785966873158,0.99716448783874523
3428_02,3,0.78789985179901123,0.89453238248825073,0.84584647417068481,0.89146733283996582
3430_01,5,0.6095278263092041,0.54466068744659424,0.5894777774810791,0.57683759927749634
3431_01,3,0.9809553623199464,0.97511613368988037,0.98134231567382801,0.97955924272537243
3432_01,1,0.093914680182933793,0.1087784469127655,0.0916308984160423,0.1104598268866539
3433_01,2,0.00037166458787390002,0.00027937084087169999,0.00027101972955269999,0.0003021919401362
3434_01,4,0.49807456135749811,0.51638698577880859,0.5078732967376709,0.48546749353408808
3437_01,4,0.13920596241950989,0.14334791898727409,0.1589806973934173,0.089449256658553994
3437_02,4,0.65220403671264648,0.61409759521484375,0.66066575050354004,0.664794921875
3438_01,4,0.62265706062316895,0.60459029674530029,0.61801803112030029,0.62735044956207275
3438_02,4,0.70160114765167236,0.71996277570724487,0.7074282169342041,0.69873970746994019
3439_01,4,0.99950885772705078,0.99945819377899159,0.99954068660736084,0.99971890449523915
3439_02,4,0.99847018718719482,0.99858313798904419,0.99866288900375355,0.99961358308792125
3439_03,4,0.99775260686874401,0.99835681915283203,0.99878370761871338,0.99714982509613037
3439_04,4,0.0064878193661570003,0.0060761189088225,0.0045575066469609,0.0022396831773220998
3440_01,1,0.1329010725021362,0.15367993712425229,0.17552125453948969,0.065431296825408894
3441_01,3,0.1245786696672439,0.1347867995500564,0.14461648464202881,0.1685055792331695
3442_01,2,0.10389524698257439,0.085110783576965304,0.096412003040313707,0.065327331423759405
3443_01,2,0.16593970358371729,0.1955087929964065,0.17237803339958191,0.16811135411262509
3444_01,1,0.99713999032974243,0.99671643972396839,0.99809646606445324,0.997211754322052
3444_02,1,0.99940907955169678,0.99941378831863403,0.99943578243255615,0.99962359666824341
3444_03,1,0.49771437048912048,0.42426982522010798,0.58761143684387207,0.452392578125
3444_04,1,0.99483829736709595,0.99722194671630859,0.99679267406463623,0.99840092658996582
3445_01,4,0.56782960891723633,0.49896302819252009,0.58489274978637695,0.46808457374572748
3446_01,4,0.61317574977874756,0.58987843990325928,0.61364609003067017,0.59619140625
3447_01,4,0.13768197596073151,0.14870333671569819,0.1604000926017761,0.14276280999183649
3449_01,2,0.075720958411693504,0.058715589344501398,0.084079556167125702,0.077323570847511194
3450_01,5,0.2080201059579849,0.20693214237689969,0.2370515167713165,0.1990736126899719
3450_02,5,0.92299681901931763,0.87531095743179321,0.9002525806427002,0.98746341466903675
3453_01,3,0.52035653591156006,0.54251551628112793,0.53962826728820801,0.49365234375
3454_01,5,0.53085494041442871,0.5214998722076416,0.53283923864364624,0.50976330041885376
3455_01,3,0.98902994394302357,0.98366791009902965,0.9892711043357848,0.98954999446868896
3456_01,1,0.68033874034881592,0.69529354572296143,0.68367671966552734,0.69613087177276611
3458_01,5,0.99099504947662365,0.98900735378265381,0.99123233556747437,0.98989582061767578
3459_01,3,0.58302587270736694,0.65130615234375,0.59133386611938477,0.658447265625
3461_01,5,0.2081779390573501,0.23282983899116511,0.18213975429534909,0.19942307472229001
3462_01,4,0.99475234746932983,0.99154651165008545,0.99496299028396595,0.99293512105941761
3464_01,2,0.101833663880825,0.085265442728996194,0.1029182225465774,0.053308866918086999
3464_02,2,0.57799452543258667,0.59171104431152344,0.58957421779632568,0.56710106134414673
3465_01,5,0.11718817800283431,0.1209904104471206,0.1295740455389022,0.147705078125
3467_01,3,0.081182107329368494,0.080934911966323797,0.092705637216567993,0.092483393847942297
3468_01,1,0.58626019954681396,0.60849690437316895,0.60483348369598389,0.60261166095733643
3469_01,5,0.96196913719177235,0.98140692710876465,0.96647512912750244,0.98147517442703236
3470_01,4,0.59875392913818359,0.54793882369995117,0.60084748268127441,0.53192031383514404
3470_02,4,0.79287099838256836,0.7455298900604248,0.80553019046783447,0.76176702976226807
3473_01,4,0.25826597213745112,0.31487837433815002,0.30283036828041071,0.30432096123695368
3474_01,5,0.94604796171188354,0.97630709409713756,0.94462603330612183,0.97524493932723999
3474_02,5,0.097969025373458807,0.1648661643266677,0.094784006476402199,0.24400410056114191
3474_03,5,0.99620270729064941,0.99654638767242443,0.99712365865707397,0.99611371755599976
3474_04,5,0.98276233673095703,0.99044615030288696,0.9852527379989624,0.990478515625
3475_01,1,0.99957817792892456,0.99940663576126099,0.99950957298278797,0.9995904564857484
3475_02,1,0.0043096803128719,0.0023311898112297002,0.0035325228236614999,0.0010285730240866
3475_03,1,0.99993032217025757,0.99995362758636475,0.99995476007461559,0.9999573826789856
3476_01,4,0.54193347692489624,0.50056076049804688,0.5172000527381897,0.52447903156280518
3476_02,4,0.66003161668777466,0.62485653162002563,0.65535426139831543,0.66048252582550049
3476_03,4,0.66800940036773682,0.61545181274414062,0.66813313961029053,0.653076171875
3476_04,4,0.14844620227813721,0.15065471827983851,0.13901644945144651,0.104735255241394
3478_01,4,0.31495380401611328,0.30861219763755798,0.31062886118888849,0.292724609375
3480_01,2,0.54336768388748169,0.61442983150482178,0.54522407054901123,0.64320164918899536
3483_01,1,0.39591097831726069,0.35713657736778259,0.36867395043373108,0.43962582945823669
3484_01,4,0.50033414363861084,0.4744400680065155,0.50116002559661865,0.47430014610290527
3484_02,4,0.96467214822769165,0.95852768421173096,0.96436285972595204,0.98143035173416138
3485_01,1,0.071839123964309595,0.084202393889427102,0.0695817396044731,0.092145331203937503
3485_02,1,0.96770799160003662,0.96810239553451538,0.95434987545013439,0.97184240818023682
3485_03,1,0.93793976306915283,0.96823883056640625,0.95493870973587036,0.99107307195663441
3486_01,2,0.69271445274353027,0.70549899339675903,0.70863068103790283,0.62092238664627075
3487_01,1,0.0020401410292834,0.0016354122199118001,0.0012557486770674001,0.00078294076956800002
3488_01,5,0.62573987245559692,0.55084776878356934,0.64322412014007568,0.476806640625
3488_02,5,0.4110124409198761,0.32900220155715942,0.40089663863182068,0.34163942933082581
3489_01,3,0.0675326362252235,0.047920666635036399,0.042573694139719002,0.022749673575162801
3489_02,3,0.97580659389495839,0.97005259990692139,0.97726351022720337,0.9670182466506958
3490_01,2,0.99134993553161621,0.9952554702758788,0.99202138185501099,0.99548584222793579
3490_02,2,0.17152960598468781,0.16315674781799311,0.18299552798271179,0.13544595241546631
3491_01,1,0.092594563961028997,0.083353385329246493,0.11797682195901869,0.083481721580028506
3492_01,4,0.28491023182868958,0.31758254766464228,0.30321338772773743,0.36613321304321289
3495_01,3,0.9998679757118224,0.99988603591918956,0.99991840124130238,0.99995970726013184
3495_02,3,0.9791942834854126,0.95890802145004284,0.97371309995651245,0.93142902851104736
3495_03,3,0.99973380565643322,0.99965363740921021,0.99975574016571045,0.99991041421890259
3495_04,3,0.99959951639175415,0.99944424629211437,0.99962002038955677,0.99981915950775158
3496_01,1,0.97940784692764282,0.98275721073150635,0.98133540153503418,0.98607975244522095
3496_02,1,0.31335392594337458,0.29929482936859131,0.29612132906913757,0.27752014994621271
3497_01,2,0.59885430335998535,0.55092191696166992,0.60302174091339111,0.5234375
3499_01,1,0.20063115656375879,0.19137045741081229,0.21724237501621241,0.20117186009883881
3499_02,1,0.53066885471343994,0.52699607610702515,0.53512370586395264,0.543701171875
3499_03,1,0.60717082023620605,0.62858116626739502,0.60176795721054077,0.60424131155014038
3499_04,1,0.62784445285797119,0.62195110321044922,0.62434744834899902,0.65624910593032837
3501_01,3,0.1694123148918151,0.1787418723106384,0.1615965664386749,0.3123079240322113
3504_01,4,0.50332731008529663,0.49018809199333191,0.51159757375717163,0.496337890625
3506_01,3,0.99631768465042125,0.99527573585510243,0.99555325508117676,0.99755823612213124
3511_01,4,0.15196454524993891,0.14911565184593201,0.1175010576844215,0.1239661872386932
3512_01,2,0.83887970447540283,0.80666565895080566,0.84738212823867798,0.71660041809082031
3514_01,4,0.1152753755450248,0.096226327121257699,0.086817495524883201,0.040024455636739703
3515_01,2,0.98473000526428223,0.99403822422027599,0.98555701971054077,0.99107092618942261
3515_02,2,0.98918104171752919,0.99512797594070435,0.98866152763366699,0.99306946992874157
3518_01,2,0.56718361377716064,0.5623098611831665,0.57199537754058838,0.54529917240142822
3519_01,2,0.5043492317199707,0.47505548596382141,0.48485177755355829,0.43422016501426691
3519_02,2,0.67869031429290771,0.66591137647628784,0.67392969131469727,0.68831503391265869
3519_03,2,0.70150160789489746,0.68257707357406616,0.69556021690368652,0.70401358604431152
3520_01,5,0.23589259386062619,0.29077792167663569,0.20345379412174219,0.2154706716537475
3520_02,5,0.71230357885360718,0.7225574254989624,0.70792746543884277,0.738037109375
3521_01,1,0.98692888021469116,0.99159634113311756,0.98546493053436279,0.99480676651000977
3521_02,1,0.99941587448120117,0.99921971559524536,0.99946188926696777,0.99939453601837158
3523_01,3,0.93707716464996338,0.92310255765914917,0.94810944795608521,0.88052737712860107
3525_01,4,0.9841914176940918,0.98259872198104858,0.98162543773651123,0.99263393878936756
3527_01,4,0.18326395750045771,0.19376228749752039,0.1805776357650756,0.54672449827194214
3528_01,4,0.52379059791564941,0.5580899715423584,0.5818936824798584,0.91394966840744019
3530_01,2,0.64074957370758057,0.65224236249923706,0.65040880441665649,0.63607871532440186
3531_01,4,0.085934907197952201,0.092724539339542306,0.075404614210128701,0.043398994952440199
3531_02,4,0.9739586114883424,0.96980750560760498,0.96836322546005238,0.98245596885681163
3533_01,2,0.075298681855201693,0.039593793451786,0.061847221106290803,0.0382475107908248
3534_01,1,0.086311534047126701,0.093611292541027,0.071410059928894001,0.073385462164878804
3535_01,4,0.10398970544338219,0.1069804728031158,0.10851309448480601,0.1639604568481445
3535_02,4,0.99649345874786377,0.99607998132705677,0.99599456787109375,0.99804013967514038
3536_01,4,0.99530136585235596,0.99615561962127686,0.99615263938903797,0.99728977680206299
3537_01,5,0.1048856750130653,0.1154939457774162,0.058405086398124598,0.081266567111015306
3539_01,2,0.163803145289421,0.1022901460528373,0.1061312183737754,0.050251215696334797
3540_01,3,0.75060063600540161,0.73842239379882812,0.74733686447143555,0.73477423191070557
3542_01,3,0.99393332004547119,0.99093663692474365,0.99361926317214955,0.99266242980957042
3543_01,4,0.88171565532684326,0.94322597980499279,0.91061568260192882,0.95460408926010121
3543_02,4,0.99880021810531616,0.99864405393600464,0.9989628791809082,0.99895775318145763
3543_03,4,0.99563008546829224,0.99481779336929321,0.99571347236633301,0.99695342779159557
3546_01,1,0.20725035667419431,0.20667669177055359,0.20613858103752131,0.15361917018890381
3547_01,5,0.60651940107345581,0.53821158409118652,0.54844522476196289,0.42634880542755121
3548_01,5,0.5997622013092041,0.6411137580871582,0.58879977464675903,0.62175053358078003
3550_01,1,0.54913890361785889,0.58914607763290405,0.5761449933052063,0.59675133228302002
3550_02,1,0.64974081516265869,0.66064310073852539,0.6612122654914856,0.64241147041320801
3550_03,1,0.62337058782577515,0.66318893432617188,0.64166158437728882,0.65861034393310547
3552_01,1,0.050088275223970399,0.065081827342510196,0.065535634756088201,0.084564052522182395
3552_02,1,0.99937587976455677,0.99927115440368641,0.99938458204269398,0.99944490194320679
3553_01,5,0.027197247371077499,0.020260475575923899,0.026455860584974199,0.019422480836510599
3555_01,3,0.1189575120806694,0.1392982006072998,0.1447889506816864,0.2291678190231323
3556_01,4,0.61319619417190552,0.56986135244369507,0.60916942358016968,0.549072265625
3558_01,2,0.0085243657231330004,0.0088170738890766993,0.010608572512865001,0.015471274033188801
3558_02,2,0.9923967719078064,0.99635511636733998,0.99180483818054199,0.99556207656860363
3559_01,4,0.10531949996948239,0.088683009147644001,0.095594212412834098,0.033853784203529302
3560_01,2,0.49545729160308838,0.41209074854850769,0.49220961332321161,0.37370523810386658
3561_01,3,0.97196787595748901,0.9617125391960144,0.97366422414779663,0.95218920707702637
3561_02,3,0.17985063791275019,0.159534066915512,0.15839686989784241,0.085335344076156602
3562_01,1,0.2416170537471771,0.15777033567428589,0.47538724541664118,0.14841835200786591
3562_02,1,0.0026628295890986,0.0019804118201135999,0.0019251955673098,0.00063458934891959999
3563_01,1,0.67268902063369751,0.70123523473739624,0.67069429159164429,0.72319126129150391
3564_01,5,0.53288048505783081,0.52180463075637817,0.53975045680999756,0.4910284280776977
3565_01,5,0.60491943359375,0.60452967882156372,0.61808282136917114,0.58185887336730957
3566_01,2,0.74606841802597046,0.73307037353515625,0.74439090490341187,0.71639907360076904
3567_01,3,0.66477394104003906,0.74059581756591797,0.67063486576080322,0.73486632108688354
3568_01,2,0.096028849482536302,0.088178902864456093,0.1057611927390098,0.062284026294946601
3569_01,4,0.9859086275100708,0.9851224422454834,0.98395854234695435,0.99211740493774403
3570_01,2,0.3640353381633758,0.34576869010925287,0.35443058609962458,0.3388671875
3572_01,2,0.030899960547685599,0.020271625369787199,0.035746425390243503,0.0145395752042531
3573_01,4,0.134988248348236,0.17178729176521301,0.17406927049160001,0.3423915803432464
3576_01,5,0.079663008451461695,0.086284622550010598,0.062357455492019598,0.059968922287225702
3577_01,5,0.1171066761016845,0.1409783065319061,0.1074284315109252,0.11806014180183411
3578_01,5,0.96574878692626964,0.9750206470489502,0.96863555908203125,0.98323339223861683
3579_01,3,0.059659421443939202,0.045118272304534898,0.0413497127592563,0.029409043490886601
3582_01,3,0.059114079922437598,0.036071661859750699,0.040540192276239298,0.036392651498317698
3584_01,1,0.74163919687271118,0.71519386768341064,0.77242863178253174,0.708984375
3586_01,5,0.079528555274009705,0.082451283931732094,0.0534172356128692,0.097139567136764499
3588_01,1,0.16382940113544461,0.16367316246032709,0.15919356048107139,0.1822287440299987
3588_02,1,0.18282291293144221,0.1626900434494018,0.17283716797828669,0.1187925189733505
3591_01,2,0.052087258547544403,0.0312883257865905,0.044557560235261903,0.030355624854564601
3592_01,1,0.28845411539077759,0.29241156578063959,0.27319619059562678,0.2313966751098632
3592_02,1,0.047835472971200901,0.066205002367496393,0.042098883539438199,0.073743283748626695
3594_01,2,0.56278067827224731,0.5519866943359375,0.56337279081344604,0.52269953489303589
3595_01,5,0.99917256832122803,0.99803805351257324,0.99921351671218883,0.99811917543411244
3596_01,4,0.98003000020980835,0.97245943546295155,0.98043501377105724,0.98707246780395519
3597_01,4,0.48837131261825562,0.49337929487228388,0.4884918332099914,0.57879483699798584
3598_01,3,0.180308848619461,0.19622635841369629,0.1906716376543045,0.21108168363571159
3600_01,4,0.63484537601470947,0.60522443056106567,0.63185864686965942,0.597412109375
3602_01,4,0.99256390333175659,0.99166196584701538,0.99298071861267079,0.99731004238128662
3605_01,4,0.67657428979873657,0.67726778984069824,0.66656506061553955,0.62466424703598022
3606_01,5,0.52497959136962891,0.53860706090927124,0.54487150907516479,0.53613603115081787
3607_01,2,0.99265211820602417,0.99671888351440441,0.99265855550766002,0.99547457695007324
3608_01,5,0.99578177928924561,0.99522501230239879,0.99707019329071045,0.99380189180374157
3608_02,5,0.99112236499786377,0.99058514833450317,0.99313133955001842,0.99023813009262085
3608_03,5,0.93652594089508057,0.90559446811676036,0.95550513267517079,0.8669397234916687
3609_01,3,0.0047515877522527998,0.0040803542360662998,0.0040925554931162999,0.0036012916825710999
3609_02,3,0.088858395814895602,0.074749119579791995,0.095863163471221896,0.057200521230697597
3609_03,3,0.98312234878540039,0.97875380516052235,0.98372071981430043,0.97877979278564442
3609_04,3,0.99792659282684315,0.99703568220138561,0.99769079685211182,0.99764329195022583
3610_01,2,0.73428642749786377,0.74168026447296143,0.73652583360671997,0.682373046875
3610_02,2,0.72179526090621948,0.75363343954086304,0.7371821403503418,0.73180091381072998
3612_01,1,0.53855806589126587,0.57974767684936523,0.52259814739227295,0.54742461442947388
3613_01,1,0.61246383190155029,0.59590637683868408,0.60886561870574951,0.66366565227508545
3614_01,1,0.094620145857334095,0.10720325261354439,0.092821627855300903,0.11100200563669201
3615_01,1,0.51016366481781006,0.56703412532806396,0.54574894905090332,0.56187450885772705
3615_02,1,0.72298991680145264,0.7067331075668335,0.699931800365448,0.69113445281982422
3616_01,1,0.73552864789962769,0.76478284597396851,0.75549995899200439,0.76997089385986328
3619_01,3,0.0002258981985505,0.0001602693955646,0.00010684190056049999,6.9047091528773308e-05
3620_01,2,0.99446302652358998,0.9940829873085022,0.99361640214920044,0.9933949112892152
3622_01,2,0.99777013063430797,0.99805927276611317,0.99797725677490245,0.99702101945877075
3622_02,2,0.072342455387115395,0.053302783519029603,0.063619345426559407,0.040920071303844403
3624_01,5,0.25270742177963251,0.2778627872467041,0.26240271329879761,0.27197265625
3625_01,3,0.30939912796020508,0.22760435938835141,0.2295646071434021,0.17640851438045499
3626_01,3,0.59622752666473389,0.64705407619476318,0.60618889331817627,0.66072463989257812
3628_01,5,0.1272564679384231,0.1382104754447937,0.083383336663246099,0.1074481084942817
3629_01,5,0.9799538254737854,0.98161208629608165,0.98328280448913563,0.98547929525375355
3630_01,5,0.1246277242898941,0.1226657330989837,0.102467656135559,0.1068835705518722
3631_01,1,0.1196822300553321,0.1056579127907753,0.10090995579957961,0.083305492997169495
3634_01,4,0.52038508653640747,0.88507300615310669,0.92392808198928844,0.9350762963294984
3636_01,5,0.078524976968765203,0.099447660148143699,0.067481234669685294,0.091902881860733004
3639_01,4,0.99985277652740479,0.9998602271080016,0.99988728761672963,0.99992948770523082
3640_01,5,0.21552833914756769,0.19529649615287781,0.1638612747192382,0.090409472584724399
3640_02,5,0.63250720500946045,0.62564891576766968,0.64876192808151245,0.64347720146179199
3641_01,2,0.58388000726699829,0.57150721549987793,0.57994747161865234,0.548828125
3641_02,2,0.1237518936395645,0.12673383951187131,0.12361994385719299,0.1277724206447601
3641_03,2,0.64953768253326416,0.65030801296234131,0.64481371641159058,0.64062124490737915
3642_01,4,0.1233926713466644,0.1402641236782074,0.1236174330115318,0.1149341464042663
3644_01,1,0.99413037300109863,0.99157905578613281,0.99280732870101918,0.99461549520492565
3645_01,4,0.79858148097991943,0.93844878673553478,0.80614262819290161,0.88590395450592041
3645_02,4,0.88364726305007935,0.95381724834442139,0.89629483222961426,0.916173815727234
3645_03,4,0.93308758735656738,0.97911715507507324,0.94415110349655162,0.9744829535484314
3645_04,4,0.863167405128479,0.94970351457595836,0.87412369251251221,0.92852294445037842
3645_05,4,0.85631954669952393,0.93491911888122559,0.87098020315170288,0.91529464721679676
3647_01,5,0.99952423572540283,0.99901342391967762,0.99962806701660156,0.99925112724304199
3648_01,1,0.1097342371940612,0.11559953540563581,0.1100935190916061,0.12682077288627619
3650_01,4,0.50816398859024048,0.51664787530899048,0.50767809152603149,0.52776968479156494
3652_01,2,0.63934087753295898,0.62204420566558838,0.63872981071472168,0.61653232574462891
3653_01,1,0.1218455880880355,0.116563580930233,0.121200680732727,0.12543798983097071
3654_01,3,0.68959581851959229,0.66477513313293457,0.72590392827987671,0.704345703125
3654_02,3,0.29599395394325251,0.26512560248374939,0.23910573124885559,0.16298052668571469
3655_01,5,0.0071249888278543004,0.0038042236119508002,0.0033483835868537001,0.00077621673699460004
3658_01,2,0.6233488917350769,0.63116490840911865,0.63274753093719482,0.5966796875
3658_02,2,0.93687957525253296,0.96373391151428223,0.93053865432739258,0.96504992246627797
3660_01,4,0.38508805632591248,0.35074818134307861,0.41415029764175409,0.35172075033187861
3662_01,3,0.79877686500549316,0.79718863964080811,0.84455853700637817,0.88780367374420166
3662_02,3,0.99963521957397461,0.99961799383163441,0.99965834617614757,0.9998757243156432
3664_01,4,0.99734258651733398,0.9962974786758424,0.99699980020523082,0.99892580509185802
3665_01,3,0.75576287508010864,0.74229276180267334,0.7532697319984436,0.75723022222518921
3667_01,5,0.94781798124313354,0.97763580083847035,0.96424651145935059,0.98556572198867798
3668_01,5,0.99615454673767079,0.99670255184173584,0.99689841270446777,0.99555873870849598
3671_01,1,0.2459389269351959,0.28877198696136469,0.23301148414611811,0.29385972023010248
3674_01,1,0.1943576782941818,0.18016147613525391,0.19153898954391479,0.1603549718856811
3677_01,5,0.16427068412303919,0.1483244001865387,0.13370728492736811,0.070248350501060403
3678_01,2,0.52585035562515259,0.47512504458427429,0.49093455076217651,0.4384765625
3679_01,3,0.30729043483734131,0.3932645320892334,0.3193355500698089,0.409423828125
3680_01,2,0.0016771060181780999,0.0017134485533460001,0.0012770057655869999,0.0023520065005868001
3680_02,2,0.99715983867645264,0.99733239412307739,0.99763828516006481,0.99584782123565685
3681_01,2,0.99969959259033203,0.99968516826629639,0.99977362155914318,0.99969971179962158
3681_02,2,0.24930970370769501,0.257945567369461,0.2424827814102172,0.28617590665817261
3682_01,1,0.98581987619400024,0.98580878973007202,0.98455429077148438,0.98922157287597656
3686_01,2,0.227514162659645,0.25214838981628418,0.2445656359195709,0.22148299217224121
3688_01,2,0.99830567836761475,0.99816799163818359,0.99825751781463623,0.99865138530731201
3688_02,2,0.997719407081604,0.99761849641799916,0.99784249067306519,0.99846708774566639
3688_03,2,0.99656587839126598,0.99735456705093384,0.99702197313308716,0.99758237600326538
3690_01,5,0.14682008326053619,0.14787080883979789,0.12274413555860519,0.27248367667198181
3691_01,5,0.062119767069816499,0.0535396337509155,0.042389944195747299,0.039694752544164602
3692_01,5,0.1154791191220283,0.1294089257717132,0.068972758948802906,0.15551759302616119
3693_01,5,0.65191501379013062,0.64449167251586914,0.68774652481079102,0.62922477722167969
3699_01,2,0.99733322858810425,0.99764961004257202,0.99766504764556885,0.99648797512054443
3699_02,2,0.99742591381072998,0.99920076131820679,0.99743008613586437,0.99962186813354481
3699_03,2,0.99808627367019642,0.99815404415130615,0.99830347299575795,0.99738204479217518
3699_04,2,0.0151617247611284,0.013493656180799,0.0137835331261157,0.010935029014945001
3700_01,4,0.14991573989391321,0.16111618280410761,0.1353650093078613,0.246337890625
3702_01,1,0.34114572405815119,0.39315828680992121,0.37546646595001221,0.39609280228614802
3703_01,3,0.94993448257446278,0.91932368278503418,0.95024561882019043,0.89827442169189453
3703_02,3,0.1296178847551345,0.077028661966323797,0.080568455159664099,0.0441448204219341
3704_01,5,0.41731572151184082,0.44625896215438843,0.53734588623046875,0.560791015625
3705_01,1,0.11278703808784479,0.1402898877859115,0.1269061714410781,0.1663499176502227
3706_01,4,0.1110027134418487,0.12844613194465629,0.10577540099620809,0.13718762993812561
3706_02,4,0.40485298633575439,0.45340189337730408,0.42638471722602839,0.51251226663589478
3707_01,1,0.1064467430114746,0.1103313863277435,0.1085398942232132,0.1104596704244613
3707_02,1,0.77373099327087402,0.82098233699798584,0.78768247365951538,0.83960437774658203
3708_01,2,0.67702341079711914,0.67488563060760498,0.67183363437652588,0.647216796875
3710_01,3,0.23285743594169611,0.23606064915657041,0.2315695583820343,0.20068359375
3710_02,3,0.4640164971351623,0.49270772933959961,0.50090062618255615,0.4868144690990448
3710_03,3,0.72336673736572266,0.70190870761871338,0.72316652536392212,0.69717895984649658
3711_01,4,0.9947681427001952,0.99444568157196045,0.99362486600875843,0.99739372730255116
3711_02,4,0.019530015066266001,0.012649094685912099,0.0097209364175796006,0.0043414710089564003
3711_03,4,0.99741709232330322,0.99712610244750977,0.99721121788024902,0.99868810176849365
3713_01,5,0.99948662519454956,0.998943030834198,0.99961125850677479,0.99896812438964844
3713_02,5,0.99980407953262318,0.99944424629211437,0.99984717369079601,0.99956285953521717
3713_03,5,0.99952447414398204,0.99905157089233398,0.99963694810867321,0.99920493364334118
3714_01,5,0.87319576740264893,0.90717995166778564,0.86808598041534424,0.97021472454071045
3714_02,5,0.63092052936553955,0.46415621042251581,0.51040345430374146,0.37558001279830933
3715_01,3,0.67338067293167114,0.68115568161010742,0.68092989921569824,0.6494140625
3715_02,3,0.56256800889968872,0.57430148124694824,0.5889887809753418,0.569091796875
3715_03,3,0.52485620975494385,0.55318951606750488,0.54403573274612427,0.53484928607940674
3715_04,3,0.75795114040374756,0.74234277009963989,0.7708778977394104,0.73383992910385132
3716_01,4,0.7152634859085083,0.7151070237159729,0.76657676696777344,0.68864011764526367
3719_01,2,0.4946119487285614,0.51765608787536621,0.47785213589668268,0.48730778694152832
3719_02,2,0.99691194295883179,0.99768364429473877,0.99710547924041759,0.99786365032196045
3724_01,3,0.70374119281768799,0.72265338897705078,0.72944152355194092,0.724609375
3726_01,4,0.53875923156738281,0.55926591157913208,0.54060536623001099,0.57209259271621704
3728_01,1,0.76210963726043701,0.77819889783859253,0.76592940092086792,0.78057718276977539
3729_01,1,0.65686118602752686,0.66691195964813232,0.64782404899597168,0.65974855422973633
3732_01,1,0.7255861759185791,0.57853257656097412,0.72914767265319824,0.530517578125
3732_02,1,0.00060338788898659998,0.00017169181955969999,0.0002394544135313,0.00011850365990540001
3732_03,1,0.95347595214843761,0.94585031270980835,0.93683290481567383,0.96613168716430664
3732_04,1,0.067372106015682207,0.064482092857360798,0.0550524666905403,0.058160785585641799
3733_01,5,0.045007620006799698,0.061007589101791299,0.040126167237758602,0.061020765453577
3734_01,3,0.7642815113067627,0.74692279100418091,0.76657760143280029,0.7451171875
3735_01,4,0.98764848709106445,0.9835243821144104,0.98699736595153797,0.99549818038940441
3735_02,4,0.17652414739131919,0.13487046957015991,0.15332461893558499,0.094184048473834894
3736_01,5,0.99795550107955922,0.99740123748779297,0.99886554479598999,0.99985802173614502
3737_01,4,0.35565096139907831,0.32478493452072138,0.37414723634719849,0.27578878402709961
3737_02,4,0.86179012060165405,0.8342292308807373,0.87766605615615845,0.8542516827583313
3739_01,2,0.1599950492382049,0.14870347082614899,0.16512081027030939,0.1144761145114898
3741_01,2,0.9636320471763612,0.97629755735397339,0.9607453942298888,0.98003017902374279
3742_01,5,0.7434922456741333,0.75615352392196655,0.75781172513961792,0.71837705373764038
3742_02,5,0.54567122459411621,0.54834020137786865,0.53903436660766602,0.53680050373077393
3743_01,4,0.70071887969970703,0.71435236930847168,0.72935450077056885,0.72127890586853027
3744_01,1,0.67313659191131592,0.57874226570129395,0.64532297849655151,0.55224609375
3745_01,2,0.081554964184761006,0.069109916687011705,0.079372435808181693,0.040586672723293298
3747_01,4,0.55268919467926025,0.65522998571395874,0.59346437454223633,0.54052734375
3747_02,4,0.97778511047363281,0.97073823213577282,0.97668159008026123,0.97418689727783203
3747_03,4,0.0025213614571838999,0.00134074233938,0.00087417400209229999,0.00037030747625969998
3747_04,4,0.9981544017791748,0.99785375595092762,0.99832665920257557,0.99780261516571045
3748_01,3,0.98424255847930919,0.98016059398651123,0.98481833934783936,0.98317670822143555
3749_01,3,0.99648088216781616,0.99528050422668457,0.99595409631729115,0.99776750802993763
3749_02,3,0.97131717205047596,0.96328878402709961,0.97293221950530995,0.96855026483535755
3750_01,5,0.0016845143400131999,0.00057616259437050005,0.00068044551881029996,0.00014955420920149999
3750_02,5,0.10779457539319991,0.17130565643310541,0.37935203313827509,0.31488794088363647
3751_01,1,0.18995365500450129,0.17969042062759399,0.18862208724021909,0.1639209240674972
3752_01,3,0.070591494441032396,0.067352004349231706,0.069338470697402899,0.16416032612323761
3753_01,4,0.36173772811889648,0.43824887275695801,0.3553363680839538,0.3720703125
3754_01,2,0.51440393924713135,0.51911956071853638,0.52458512783050537,0.47711622714996338
3755_01,5,0.57183003425598145,0.60257339477539062,0.55909967422485352,0.58416008949279785
3755_02,5,0.6282958984375,0.60084283351898193,0.61734652519226074,0.61638021469116211
3756_01,3,0.99482965469360363,0.99318009614944458,0.99507135152816761,0.9929332137107848
3757_01,3,0.69903802871704102,0.74641251564025879,0.73039007186889648,0.72061383724212646
3758_01,4,0.13397273421287531,0.143922284245491,0.14740417897701261,0.1212538555264473
3758_02,4,0.75550872087478638,0.73890775442123413,0.77267062664031982,0.73227047920227051
3759_01,4,0.73366564512252808,0.68259578943252563,0.73455137014389038,0.71550667285919189
3760_01,1,0.6797492504119873,0.69120305776596069,0.66680878400802612,0.6845703125
3761_01,2,0.16347172856330869,0.1621747612953186,0.16695509850978851,0.18657460808753959
3765_01,5,0.99640512466430664,0.99343812465667725,0.99713850021362305,0.99292755126953125
3767_01,1,0.0001955222251126,8.5388724983204156e-05,7.583190017612651e-05,5.2300172683317214e-05
3768_01,3,0.85570824146270752,0.82223469018936157,0.83192837238311768,0.80868935585021973
3769_01,2,0.066319666802883107,0.067865408957004505,0.081677019596099798,0.049246348440647097
3770_01,5,0.60656613111495972,0.56266576051712036,0.61083436012268066,0.585205078125
3771_01,4,6.7653840233106166e-05,4.5416651119012392e-05,4.0432652895106003e-05,4.5386837882688269e-05
3772_01,3,0.59935414791107178,0.57350403070449829,0.61669468879699707,0.58056640625
3772_02,3,0.5763552188873291,0.5916142463684082,0.59867727756500244,0.72537696361541748
3773_01,4,0.59624683856964111,0.6840551495552063,0.61109787225723267,0.74796557426452637
3773_02,4,0.8704562783241272,0.86296206712722778,0.87419366836547852,0.85016405582427979
3773_03,4,0.2431094348430633,0.28556191921234131,0.29496204853057861,0.25223863124847412
3774_01,2,0.113600417971611,0.10248583555221551,0.1088461726903915,0.062346011400222702
3774_02,2,0.5376427173614502,0.55215716361999512,0.54473876953125,0.55353283882141113
3774_03,2,0.1880981028079986,0.2152091115713119,0.19564613699913019,0.1897780895233154
3775_01,3,0.99517488479614258,0.99398428201675415,0.99500417709350597,0.99441301822662365
3775_02,3,0.99560129642486561,0.99413108825683605,0.99548023939132679,0.99298226833343517
3776_01,2,0.99384123086929321,0.99535286426544201,0.9970574378967284,0.99759435653686523
3777_01,5,0.99972248077392578,0.99908733367919922,0.99974274635314941,0.99925440549850464
3778_01,3,0.199718102812767,0.59545570611953735,0.50649356842041016,0.95531803369522095
3779_01,1,0.74661576747894287,0.70096641778945923,0.70320546627044678,0.68253970146179199
3781_01,2,0.22247499227523801,0.25756463408470148,0.21963928639888761,0.29443362355232239
3783_01,3,0.1663711071014404,0.17057827115058899,0.18566510081291199,0.27314341068267822
3784_01,3,0.0021565805654971998,0.0019671295303851002,0.001436511054635,0.00070311455056070002
3785_01,5,0.5102698802947998,0.51626789569854736,0.51287937164306641,0.50384259223937988
3786_01,1,0.43465778231620789,0.41968363523483271,0.42422080039978027,0.41496792435646052
3786_02,1,0.020256837829947399,0.032600052654743097,0.020938042551278999,0.0233805812895298
3787_01,4,0.99510627985000599,0.99576151371002197,0.99444991350173961,0.99821197986602783
3787_02,4,0.99423950910568237,0.99352228641509999,0.9949951171875,0.99671030044555664
3787_03,4,0.71836131811141968,0.68889397382736206,0.73350358009338379,0.69213461875915527
3788_01,4,0.1805681437253952,0.16087941825389859,0.1623644530773162,0.1272541135549545
3789_01,4,0.80295377969741821,0.78394544124603271,0.8124774694442749,0.84824776649475098
3790_01,2,0.69188851118087769,0.67120683193206787,0.69355624914169312,0.66348636150360107
3793_01,5,0.78466928005218506,0.78899955749511719,0.81185507774353027,0.77133607864379883
3795_01,4,0.99952101707458496,0.99912029504776001,0.99943333864212036,0.99836951494216919
3796_01,2,0.99722546339035045,0.99893051385879517,0.998210608959198,0.99917137622833241
3797_01,4,0.46621283888816828,0.51201820373535156,0.46196049451827997,0.46735775470733643
3798_01,1,0.98152881860733043,0.9765341281890868,0.97136765718460083,0.9752562642097472
3801_01,3,0.1077202409505844,0.063836194574832902,0.082794025540351798,0.031967651098966599
3803_01,4,0.1989018023014068,0.22839678823947901,0.19843763113021851,0.19238337874412531
3804_01,3,0.12771999835968009,0.11475334316492081,0.1220014169812202,0.063448347151279394
3805_01,3,0.13918125629425049,0.25810238718986511,0.1678555011749267,0.37027093768119812
3807_01,5,0.67378604412078857,0.68499588966369629,0.70068895816802979,0.66853797435760498
3810_01,4,0.14065945148468009,0.11515426635742181,0.13962921500205991,0.045782230794429703
3811_01,5,0.97984492778778076,0.98297768831253041,0.98350054025650024,0.98141521215438843
3811_02,5,0.027878666296601198,0.012816467322409099,0.0159629471600055,0.0028557609766721001
3812_01,2,0.67670279741287231,0.72383928298950195,0.65691763162612915,0.72249817848205566
3814_01,4,0.98929625749588002,0.99057000875473022,0.98997205495834362,0.99559593200683605
3815_01,2,0.11170133948326109,0.1140700131654739,0.1103245839476585,0.119143009185791
3816_01,3,0.2100978791713714,0.067387029528617803,0.035381007939577103,0.021978819742798798
3817_01,4,0.13477346301078791,0.1364271342754364,0.13001543283462519,0.121637612581253
3818_01,3,0.55772322416305542,0.60752767324447632,0.58950132131576538,0.628173828125
3820_01,1,0.98617780208587635,0.98697865009307861,0.98532724380493164,0.99067962169647217
3821_01,4,0.12380024790763849,0.1224572584033012,0.1120263040065765,0.1030418127775192
3822_01,3,0.17705881595611569,0.15385764837265009,0.1327610909938812,0.28278389573097229
3823_01,3,0.082459196448326097,0.082688957452774006,0.0814357474446296,0.063262201845645905
3824_01,4,0.24476130306720731,0.2533532977104187,0.26277375221252441,0.311279296875
3826_01,1,0.028773365542292501,0.0281506031751632,0.0128223793581128,0.0065100155770777997
3830_01,2,0.24189528822898859,0.2115959823131561,0.2276013493537902,0.2046311348676681
3831_01,1,0.23630130290985099,0.240832895040512,0.24592094123363489,0.2425251305103302
3832_01,3,0.33161890506744379,0.33850488066673279,0.28095686435699457,0.1902319937944412
3835_01,2,0.60401725769042969,0.59299051761627197,0.59760183095932007,0.462890625
3836_01,3,0.1201938092708587,0.13074907660484311,0.12428905069828031,0.19196838140487671
3838_01,2,0.52873533964157104,0.79172855615615845,0.69329816102981567,0.97914236783981323
3839_01,3,0.070718921720981598,0.057739440351724597,0.061257906258106197,0.032033711671829203
3841_01,1,0.15827342867851249,0.1409956216812133,0.1280796229839325,0.12640443444252011
3842_01,5,0.13671195507049561,0.13068570196628571,0.085275769233703599,0.1122822687029838
3846_01,4,0.63360440731048584,0.63144636154174805,0.64308786392211914,0.61865234375
3847_01,3,0.24244429171085349,0.23758730292320249,0.28791695833206171,0.248046875
3848_01,5,0.14984145760536191,0.1550665199756622,0.105131983757019,0.114746481180191
3849_01,2,0.1000090539455413,0.096809118986129705,0.1051966845989227,0.061232656240463201
3850_01,3,0.22487327456474299,0.2289714515209198,0.2094085216522216,0.22705079615116119
3850_02,3,0.99934083223342896,0.99901485443115245,0.99936550855636597,0.99963027238845836
3850_03,3,0.99984198808670044,0.99984735250473022,0.99988949298858643,0.99995332956314076
3850_04,3,0.9995887279510498,0.99937379360198964,0.99956411123275757,0.99983447790145885
3850_05,3,0.99931180477142323,0.99895751476287842,0.99928581714630116,0.99958568811416637
3850_06,3,0.97064477205276478,0.95143812894821156,0.96775531768798839,0.98417204618453979
3850_07,3,0.99948525428771962,0.99920302629470836,0.99946606159210205,0.99975335597991943
3851_01,4,0.13180211186408991,0.15411268174648279,0.1047614887356758,0.1469562351703643
3852_01,4,0.99326652288436879,0.99291026592254639,0.99140453338623036,0.99635857343673717
3853_01,2,0.88350284099578857,0.9265974760055542,0.89629387855529785,0.88731837272644043
3854_01,5,0.51141345500946045,0.51837253570556641,0.52237027883529663,0.535713791847229
3856_01,2,0.7539401650428772,0.83412230014801025,0.75943607091903687,0.69692516326904297
3857_01,4,0.98668593168258678,0.98809480667114258,0.98681694269180298,0.99054813385009755
3862_01,3,0.99715387821197521,0.9969409704208374,0.99721020460128784,0.99803644418716442
3862_02,3,0.1174231618642807,0.26210975646972651,0.27390977740287781,0.18387700617313379
3862_03,3,0.51167511940002441,0.52691692113876343,0.51515138149261475,0.516845703125
3862_04,3,0.20548087358474729,0.15929396450519559,0.1525839418172836,0.1262007653713226
3862_05,3,0.74310725927352905,0.70572304725646973,0.69053298234939575,0.6729353666305542
3862_06,3,0.18618044257163999,0.19497178494930259,0.16902303695678711,0.2176309525966644
3862_07,3,0.327972412109375,0.33748003840446472,0.3312065601348877,0.32145273685455322
3864_01,5,0.99382448196411122,0.99330461025238037,0.99617904424667358,0.99019306898117077
3866_01,4,0.11220298707485191,0.11907338351011269,0.1108933761715889,0.074706956744194003
3867_01,2,0.50137519836425781,0.56464999914169312,0.4970253705978393,0.70361328125
3868_01,5,0.174142986536026,0.16256719827651969,0.1436275988817215,0.087247103452682495
3868_02,5,0.41438460350036621,0.43448209762573242,0.4317280650138855,0.42529866099357599
3868_03,5,0.52622783184051514,0.53869861364364624,0.54597640037536621,0.5686689019203186
3868_04,5,0.56869959831237793,0.58050537109375,0.59051477909088135,0.578369140625
3868_05,5,0.36153614521026611,0.3537239134311676,0.3252165019512176,0.29741197824478149
3868_06,5,0.66597455739974976,0.70050466060638428,0.68247878551483154,0.697998046875
3868_07,5,0.60168778896331787,0.61037003993988037,0.60328638553619385,0.56731283664703369
3870_01,5,0.99962544441223145,0.99886471033096325,0.99966251850128163,0.99889391660690319
3871_01,2,0.99974042177200317,0.9997193217277528,0.99980288743972778,0.99973320960998535
3872_01,2,0.99168449640274037,0.99650955200195324,0.99077236652374279,0.99587529897689819
3873_01,5,0.0683948099613189,0.084232538938522297,0.090073317289352403,0.1070664972066879
3874_01,5,0.14520749449729919,0.17601270973682401,0.1073899418115615,0.15412019193172449
3874_02,5,0.35602802038192749,0.40678316354751581,0.41148430109024048,0.60292971134185791
3875_01,4,0.10553427040576931,0.032547771930694497,0.027116877958178499,0.046840310096740702
3879_01,1,0.098584830760955797,0.10572585463523861,0.093069180846214294,0.16840079426765439
3883_01,4,0.99982839822769165,0.99985206127166759,0.99987900257110596,0.99987447261810303
3883_02,4,0.32340595126152039,0.34139561653137201,0.31471028923988342,0.28809580206871033
3883_03,4,0.99979263544082642,0.99981421232223522,0.99984288215637196,0.99980717897415161
3886_01,3,0.63364344835281372,0.65673840045928955,0.64693200588226318,0.64054775238037109
3888_01,4,0.68925696611404419,0.65034842491149902,0.69584554433822632,0.68107146024703979
3890_01,2,0.69747316837310791,0.67976784706115723,0.70569336414337158,0.68668007850646973
3894_01,4,0.63883775472640991,0.72996306419372559,0.68286848068237305,0.781593918800354
3895_01,4,0.24442002177238459,0.28175514936447138,0.26368468999862671,0.282470703125
3895_02,4,0.31769230961799622,0.96062809228897095,0.90599584579467762,0.92650824785232544
3895_03,4,0.79952824115753174,0.84207683801651001,0.86496657133102417,0.84536075592041016
3896_01,4,0.95243871212005615,0.96136224269866943,0.95961302518844604,0.93942099809646595
3897_01,4,0.5117180347442627,0.5310513973236084,0.51116943359375,0.5147666335105896
3898_01,5,0.71991318464279175,0.70502179861068726,0.74533295631408691,0.69531279802322388
3899_01,1,0.95194011926651001,0.94717484712600719,0.94841039180755615,0.96153748035430919
3903_01,1,0.66912686824798584,0.72329676151275635,0.66139870882034302,0.74258804321289062
3903_02,1,0.5333096981048584,0.52944099903106689,0.54362916946411133,0.5574418306350708
3903_03,1,0.61092376708984375,0.59214359521865845,0.60483932495117188,0.59326171875
3903_04,1,0.6140751838684082,0.64990103244781494,0.61144506931304932,0.59970343112945557
3903_05,1,0.13206525146961209,0.12639105319976801,0.1126342266798019,0.0999349355697631
3903_06,1,0.71627390384674072,0.70383632183074951,0.70616233348846436,0.72330403327941895
3904_01,4,0.13157814741134641,0.22658818960189819,0.1875781714916229,0.27685546875
3907_01,3,0.7193915843963623,0.68945342302322388,0.7281150221824646,0.712646484375
3909_01,4,0.99963706731796265,0.99946647882461559,0.99971556663513184,0.99943232536315918
3911_01,2,0.13930174708366391,0.1601872444152832,0.1418759822845459,0.1583233773708343
3911_02,2,0.45126169919967651,0.4806513786315918,0.48208075761795038,0.47356563806533808
3911_03,2,0.80992555618286133,0.79617965221405029,0.81975370645523071,0.80234789848327637
3912_01,3,0.37625676393508911,0.41146516799926758,0.43196320533752441,0.48821943998336792
3913_01,5,0.3508087694644928,0.31277164816856379,0.333637535572052,0.1623005717992782
3913_02,5,0.85445582866668701,0.79593026638031006,0.83113420009613037,0.73947566747665405
3915_01,2,0.68434673547744751,0.66666686534881592,0.69917672872543335,0.654296875
3916_01,4,0.3731292188167572,0.31717652082443237,0.35504442453384399,0.27675995230674738
3916_02,4,0.99959051609039318,0.99945646524429321,0.99962806701660156,0.99981504678726196
3917_01,3,0.055561624467372797,0.061707705259323099,0.046689733862876802,0.0570542067289352
3919_01,4,0.1151258647441864,0.11745816469192499,0.111747458577156,0.086153835058212197
3921_01,1,0.57423639297485352,0.5923423171043396,0.55596321821212769,0.533935546875
3922_01,3,0.6334807276725769,0.64243799448013306,0.64705348014831543,0.63427913188934326
3923_01,1,0.123770534992218,0.1159352213144302,0.1024166569113731,0.19618198275566101
3923_02,1,0.4398029744625091,0.43927150964736938,0.45754849910736078,0.437744140625
3923_03,1,0.78979486227035522,0.78739988803863525,0.78571832180023193,0.81054061651229858
3924_01,3,0.90419954061508179,0.90306091308593761,0.939098060131073,0.97271764278411876
3926_01,4,0.14025434851646421,0.15870922803878779,0.13164852559566489,0.097467198967933599
3927_01,3,0.0002305143570993,0.0001526834530523,8.1442805822007358e-05,5.7663848565425731e-05
3927_02,3,0.86266493797302246,0.85420650243759155,0.87586373090744019,0.93656420707702637
3928_01,5,0.072421804070472703,0.082640692591667106,0.0434917397797107,0.066258557140827096
3928_02,5,0.99645650386810303,0.99400109052658081,0.99670863151550282,0.99386048316955555
3930_01,3,0.088106527924537603,0.21169516444206229,0.15026202797889709,0.279296875
3931_01,5,0.136455237865448,0.1322348415851593,0.086562693119049003,0.116756334900856
3932_01,4,0.54726803302764893,0.7506786584854126,0.72647559642791748,0.78906089067459106
3932_02,4,0.60818475484848022,0.62091326713562012,0.6073983907699585,0.56598818302154541
3933_01,1,0.79473793506622314,0.80220901966094971,0.79940205812454224,0.78911030292510986
3935_01,1,0.76916241645812988,0.78188520669937134,0.76831638813018799,0.75956761837005615
3936_01,2,0.037517171353101703,0.014091338962316499,0.041802152991294798,0.0093454988673329006
3937_01,4,0.79039245843887329,0.80142658948898315,0.79405564069747925,0.92043876647949219
3938_01,3,0.99763476848602295,0.9972904920578004,0.99760705232620239,0.99855172634124756
3938_02,3,0.99862289428710938,0.9988619089126588,0.99877047538757324,0.99964839220046997
3938_03,3,0.99840259552001964,0.99877011775970459,0.99861288070678722,0.99953758716583241
3939_01,2,0.14809805154800409,0.098801895976066506,0.1273162961006164,0.064668387174606295
3940_01,1,0.092746347188949502,0.1011065766215324,0.088530510663986206,0.072510018944740295
3941_01,2,0.47134691476821899,0.49278217554092407,0.48602193593978882,0.46558022499084473
3942_01,4,0.75399047136306763,0.74727058410644531,0.75871551036834717,0.78208327293395996
3944_01,5,0.1341651976108551,0.1257611066102981,0.1059565991163253,0.086196050047874395
3945_01,3,0.50271761417388916,0.51769512891769409,0.52461224794387817,0.497802734375
3946_01,2,0.069152250885963398,0.081837400794029194,0.074624307453632299,0.070601835846900898
3948_01,1,0.16571417450904841,0.18646708130836481,0.16013967990875241,0.21518921852111811
3949_01,5,0.13530382513999939,0.015300584025681,0.046708691865205702,0.018378727138042401
3950_01,3,0.99828463792800903,0.99863535165786743,0.99911332130432118,0.99960976839065563
3952_01,2,0.1672719269990921,0.17762449383735651,0.19228529930114741,0.17352801561355591
3954_01,5,0.6714668869972229,0.65789806842803955,0.70049744844436646,0.63134765625
3955_01,2,0.68884366750717163,0.66880089044570923,0.70086348056793213,0.660400390625
3958_01,3,0.11258240789175029,0.1170394197106361,0.1086441054940223,0.1243474781513214
3959_01,3,0.0017516714287920999,0.0015514653641730001,0.00084076501661910002,0.00046515301801259998
3959_02,3,0.1140877828001976,0.1347391009330749,0.15757320821285239,0.2174761891365051
3959_03,3,0.7544330358505249,0.70294594764709473,0.74470221996307373,0.72305798530578613
3960_01,5,0.1932988166809082,0.25074324011802668,0.34607002139091492,0.44420024752616882
3961_01,5,0.99795633554458618,0.99507063627243042,0.99836724996566761,0.9953652024269104
3962_01,5,0.69030940532684326,0.71730631589889526,0.71912360191345215,0.78783881664276123
3962_02,5,0.40039604902267451,0.4413579106330871,0.33159148693084711,0.37006986141204828
3963_01,3,0.54383015632629395,0.54873752593994141,0.56353676319122314,0.52044260501861572
3964_01,2,0.70117205381393433,0.67991387844085693,0.71073049306869507,0.677001953125
3966_01,5,0.2211796343326568,0.20474840700626371,0.17626900970935819,0.16507935523986811
3966_02,5,0.48269987106323242,0.50483524799346924,0.4273971021175384,0.41178452968597412
3966_03,5,0.57074028253555298,0.57714027166366577,0.59527403116226196,0.61660563945770264
3967_01,2,0.14947178959846491,0.13304856419563291,0.1439822912216186,0.13831153512001029
3968_01,4,0.61474645137786865,0.60490083694458008,0.63610529899597168,0.60700905323028564
3970_01,1,0.61006313562393188,0.63086402416229248,0.66107004880905151,0.6650390625
3971_01,3,0.26942822337150568,0.22746586799621579,0.2572152316570282,0.21000874042510981
3973_01,4,0.97234559059143078,0.96906465291976918,0.97164249420166016,0.96208399534225464
3974_01,5,0.16720223426818839,0.1391336768865585,0.1052882447838783,0.097226604819297693
3974_02,5,0.71176373958587646,0.70881599187850952,0.72587370872497559,0.6826171875
3976_01,1,0.99548125267028797,0.996251940727234,0.99653154611587524,0.9975886344909668
3977_01,1,0.74593269824981689,0.83806616067886353,0.91413688659667958,0.88658988475799561
3980_01,1,0.52600371837615967,0.54704248905181885,0.52407896518707275,0.55779409408569336
3981_01,3,0.34326171875,0.42626598477363581,0.37909457087516779,0.41455075144767761
3984_01,3,0.7501797080039978,0.70469844341278076,0.75113046169281006,0.72323250770568848
3985_01,2,0.0866260826587677,0.067013435065746293,0.082453310489654499,0.046171754598617498
3986_01,2,0.17682972550392151,0.2248381823301315,0.17395773530006409,0.20205065608024589
3986_02,2,0.16641716659069061,0.203272059559822,0.1611019968986511,0.23739346861839289
3987_01,5,0.67484080791473389,0.74210584163665771,0.70830374956130981,0.81307214498519897
3988_01,2,0.10938145965337751,0.1389350146055221,0.10408547520637509,0.15483510494232169
3991_01,3,0.16274690628051749,0.18052810430526731,0.1845101714134216,0.22168169915676109
3992_01,4,0.16582119464874259,0.1963866055011749,0.1919582784175872,0.19947290420532221
3994_01,4,0.99943655729293823,0.99847292900085438,0.99952709674835205,0.99938017129898082
3995_01,3,0.45322984457015991,0.46354657411575317,0.47604185342788691,0.48266628384590149
3995_02,3,0.15801781415939331,0.15305736660957331,0.22565734386444089,0.24373930692672729
3995_03,3,0.090371973812580095,0.057867094874381998,0.0627596080303192,0.018697930499911301
3995_04,3,0.44178232550621033,0.4511090219020843,0.46719235181808472,0.4778468906879425
3995_05,3,0.47277817130088801,0.48310601711273188,0.4927979707717895,0.5031125545501709
3995_06,3,0.59743046760559082,0.58163934946060181,0.60469347238540649,0.59626376628875732
3996_01,5,0.4824040532112121,0.4732356071472168,0.47241377830505371,0.3873015940189361
3997_01,4,0.212573617696762,0.22546745836734769,0.24511921405792231,0.19638714194297791
3998_01,1,0.44598111510276789,0.34476539492607111,0.37220051884651179,0.32234549522399902
3999_01,1,0.68535816669464111,0.72137188911437988,0.69507002830505371,0.67000460624694824
4000_01,3,0.71519768238067627,0.69039005041122437,0.71769285202026367,0.70883035659790039
4000_02,3,0.3750443160533905,0.35353603959083552,0.3996511697769165,0.3533556461334228
4000_03,3,0.73781239986419678,0.68671166896820068,0.73291754722595215,0.71209132671356201
4001_01,2,0.89869570732116699,0.93689066171646118,0.91387838125228882,0.95151495933532715
4001_02,2,0.60098862648010254,0.62216842174530029,0.61695986986160278,0.62311983108520508
4001_03,2,0.65547740459442139,0.68037992715835571,0.67232149839401245,0.67757147550582886
4001_04,2,0.7751343846321106,0.77473258972167969,0.78023457527160645,0.76615965366363525
4001_05,2,0.95844143629074097,0.97071957588195801,0.95640778541564941,0.95377016067504883
4001_06,2,0.60941874980926514,0.6387133002281189,0.62400352954864502,0.6092991828918457
4001_07,2,0.50299072265625,0.53355175256729126,0.52511954307556152,0.52197265625
4002_01,5,0.34993743896484369,0.37854242324829102,0.37133321166038508,0.3838827908039093
4003_01,5,0.1037737056612968,0.1235968917608261,0.090922161936759893,0.1248943731188774
4005_01,5,0.2757562100887298,0.2675460278987884,0.27005824446678162,0.29842972755432129
4005_02,5,0.38795876502990723,0.41169026494026179,0.32570669054985041,0.4649535715579986
4005_03,5,0.338380217552185,0.32696649432182312,0.33221375942230219,0.38713759183883661
4005_04,5,0.45153313875198359,0.41675567626953119,0.43031558394432068,0.388916015625
4005_05,5,0.54278701543807983,0.5684468150138855,0.55145263671875,0.58771675825119019
4005_06,5,0.72774773836135864,0.8300442099571228,0.79404324293136597,0.86967194080352783
4005_07,5,0.4974980354309082,0.52653932571411133,0.49601686000823969,0.57453829050064087
4005_08,5,0.47139215469360352,0.44311517477035522,0.43892210721969599,0.482177734375
4006_01,1,0.77161705493927002,0.76728475093841553,0.75616955757141113,0.80419266223907471
4006_02,1,0.66886508464813232,0.67073535919189453,0.65248441696166992,0.648681640625
4006_03,1,0.2351463586091995,0.26265650987625122,0.22295171022415161,0.16786718368530271
4006_04,1,0.068061292171478202,0.057713925838470397,0.039584431797266,0.046457216143608003
4006_05,1,0.76751172542572021,0.76679587364196777,0.72051715850830078,0.62539684772491455
4008_01,5,0.99824136495590199,0.99573302268981922,0.99861592054367077,0.9961925745010376
4009_01,1,0.098673112690448705,0.1129341274499893,0.11529276520013799,0.1168899163603782
4010_01,4,0.5086970329284668,0.52345359325408936,0.5121772289276123,0.51135790348052979
4013_01,4,0.056827694177627501,0.080969326198101002,0.053615354001522002,0.0316280610859394
4014_01,1,0.0019905210938303999,0.0006346544832922,0.0013989768922327999,0.00080224603880190001
4014_02,1,0.1017476171255111,0.028363395482301702,0.090850785374641405,0.057847209274768802
4016_01,5,0.35803312063217158,0.46803826093673701,0.25030604004859919,0.39792430400848389
4017_01,1,0.0967274010181427,0.11178189516067499,0.1022336781024932,0.11542794853448859
4017_02,1,0.99638396501541138,0.99641156196594238,0.99619877338409424,0.9973604679107666
4017_03,1,0.9964079260826112,0.99719691276550282,0.99603193998336803,0.99775081872940063
4017_04,1,0.4854729175567627,0.59889066219329834,0.48602303862571711,0.60051631927490234
4017_05,1,0.13728338479995719,0.14328087866306299,0.15182769298553461,0.16889578104019159
4018_01,4,0.28804296255111689,0.28143212199211121,0.2972497940063476,0.28393805027008051
4019_01,3,0.93556821346282959,0.96692633628845204,0.97988110780715942,0.98342633247375477
4020_01,4,0.00037219564546829998,9.0872999862767756e-05,0.0001176602381747,5.0244136218680069e-05
4021_01,3,0.1089194789528846,0.091514386236667605,0.097071290016174303,0.062802210450172397
4022_01,3,0.12726667523384089,0.1012919172644615,0.1242673844099044,0.076590374112129198
4023_01,4,0.55398797988891602,0.52215683460235596,0.51422315835952759,0.51342988014221191
4026_01,1,0.999611496925354,0.99953263998031616,0.99964183568954479,0.99965596199035645
4027_01,1,0.66119533777236938,0.67856991291046143,0.65899646282196045,0.67106175422668457
4030_01,5,0.5783352255821228,0.58711433410644531,0.59227836132049561,0.57307040691375732
4030_02,5,0.48771530389785761,0.47151386737823481,0.46530652046203608,0.43505859375
4030_03,5,0.62420505285263062,0.65234172344207764,0.65164792537689209,0.662353515625
4030_04,5,0.70820635557174683,0.71359306573867798,0.71575170755386353,0.70614016056060791
4030_05,5,0.51844584941864014,0.51069647073745728,0.53003066778182983,0.51471275091171265
4031_01,3,0.99575734138488758,0.99517965316772461,0.99537909030914318,0.99635303020477295
4031_02,3,0.97304832935333241,0.96314722299575795,0.97487539052963257,0.94964885711669922
4032_01,1,0.69297170639038086,0.7149922251701355,0.69018447399139404,0.68017578125
4033_01,2,0.89477324485778809,0.9118257761001588,0.91646134853363037,0.90459269285202037
4034_01,1,0.35801231861114502,0.40146359801292419,0.38883143663406372,0.41057470440864557
4035_01,1,0.75207549333572388,0.76158571243286133,0.74764013290405273,0.75697243213653564
4036_01,2,0.1638916134834289,0.13442540168762199,0.1891118586063385,0.0944818034768104
4037_01,5,0.74925786256790161,0.72996759414672852,0.74750649929046631,0.71639776229858398
4038_01,3,0.77236390113830566,0.74291181564331055,0.7758176326751709,0.754638671875
4039_01,5,0.28566992282867432,0.23293688893318171,0.30532017350196838,0.23598572611808771
4040_01,5,0.52090752124786377,0.5054163932800293,0.53389239311218262,0.5224609375
4042_01,1,0.84370720386505127,0.86174899339675903,0.81021606922149658,0.95077073574066162
4042_02,1,0.93303644657134999,0.9280017614364624,0.92586040496826161,0.95446813106536876
4042_03,1,0.96940302848815918,0.96823143959045399,0.96467864513397217,0.9830150604248048
4043_01,5,0.056378759443759897,0.033906176686286899,0.028965111821889801,0.025959189981222101
4044_01,5,0.44511699676513672,0.45371755957603449,0.44176954030990601,0.41350898146629328
4044_02,5,0.99851095676422119,0.99687874317169201,0.998918116092682,0.99557590484619141
4044_03,5,0.99894213676452637,0.99728119373321522,0.99924296140670776,0.99661153554916382
4045_01,3,0.0221558362245559,0.0157222636044025,0.0139739513397216,0.0081480825319885999
4046_01,2,0.72402864694595337,0.71382588148117065,0.71603286266326904,0.6953125
4047_01,1,0.72887784242630005,0.71846556663513184,0.71776366233825684,0.703369140625
4049_01,4,0.99663066864013683,0.99714654684066761,0.99677693843841564,0.99799263477325439
4050_01,1,0.0002405962586635,9.4008450105320662e-05,7.5415766332298517e-05,5.9153731854166842e-05
4053_01,1,0.74051326513290405,0.73108494281768799,0.72894835472106934,0.71329092979431152
4055_01,1,0.47469791769981379,0.49595558643341059,0.47198078036308289,0.52612942457199097
4058_01,2,0.34326019883155823,0.31431135535240168,0.36128485202789301,0.27970013022422791
4060_01,1,0.1604246497154235,0.1647854000329971,0.20337283611297599,0.30642017722129822
4061_01,3,0.056648019701242398,0.038733158260583801,0.041453380137681899,0.0167146623134613
4061_02,3,0.99882382154464722,0.99895530939102162,0.99896556138992321,0.99969947338104237
4061_03,3,0.99852842092514038,0.99873912334442139,0.99873310327529918,0.99944144487380981
4063_01,5,0.68658638000488281,0.6634143590927124,0.69954627752304077,0.6388278603553772
4064_01,2,0.68740051984786987,0.70390933752059937,0.68796670436859131,0.6278388500213623
4065_01,5,0.10554288327693929,0.1107508167624473,0.058986164629459298,0.092164903879165594
4066_01,3,0.082799352705478599,0.081890627741813604,0.075031101703643799,0.055678188800811698
4066_02,3,0.99903213977813721,0.99902939796447765,0.99904263019561756,0.99949955940246582
4068_01,1,0.042589250952005303,0.028531309217214501,0.024390812963247299,0.0071576116606593002
4069_01,2,0.96969121694564819,0.97298139333724976,0.97725474834442139,0.97746431827545155
4071_01,2,0.98714530467987061,0.98862731456756603,0.98686218261718761,0.98608404397964478
4071_02,2,0.99353885650634755,0.9934852123260498,0.99314552545547485,0.99248266220092762
4072_01,5,0.70491486787796021,0.67865312099456787,0.71549773216247559,0.65673828125
4075_01,5,0.00088500330457460001,0.00081810192205010001,0.00039565650513390002,0.00034780337591650001
4076_01,4,0.077381812036037403,0.0527368709444999,0.059344574809074402,0.048136893659830003
4078_01,4,0.54786795377731323,0.60541099309921265,0.57078397274017334,0.64891165494918823
4079_01,1,0.13343606889247889,0.15273897349834439,0.11432638019323341,0.1937060058116912
4080_01,2,0.1397531777620315,0.14052826166152951,0.1453733295202255,0.085709482431411702
4081_01,3,0.19324065744876859,0.1563402712345123,0.1379970908164978,0.1487847417593002
4082_01,4,0.13214245438575739,0.1396480500698089,0.1213181987404823,0.16357526183128351
4083_01,1,0.99981665611267079,0.99989831447601318,0.99992352724075317,0.99990731477737438
4084_01,1,0.54225873947143555,0.4428704679012298,0.48266288638114929,0.32820385694503779
4089_01,1,0.2359004318714141,0.23028603196144101,0.2503377497196197,0.2301755547523498
4090_01,2,0.65476369857788086,0.73081058263778687,0.67903709411621094,0.77519381046295166
4091_01,2,0.83877336978912354,0.87844383716583252,0.83618855476379395,0.86908864974975586
4093_01,2,0.1517073512077331,0.1185429096221923,0.13113737106323239,0.12518899142742149
4095_01,3,0.081109754741191795,0.069854766130447304,0.067781329154968206,0.042249977588653502
4096_01,5,0.1234810873866081,0.15000623464584351,0.1142793595790863,0.15336981415748591
4097_01,2,0.52996861934661865,0.47625827789306641,0.5115666389465332,0.44091284275054932
4098_01,4,0.50801324844360352,0.53772079944610596,0.51170307397842407,0.54303526878356934
4099_01,2,0.51890194416046143,0.53561574220657349,0.5270540714263916,0.53069877624511719
4101_01,3,0.16796676814556119,0.1443981528282165,0.1510930061340332,0.16059327125549311
4102_01,5,0.96461057662963878,0.97994524240493763,0.96580326557159424,0.97867000102996837
4103_01,3,0.49388086795806879,0.48448243737220759,0.51234471797943115,0.491455078125
4104_01,1,0.11211579293012611,0.11205443739891049,0.103720910847187,0.065617159008979797
4106_01,4,0.85648882389068604,0.85856205224990845,0.85626453161239624,0.90280461311340321
4107_01,2,0.29511445760726929,0.2493977397680282,0.29885995388031,0.2399018257856369
4108_01,4,0.9998624324798584,0.99985444545745839,0.99988973140716564,0.99991661310195923
4108_02,4,0.99811500310897838,0.99923169612884521,0.99835872650146484,0.99937540292739879
4109_01,4,0.26045945286750788,0.26100561022758478,0.25071817636489868,0.19960415363311759
4110_01,3,0.032648548483848502,0.0131670953705906,0.0083102937787770999,0.0041728131473063998
4112_01,1,0.7438245415687561,0.7383081316947937,0.73771834373474121,0.71828001737594604
4113_01,2,0.99749100208282482,0.99732625484466564,0.99727654457092285,0.99658387899398804
4113_02,2,0.89765733480453491,0.92260766029357921,0.89440757036209106,0.94965338706970204
4114_01,1,0.50889575481414795,0.58902502059936523,0.49969500303268433,0.57575082778930664
4115_01,2,0.78288447856903076,0.76021528244018555,0.7901378870010376,0.76263737678527832
4116_01,1,0.89394092559814453,0.9144742488861084,0.88717305660247803,0.87956631183624268
4120_01,1,0.78698629140853882,0.79796057939529419,0.77403801679611206,0.77363449335098267
4125_01,3,0.67323857545852661,0.64888334274291992,0.66957879066467285,0.63818359375
4127_01,1,0.85395544767379761,0.83025377988815308,0.86640173196792603,0.85982906818389893
4128_01,1,0.4575667679309845,0.50848495960235596,0.55230629444122314,0.59318327903747559
4128_02,1,0.99327695369720459,0.99445933103561401,0.99266910552978516,0.99808049201965321
4128_03,1,0.99574613571167003,0.99600040912628163,0.99573647975921642,0.99834668636322021
4129_01,5,0.51591861248016357,0.50782716274261475,0.49292087554931641,0.52172636985778809
4130_01,2,0.89081668853759766,0.88094311952590942,0.89398413896560669,0.89580869674682617
4131_01,4,0.99971133470535278,0.9995993971824646,0.99977695941925038,0.99974596500396717
4132_01,1,0.76421809196472168,0.77662384510040283,0.76213401556015015,0.77470791339874268
4134_01,3,0.76363146305084229,0.74264425039291382,0.75151723623275757,0.76021534204483032
4135_01,2,0.031817983835935502,0.034683451056480401,0.035955231636762598,0.020369866862893101
4137_01,1,0.26925656199455261,0.24194151163101191,0.2634975910186767,0.17182451486587519
4140_01,2,0.153807908296585,0.14717267453670499,0.13673198223114011,0.071928083896636894
4141_01,4,0.43469211459159851,0.46165895462036127,0.4392687976360321,0.50964993238449097
4142_01,3,0.99929487705230724,0.99874126911163319,0.99915403127670277,0.99966621398925781
4143_01,5,0.331279456615448,0.36368805170059199,0.34413826465606689,0.36474609375
4144_01,3,0.095211058855056693,0.068768858909606906,0.047681704163551303,0.02439203299582
4145_01,3,0.090377971529960605,0.087864592671394307,0.082035057246685,0.050694346427917397
4147_01,5,0.51950585842132568,0.56576603651046753,0.44791603088378901,0.61152589321136475
4147_02,5,0.99964964389801036,0.99911230802536,0.99972224235534679,0.99926471710205078
4149_01,1,0.12666426599025721,0.11771774291992181,0.1046177968382835,0.12958747148513791
4150_01,5,0.99147552251815796,0.98144561052322399,0.99312907457351685,0.9944918155670166
4151_01,2,0.77418327331542969,0.75993680953979492,0.77372962236404419,0.73890352249145508
4152_01,1,0.10652124881744381,0.11171355843543999,0.088045813143253299,0.098006933927535997
4154_01,1,0.99818336963653564,0.99809384346008301,0.99816751480102539,0.99864482879638683
4156_01,3,0.78759860992431641,0.7558245062828064,0.78270190954208374,0.75428777933120728
4158_01,2,0.1882302463054657,0.18451611697673789,0.17424622178077689,0.1258443295955658
4159_01,2,0.1937125027179718,0.18657630681991569,0.18392528593540189,0.1053285971283912
4160_01,4,0.58490806818008423,0.55629640817642212,0.51389586925506592,0.69571053981781006
4163_01,2,0.89079391956329346,0.87342774868011475,0.89054262638092041,0.86087542772293091
4165_01,4,0.25060772895812988,0.3632212877273559,0.29356139898300171,0.95697438716888439
4166_01,4,0.99614524841308605,0.99533307552337635,0.99578279256820679,0.99609959125518799
4166_02,4,0.97862362861633301,0.97732305526733398,0.98327994346618641,0.97868001461029042
4167_01,4,0.23749156296253199,0.25845324993133539,0.24680107831954951,0.2177240699529647
4168_01,4,0.1189574748277664,0.1410886198282241,0.1081884205341339,0.1596266627311706
4168_02,4,0.17227178812026969,0.071256935596465995,0.048236224800348199,0.080405876040458596
4169_01,5,0.98151808977127075,0.98523128032684315,0.98522001504898082,0.98277169466018677
4169_02,5,0.86943346261978149,0.8438451886177063,0.871559739112854,0.78309881687164307
4170_01,5,0.95219409465789795,0.97824960947036743,0.96000677347183239,0.9812415838241576
4171_01,2,0.49838241934776301,0.51444905996322632,0.50802707672119141,0.50934028625488281
4172_01,1,0.97744959592819203,0.98494690656661998,0.9792102575302124,0.99264949560165405
4172_02,1,0.0063584325835108002,0.0057823155075311002,0.0061094556003808004,0.0049146544188260997
4172_03,1,0.92380130290985119,0.93974506855010997,0.9124622941017152,0.96963816881179798
4172_04,1,0.1574988067150116,0.1489894837141037,0.17300403118133539,0.21454775333404541
4172_05,1,0.38716945052146912,0.4738166332244873,0.49862444400787348,0.57902717590332031
4172_06,1,0.9907926917076112,0.99405592679977417,0.99117028713226318,0.9979032278060912
4172_07,1,0.79041552543640137,0.77334457635879517,0.79637694358825684,0.79394996166229248
4173_01,1,0.077967025339603396,0.087726697325706399,0.077698692679405199,0.071290060877799905
4174_01,5,0.13761255145072929,0.13264207541942591,0.097203589975833796,0.088801652193069402
4175_01,4,0.12607084214687339,0.14293903112411499,0.1027543693780899,0.0758259072899818
4176_01,3,0.96564340591430664,0.97577977180480957,0.97105842828750599,0.95500332117080677
4176_02,3,0.97509044408798218,0.98076987266540516,0.97864019870758057,0.97305488586425781
4176_03,3,0.1199348047375679,0.12252172827720639,0.12527965009212491,0.1583092212677002
4176_04,3,0.091659180819988195,0.069003373384475694,0.067407779395580195,0.0325593724846839
4176_05,3,0.101768858730793,0.072654053568839999,0.080955535173416096,0.042713910341262797
4176_06,3,0.99154388904571522,0.9924767017364502,0.99179947376251221,0.99456602334976196
4176_07,3,0.1544280052185058,0.15364542603492731,0.15421023964881889,0.11148944497108459
4177_01,4,0.9994955062866212,0.99946135282516479,0.99954915046691895,0.99964851140975963
4177_02,4,0.99922895431518555,0.99893093109130859,0.99906265735626221,0.99822014570236195
4177_03,4,0.0021231325808912,0.0012398345861583001,0.00094070716295389998,0.00026816973695530002
4178_01,1,0.066422149538993794,0.0630934387445449,0.043633744120597798,0.052322275936603498
4179_01,3,0.82531213760375977,0.86128872632980347,0.8313441276550293,0.89737981557846069
4179_02,3,0.94552743434905995,0.91693758964538563,0.94566112756729115,0.8857957124710083
4181_01,3,0.88146483898162842,0.88038980960845947,0.89712923765182495,0.8229033350944519
4181_02,3,0.969490647315979,0.96359390020370483,0.96611404418945324,0.96247583627700795
4181_03,3,0.9878857135772704,0.98663151264190685,0.9860074520111084,0.99264001846313477
4181_04,3,0.97935694456100464,0.97511714696884155,0.98011845350265503,0.97278183698654164
4181_05,3,0.0002168658829759,0.00014781556092199999,0.0001014230292639,5.0869908591266721e-05
4181_06,3,0.3994213342666626,0.49313792586326599,0.41379547119140619,0.654296875
4182_01,5,0.10989814251661301,0.093768574297428103,0.082761660218238803,0.079434253275394398
4182_02,5,0.0023960242979228002,0.00080650532618159996,0.0010859090834856001,8.8206848886329681e-05
4182_03,5,0.019664136692881501,0.0083382651209830995,0.0121822664514184,0.0011427978752179999
4183_01,1,0.21087975800037381,0.18232296407222739,0.18491128087043759,0.12660236656665799
4184_01,3,0.18869477510452271,0.17899106442928309,0.16671168804168701,0.1126026809215545
4185_01,4,0.80519998073577881,0.8053586483001709,0.81030219793319702,0.77944588661193848
4186_01,2,0.89122802019119263,0.87418621778488159,0.89595729112625122,0.85115534067153931
4188_01,4,0.061535000801086398,0.050706204026937401,0.056820083409547799,0.0333132594823837
4189_01,1,0.049183152616024003,0.0378018580377101,0.024347232654690701,0.026492379605770101
4191_01,2,0.097263351082801805,0.089728467166423798,0.096063479781150804,0.082275398075580597
4194_01,2,0.99827128648757923,0.99892389774322521,0.99780368804931641,0.99879795312881481
4196_01,5,0.75379401445388794,0.71252661943435669,0.75895953178405762,0.70647132396697998
4197_01,3,0.8339923620223999,0.84284102916717529,0.82742810249328613,0.82313966751098633
4197_02,3,0.44414415955543518,0.463563323020935,0.41113594174385071,0.455078125
4197_03,3,0.052081961184739997,0.057888086885213803,0.038172066211700398,0.073397360742092105
4199_01,2,0.97745251655578602,0.9865078330039978,0.97936469316482544,0.97298347949981678
4203_01,5,0.087344750761985696,0.092711746692657401,0.097335994243621798,0.074481084942817605
4204_01,5,0.59686070680618286,0.60121560096740723,0.6130366325378418,0.56982421875
4204_02,5,0.3903258740901947,0.37713593244552612,0.40064054727554321,0.39387154579162598
4204_03,5,0.4661704003810882,0.43527710437774658,0.45638683438301081,0.413330078125
4205_01,4,0.5730431079864502,0.61234527826309204,0.56132638454437256,0.62703460454940796
4206_01,4,0.52366507053375244,0.54678678512573242,0.53703546524047852,0.55230915546417236
4207_01,4,0.99332684278488159,0.99462038278579723,0.99569177627563477,0.98537200689315796
4207_02,4,0.99988389015197765,0.99987566471099842,0.99991244077682495,0.9999295473098756
4208_01,2,0.35251957178115839,0.31520777940750122,0.3404126763343811,0.34326171875
4210_01,1,0.99976563453674316,0.9997265338897704,0.99977964162826538,0.99980634450912476
4210_02,1,0.99976712465286244,0.99974316358566284,0.99978595972061157,0.99978595972061157
4211_01,1,0.9769514799118042,0.97933876514434803,0.97365111112594604,0.981889307498932
4212_01,1,0.84183353185653687,0.81968998908996582,0.81372112035751343,0.7868613600730896
4213_01,5,0.2984566986560821,0.29107087850570679,0.27248919010162348,0.18975141644477839
4214_01,4,0.0033222364727407,0.0048160213045774997,0.0034747184254228999,0.0012138081947341
4215_01,2,0.1171265318989753,0.12501354515552521,0.11958149075508109,0.17875459790229789
4216_01,3,0.96740186214447021,0.9548267126083374,0.96635884046554565,0.96559798717498779
4216_02,3,0.94554126262664795,0.94481849670410156,0.95705533027648915,0.93457555770874023
4218_01,1,0.9843478798866272,0.98889845609664917,0.98458802700042725,0.99351394176483165
4218_02,1,0.8203587532043457,0.85822826623916626,0.81623685359954834,0.85314655303955078
4219_01,1,0.99401253461837757,0.99481505155563354,0.99435669183731079,0.99787747859954845
4219_02,1,0.1385691165924072,0.12185266613960261,0.1439838111400604,0.19189453125
4219_03,1,0.064804852008819497,0.050081104040145798,0.051973838359117501,0.023886343464255302
4220_01,3,0.082769595086574499,0.085505753755569402,0.055871166288852601,0.053983744233846602
4221_01,3,0.70292186737060547,0.74845075607299805,0.73261475563049316,0.743896484375
4222_01,3,0.045364182442426598,0.028966343030333502,0.031413890421390499,0.014864753000438199
4222_02,3,0.036645874381065299,0.029130345210432999,0.0116650322452187,0.0032402500510215
4223_01,1,0.15624323487281799,0.16042736172676081,0.1717124879360199,0.1907723397016525
4223_02,1,0.47559979557991028,0.59454989433288574,0.62719827890396118,0.59315198659896851
4225_01,5,0.34444308280944819,0.35514068603515619,0.35414776206016541,0.36759629845619202
4229_01,5,0.20084244012832639,0.2291896045207977,0.2017078101634979,0.19838847219944
4230_01,4,0.1199682205915451,0.10737950354814529,0.1102289855480194,0.044579379260540002
4231_01,1,0.96798330545425415,0.98814278841018677,0.96916937828063965,0.98592561483383179
4232_01,2,0.99949783086776722,0.99962341785430919,0.99962890148162842,0.99968445301055919
4233_01,4,0.0058371452614664997,0.002042347099632,0.0028112498112022001,0.0007182300905697
4237_01,5,0.5321391224861145,0.54283595085144043,0.4941492080688476,0.5986328125
4238_01,3,0.99957162141799916,0.99951791763305664,0.99957031011581421,0.99987483024597157
4239_01,4,0.13812869787216181,0.1583563834428787,0.14924205839633939,0.1088527888059616
4240_01,5,0.9952315092086792,0.9934009313583374,0.99653702974319458,0.99592590332031239
4242_01,2,0.99510824680328358,0.99781346321105957,0.99463516473770142,0.99786072969436646
4243_01,3,0.0308857336640357,0.0247388612478971,0.026400292292237199,0.016278419643640501
4244_01,3,0.42971247434616089,0.47596684098243708,0.4690098762512207,0.447572112083435
4245_01,5,0.76419568061828613,0.71680605411529541,0.76748049259185791,0.710693359375
4246_01,1,0.00046293836203399998,0.00019541090296109999,0.0001755032863002,5.1197632274124771e-05
4249_01,5,0.99273592233657837,0.98979288339614879,0.99250531196594238,0.99953758716583241
4249_02,5,0.99950379133224476,0.99861127138137817,0.99956226348876964,0.99882501363754284
4249_03,5,0.91458219289779663,0.85690790414810181,0.81792688369750977,0.97806024551391602
4251_01,4,0.092665769159793798,0.093397155404090798,0.092467725276946994,0.048685088753700201
4252_01,1,0.54486137628555298,0.63507926464080811,0.52799654006958008,0.485107421875
4253_01,2,0.1130634695291519,0.103651650249958,0.11626493185758589,0.046918131411075502
4254_01,3,0.023513436317443799,0.030506249517202301,0.0138384457677602,0.038293842226266799
4254_02,3,0.971307933330536,0.96348220109939575,0.97263360023498535,0.97335886955261242
4254_03,3,0.0041333120316266996,0.0055678263306617,0.0035462474916130001,0.0039661009795963001
4255_01,4,0.59344542026519775,0.57399213314056396,0.58361780643463135,0.5413251519203186
4256_01,4,0.020923361182212798,0.0299128014594316,0.019994094967842099,0.032936625182628597
4256_02,4,0.50788891315460205,0.52572864294052124,0.50792068243026733,0.488279789686203
4256_03,4,0.49577319622039789,0.50388896465301514,0.50540143251419067,0.4931640625
4256_04,4,0.085653066635131794,0.1052578687667846,0.091294616460800102,0.078208945691585499
4256_05,4,0.091732993721961906,0.12012457847595211,0.082850500941276495,0.055462956428527797
4256_06,4,0.52737718820571899,0.52803170680999756,0.53798162937164307,0.517333984375
4256_07,4,0.16603834927082059,0.18907338380813599,0.1896850317716598,0.1074474453926086
4256_08,4,0.38071331381797791,0.41844618320465088,0.3834843635559082,0.36238580942153931
4257_01,2,0.3370765745639801,0.38557931780815119,0.39435702562332148,0.38606026768684382
4258_01,4,0.10237023234367371,0.13853535056114191,0.12379831075668329,0.1607365608215332
4258_02,4,0.010543139651417699,0.018018046393990499,0.0076534869149327001,0.0069415802136063003
4258_03,4,0.46734181046485901,0.50679951906204224,0.48329088091850281,0.40771484375
4259_01,2,0.99884122610092163,0.99928081035614003,0.99902486801147461,0.99951207637786876
4260_01,4,0.7890852689743042,0.74928069114685059,0.77812224626541138,0.75845074653625488
4261_01,3,0.32761499285697931,0.3498130738735199,0.38393118977546692,0.46395087242126459
4262_01,3,0.97399157285690319,0.96253275871276855,0.97548073530197144,0.95418548583984375
4262_02,3,0.043249398469924899,0.10851952433586121,0.0417838096618652,0.064929418265819494
4264_01,2,0.16277848184108731,0.17169281840324399,0.1576671302318573,0.27392578125
4266_01,1,0.81571131944656372,0.82179063558578491,0.80974233150482178,0.8145524263381958
4267_01,5,0.66235333681106567,0.6366392970085144,0.68103283643722534,0.69645911455154419
4267_02,5,0.76937150955200195,0.72715741395950317,0.77552473545074463,0.73889994621276855
4270_01,5,0.055934324860572801,0.0100182760506868,0.025029446929693201,0.0015510970260946999
4271_01,5,0.87597417831420898,0.92943906784057617,0.88755464553833008,0.94772768020629883
4272_01,3,0.47863131761550898,0.72433888912200928,0.67272132635116577,0.97885668277740479
4273_01,2,0.1101206466555595,0.1085626557469368,0.1249474510550499,0.103626012802124
4274_01,3,0.85293477773666382,0.94758802652358998,0.92443108558654796,0.9952608346939088
4278_01,4,0.99966013431549083,0.99974924325943004,0.99980664253234863,0.99980032444000244
4280_01,3,0.14408959448337549,0.0696164816617965,0.14090147614479059,0.068620555102825095
4289_01,5,0.98902136087417603,0.98911648988723755,0.99014246463775635,0.98716163635253917
4291_01,3,0.88316494226455688,0.87337994575500488,0.88331347703933716,0.88642263412475586
4292_01,2,0.069131985306739793,0.070416569709777804,0.059710327535867601,0.054141461849212598
4293_01,3,0.95450365543365479,0.92704600095748901,0.93744635581970204,0.9248896837234496
4294_01,2,0.35351568460464478,0.35264047980308533,0.34344619512557978,0.29267784953117371
4295_01,2,0.96071624755859375,0.98225128650665283,0.95611822605133057,0.98662370443344116
4295_02,2,0.88996672630310059,0.88825714588165283,0.89623302221298218,0.89412456750869751
4296_01,3,0.89581954479217529,0.87804406881332397,0.89310699701309204,0.90635603666305542
4297_01,3,0.1505573689937591,0.1763648986816406,0.14592564105987549,0.21044921875
4300_01,1,0.8799099326133728,0.88562625646591187,0.86529439687728882,0.85468447208404541
4301_01,5,0.98827743530273438,0.9873652458190918,0.98969942331314076,0.98910808563232422
4302_01,5,0.57504618167877197,0.52342081069946289,0.55009138584136963,0.48748227953910828
4303_01,3,0.96558737754821777,0.94923245906829845,0.95641154050827037,0.93129432201385498
4303_02,3,0.55979239940643311,0.59170246124267578,0.5557410717010498,0.53808236122131348
4305_01,4,0.38567996025085449,0.43433466553688049,0.42059871554374689,0.33170151710510248
4305_02,4,0.64007568359375,0.61281394958496094,0.61659502983093262,0.59943926334381104
4305_03,4,0.66282176971435547,0.63079530000686646,0.66379755735397339,0.63395500183105469
4306_01,3,0.1454762518405914,0.1863171905279159,0.17577491700649259,0.28937220573425287
4309_01,4,0.51178383827209473,0.41484799981117249,0.4346919953823089,0.40299546718597412
4309_02,4,0.4486185610294342,0.43092519044876099,0.44270682334899902,0.44304794073104858
4311_01,4,0.87522310018539429,0.82460606098175049,0.78309905529022217,0.90938591957092285
4312_01,2,0.0002366803819313,0.00015183708455870001,0.0001953653845703,0.00010679906699799999
4315_01,4,0.57748651504516602,0.95059370994567882,0.95124024152755737,0.96547305583953857
4315_02,4,0.41368672251701349,0.41113311052322388,0.42879891395568848,0.41608679294586182
4316_01,3,0.092339366674423204,0.10397981107234951,0.096700407564640004,0.068383194506168296
4317_01,2,0.8173830509185791,0.91284316778182983,0.84060943126678467,0.90687692165374756
4318_01,1,0.99858999252319336,0.99853324890136719,0.99866074323654164,0.99917685985565197
4319_01,3,0.059939786791801397,0.037178829312324503,0.039472907781600897,0.025434114038944199
4320_01,4,0.069313645362854004,0.033002100884914398,0.027310252189636199,0.065495476126670796
4324_01,2,0.99908620119094838,0.999353528022766,0.9991670846939088,0.99964594841003418
4324_02,2,0.99879968166351318,0.99931430816650402,0.99903190135955799,0.99952065944671642
4324_03,2,0.1712774932384491,0.20054711401462549,0.1807864904403686,0.2226089537143707
4324_04,2,0.99951159954071045,0.99968957901000977,0.99968296289443959,0.99982964992523204
4327_01,4,0.99783182144165039,0.99826353788375843,0.99791079759597778,0.99898773431777965
4329_01,5,0.32110604643821711,0.30523914098739618,0.26541933417320251,0.28256192803382868
4330_01,4,0.46974274516105652,0.43904715776443481,0.51376211643218994,0.4473274946212768
4332_01,2,0.91299974918365479,0.89693105220794678,0.91451013088226318,0.87896203994750977
4333_01,5,0.1811919212341308,0.24455778300762171,0.12569266557693479,0.2013318985700607
4334_01,3,0.9419122338294984,0.90721946954727162,0.93889766931533802,0.86699599027633667
4335_01,5,0.50331175327301025,0.48631277680397028,0.50532591342926025,0.49951171875
4336_01,4,0.99399352073669445,0.99177986383438121,0.99304157495498657,0.99390912055969238
4336_02,4,0.99980008602142323,0.99980163574218761,0.99985116720199585,0.99984776973724365
4336_03,4,0.1680753082036972,0.18659847974777219,0.16586728394031519,0.13651052117347709
4336_04,4,0.23111382126808161,0.14007708430290219,0.19954410195350639,0.1098658367991447
4337_01,1,0.86957454681396484,0.89751297235488892,0.86629188060760498,0.89652585983276367
4338_01,4,0.98261457681655884,0.97495073080062877,0.9822898507118224,0.98019486665725719
4338_02,4,0.42312929034233088,0.43161880970001221,0.53709107637405396,0.418212890625
4338_03,4,0.99988293647766124,0.99988412857055664,0.99991583824157715,0.99986416101455677
4339_01,4,0.070585340261459295,0.090869881212711306,0.066911950707435594,0.068997994065284701
4340_01,5,0.98069334030151356,0.97834253311157238,0.97880423069000244,0.99170315265655518
4343_01,3,0.93277007341384877,0.9142305850982666,0.93000757694244385,0.925834059715271
4344_01,5,0.98602688312530518,0.97519654035568237,0.98448926210403442,0.99697506427764881
4345_01,4,0.1824188232421875,0.22624444961547849,0.19001543521881101,0.17690321803092951
4346_01,4,0.74886834621429443,0.98438006639480602,0.97084945440292358,0.97454273700714122
4347_01,5,0.1723480224609375,0.16867104172706601,0.1202617809176445,0.1214233487844467
4348_01,1,0.96081686019897461,0.95443576574325562,0.95412379503250122,0.97376537322998036
4349_01,4,0.047305304557085003,0.023411285132169699,0.035487633198499603,0.025747437030076901
4350_01,5,0.74516892433166504,0.7130659818649292,0.73166942596435547,0.73510748147964478
4350_02,5,0.032624352723359999,0.023950034752488102,0.014925382100045599,0.0038501906674355
4351_01,5,0.20684851706027979,0.23513105511665339,0.21369530260562891,0.333251953125
4352_01,5,0.99858051538467396,0.99549853801727295,0.99686849117279042,0.99977368116378784
4352_02,5,0.99990826845169078,0.99974107742309559,0.99993377923965443,0.99983537197113037
4354_01,3,0.59380644559860229,0.60433304309844971,0.5478135347366333,0.54523622989654541
4356_01,3,0.99950516223907482,0.99948817491531361,0.99953192472457875,0.99986839294433605
4357_01,1,0.042512692511081598,0.033056002110242802,0.026923226192593502,0.0088602667674422004
4358_01,5,0.81124579906463623,0.79277539253234863,0.8330843448638916,0.85299944877624512
4359_01,3,0.50448799133300781,0.55706793069839478,0.58714646100997925,0.61330521106719971
4359_02,3,0.99913763999938965,0.99935841560363758,0.99944138526916504,0.99988996982574463
4359_03,3,0.21210759878158569,0.19325022399425501,0.2341105043888092,0.184326171875
4360_01,1,0.99135982990264881,0.99268758296966564,0.98957371711730957,0.99610799551010121
4361_01,3,0.21284522116184229,0.19089341163635251,0.1818700432777404,0.1132261008024215
4362_01,1,0.57619738578796387,0.50566136837005615,0.55918169021606445,0.45654296875
4364_01,3,0.62497866153717041,0.65621179342269897,0.63749217987060547,0.64152288436889648
4365_01,4,0.1733521968126297,0.20128166675567619,0.1921236515045166,0.2006850987672805
4366_01,1,0.56494927406311035,0.62792754173278809,0.59773910045623779,0.74394524097442627
4367_01,4,0.86345756053924561,0.82885164022445679,0.86477231979370117,0.83823561668395996
4368_01,5,0.99595284461975098,0.99480354785919201,0.99614548683166504,0.99351251125335682
4369_01,5,0.4595988392829895,0.57182133197784424,0.45131117105484009,0.53376960754394531
4370_01,1,0.053572047501802403,0.060675248503684998,0.053658716380596098,0.0610523521900177
4371_01,5,0.99867415428161621,0.99778550863266002,0.99859535694122314,0.99962663650512695
4371_02,5,0.037351947277784299,0.035256914794445003,0.023421198129653899,0.007477955892682
4371_03,5,0.99645984172821045,0.99654984474182118,0.9970996379852296,0.99646973609924316
4371_04,5,0.99957954883575439,0.99906331300735485,0.99973100423812877,0.99984455108642578
4371_05,5,0.9928387999534608,0.98801547288894642,0.98966985940933239,0.99905061721801758
4372_01,3,0.99861127138137817,0.9983069896697998,0.99841117858886719,0.99913203716278076
4372_02,3,0.0293540507555007,0.0150429112836718,0.019351664930582001,0.039168566465377801
4373_01,5,0.56866812705993652,0.53307062387466431,0.47283816337585449,0.71721220016479492
4376_01,1,0.7857433557510376,0.79303240776062012,0.7490227222442627,0.7710111141204834
4382_01,4,0.1394598633050918,0.1434958428144455,0.1231643855571746,0.088791951537132194
4383_01,3,0.97131198644638062,0.9623950719833374,0.96451330184936523,0.968883216381073
4386_01,1,0.97893035411834717,0.97038072347641002,0.98106145858764637,0.98362642526626598
4386_02,1,0.99928450584411621,0.99958372116088878,0.99962186813354481,0.99968433380126964
4387_01,5,0.24431180953979489,0.2366098463535308,0.23421001434326169,0.239990234375
4388_01,1,0.9798317551612854,0.96528047323226918,0.97655761241912842,0.98064857721328735
4390_01,4,0.99482733011245716,0.99623435735702515,0.99461722373962402,0.9974876046180724
4390_02,4,0.99513351917266835,0.99440234899520885,0.99389725923538197,0.99801731109619141
4390_03,4,0.13778252899646759,0.121854230761528,0.13000670075416559,0.098498195409774697
4391_01,1,0.15503554046154019,0.1619972437620163,0.29250609874725342,0.52883577346801758
4392_01,5,0.1217933744192123,0.1044998466968536,0.065372295677661896,0.074107341468334198
4393_01,2,0.52539330720901489,0.53244239091873169,0.53795969486236572,0.51989257335662842
4393_02,2,0.1118916645646095,0.057651959359645802,0.079937182366847895,0.0197217743843793
4395_01,1,0.1081289499998092,0.13295122981071469,0.094076372683048207,0.12109375
4396_01,2,0.27780616283416748,0.33188706636428827,0.29880771040916437,0.3106226921081543
4397_01,4,0.62172281742095947,0.621826171875,0.60270059108734131,0.57655680179595947
4399_01,2,0.2183138281106948,0.18731479346752161,0.21713632345199579,0.1614284813404083
4400_01,3,0.092514127492904594,0.053866993635892799,0.072218619287013994,0.035119157284498201
4400_02,3,0.99925744533538818,0.99907851219177235,0.99934387207031239,0.99979758262634277
4400_03,3,0.99925148487091064,0.99928939342498779,0.99929749965667725,0.99984502792358398
4401_01,5,0.79689359664916992,0.78302848339080811,0.81057047843933105,0.808696448802948
4401_02,5,0.80979013442993164,0.79025596380233765,0.79267466068267822,0.80283236503601074
4402_01,3,0.61181241273880005,0.62799137830734253,0.62321114540100098,0.630859375
4403_01,1,0.62231284379959106,0.63000774383544922,0.58886569738388062,0.557373046875
4403_02,1,0.14979475736618039,0.1579824090003967,0.1325093805789947,0.1025169789791107
4404_01,5,0.20309856534004209,0.19807162880897519,0.17107944190502161,0.15941852331161499
4405_01,4,0.99959969520568837,0.99902498722076416,0.99965983629226685,0.9995606541633606
4407_01,5,0.74437814950942993,0.68576854467391968,0.74145448207855225,0.69621491432189941
4408_01,4,0.99504446983337402,0.99414753913879395,0.99388742446899403,0.99818098545074463
4409_01,1,0.97455060482025158,0.94957345724105835,0.95559704303741455,0.98584210872650158
4410_01,2,0.1642709076404571,0.17176221311092371,0.18784084916114799,0.1341174244880676
4411_01,5,0.33439129590988159,0.27963578701019282,0.2689988911151886,0.23407939076423639
4413_01,2,0.25112947821617121,0.25785106420516968,0.2638603150844574,0.23163290321826929
4415_01,3,0.26223945617675781,0.2014508992433548,0.21887186169624329,0.33217859268188471
4416_01,2,0.99571752548217762,0.99543762207031239,0.99464112520217896,0.99456250667572021
4422_01,1,0.99934983253479004,0.99938547611236561,0.99937629699707042,0.99955081939697277
4422_02,1,0.98534888029098522,0.99198794364929199,0.98861539363861084,0.99499714374542236
4424_01,1,0.0081732664257287008,0.0036868671886621999,0.0177984479814767,0.0088138328865169993
4426_01,2,0.99919450283050537,0.99946159124374401,0.99938094615936279,0.99967837333679199
4427_01,4,0.012793060392141301,0.0045560826547442999,0.0051998454146086996,0.0011649664957076001
4427_02,4,0.024871319532394399,0.014469597488641701,0.0141538651660084,0.0075948978774248999
4428_01,5,0.99987703561782837,0.99960792064666759,0.99989187717437744,0.9998779296875
4429_01,5,0.037167944014072397,0.029598511755466399,0.019403930753469401,0.022600330412387799
4430_01,2,0.99643391370773315,0.99596834182739258,0.99708211421966564,0.99234300851821899
4431_01,1,0.68007463216781616,0.6449577808380127,0.73240530490875244,0.76329004764556885
4432_01,2,0.47330880165100098,0.49090495705604548,0.48741146922111511,0.47736024856567377
4433_01,1,0.70365655422210693,0.70880430936813354,0.68613588809967041,0.69766628742218018
4436_01,5,0.59527385234832764,0.59009504318237305,0.60530400276184082,0.57543504238128662
4437_01,3,0.93367326259613037,0.91115278005599976,0.92773026227951039,0.92407286167144775
4438_01,5,0.17423026263713831,0.19472584128379819,0.14226679503917691,0.15863475203514099
4440_01,4,0.2112903147935867,0.25659099221229548,0.27144575119018549,0.30086100101470947
4441_01,3,0.99488449096679676,0.99426156282424916,0.99497556686401356,0.99636733531951904
4441_02,3,0.96112793684005737,0.95522493124008179,0.96315079927444458,0.95774883031845082
4441_03,3,0.98444747924804676,0.99094974994659424,0.9895058274269104,0.99716794490814198
4444_01,5,0.52440345287322998,0.49662497639656061,0.56119233369827271,0.466796875
4445_01,3,0.1158204674720764,0.1193439736962318,0.096685700118541704,0.0545875616371631
4446_01,4,0.0154269458726048,0.019910432398319199,0.0114724542945623,0.0031641477253288
4446_02,4,0.00029481190722429999,0.00033381651155649998,0.00013985458645029999,6.5411739342380315e-05
4446_03,4,0.99986493587493896,0.99988287687301636,0.99990493059158325,0.99992251396179199
4446_04,4,0.99955743551254284,0.99969542026519775,0.99969553947448719,0.99991190433502197
4446_05,4,0.2445008158683776,0.30804142355918879,0.22870945930480949,0.35535094141960138
4447_01,4,0.56366759538650513,0.58122849464416504,0.55399930477142334,0.533447265625
4448_01,3,0.97956895828247081,0.97711139917373657,0.97704267501831044,0.98073542118072521
4449_01,4,0.39664915204048151,0.43338817358016968,0.4676053524017334,0.455810546875
4450_01,2,0.99667561054229736,0.9974803924560548,0.99684709310531616,0.99618113040924083
4450_02,2,0.97122758626937877,0.98140245676040638,0.96794795989990245,0.98874098062515259
4450_03,2,0.99773371219634999,0.9979647994041444,0.99796235561370839,0.99700969457626343
4450_04,2,0.047052845358848502,0.0337323620915412,0.044913917779922402,0.028860354796051899
4451_01,5,0.93594765663146962,0.93643093109130859,0.9427562952041626,0.9671592116355896
4452_01,1,0.78464329242706299,0.77148377895355225,0.75876778364181519,0.78090471029281616
4453_01,4,0.68721407651901245,0.73561054468154907,0.73780500888824463,0.80092084407806396
4456_01,2,0.2098024040460586,0.27524718642234802,0.20135773718357081,0.327880859375
4457_01,1,0.1488509476184845,0.16192954778671259,0.23659528791904449,0.26948142051696777
4459_01,5,0.69010359048843384,0.64432829618453979,0.70412528514862061,0.63727867603302002
4461_01,5,0.99920761585235596,0.99844461679458618,0.99941563606262196,0.99853372573852539
4462_01,4,0.20862013101577759,0.25163173675537109,0.2283684015274047,0.19097095727920529
4463_01,3,0.988658607006073,0.98622274398803722,0.98816287517547596,0.98982888460159302
4463_02,3,0.96624565124511719,0.95578140020370483,0.96831917762756359,0.95950108766555797
4464_01,4,0.48629558086395258,0.44253742694854731,0.47053840756416321,0.38134765625
4465_01,3,0.87950855493545532,0.8645017147064209,0.889201819896698,0.83115482330322266
4465_02,3,0.026290791109204199,0.056125819683074903,0.0325811468064785,0.075135201215744005
4465_03,3,0.014600882306694899,0.016471002250909798,0.0091072050854563002,0.0050718104466795002
4466_01,3,0.22343549132347101,0.2079957425594329,0.20206162333488459,0.22935071587562561
4467_01,1,0.46210741996765131,0.52226543426513672,0.52573215961456299,0.56428349018096924
4469_01,5,0.95925652980804443,0.97795975208282482,0.96661216020584118,0.97825539112091064
4469_02,5,0.0012941171880811,0.00075529655441639997,0.00048449763562530003,9.3658520199824125e-05
4470_01,5,0.1774747371673584,0.17198407649993891,0.14184021949768061,0.1124664694070816
4472_01,1,0.83513247966766357,0.81899797916412354,0.8559914231300354,0.8725166916847229
4472_02,1,0.46944960951805109,0.5160987377166748,0.48449406027793879,0.53766155242919922
4473_01,2,0.13115604221820831,0.1030729785561561,0.1239075064659118,0.064584970474243095
4473_02,2,0.041375339031219399,0.028148381039500198,0.0418178588151931,0.017931550741195599
4474_01,1,0.77319157123565674,0.79352915287017822,0.75904196500778198,0.74161052703857422
4474_02,1,0.80347967147827148,0.83114379644393921,0.79700660705566406,0.80297762155532837
4474_03,1,0.77900469303131104,0.81196415424346924,0.76830530166625977,0.7514188289642334
4475_01,3,0.064170330762863104,0.069388747215270996,0.053303860127925803,0.085635602474212605
4475_02,3,0.97784769535064697,0.96969383955001842,0.97859328985214245,0.96279698610305797
4476_01,5,0.10769268125295629,0.12628123164176941,0.11906524747610089,0.16132435202598569
4477_01,4,0.22085034847259519,0.22286415100097651,0.24200551211833951,0.20219603180885309
4479_01,4,0.040386795997619601,0.0170956943184137,0.035932365804910597,0.0085106920450924994
4482_01,3,0.92318749427795399,0.91630828380584717,0.91749960184097279,0.90250563621520996
4482_02,3,0.86779582500457764,0.87968689203262329,0.8690449595451355,0.85251212120056152
4482_03,3,0.90117639303207397,0.90395939350128163,0.90003293752670288,0.889412522315979
4482_04,3,0.9454522728919984,0.94336563348770142,0.93741673231124878,0.94937586784362804
4482_05,3,0.94437038898468018,0.9368736743927002,0.93347877264022838,0.94065940380096436
4483_01,3,0.063733860850334098,0.0379738546907901,0.041364591568708399,0.022786047309637
4483_02,3,0.045130871236324303,0.0207388736307621,0.029895460233092301,0.0288716200739145
4485_01,3,0.98347264528274536,0.97910207509994518,0.98562693595886242,0.96673828363418579
4485_02,3,0.11532816290855399,0.1130485758185386,0.1067783087491989,0.1078246235847473
4486_01,1,0.83629125356674194,0.84063565731048584,0.81938356161117554,0.80698329210281372
4487_01,4,0.088501125574111897,0.091380447149276706,0.079915463924407903,0.051713209599256502
4490_01,5,0.69550299644470215,0.69508063793182373,0.68098580837249756,0.7084159255027771
4491_01,4,0.083210997283458696,0.049195338040590203,0.075749501585960305,0.043494202196597997
4492_01,3,0.47134649753570551,0.4852883517742157,0.48500138521194458,0.49725243449211121
4493_01,3,0.70483624935150146,0.73172897100448608,0.66237092018127441,0.72407799959182739
4494_01,2,0.99929618835449219,0.99952328205108643,0.99944525957107544,0.99971890449523915
4496_01,4,0.9654480218887328,0.97953009605407715,0.97784769535064697,0.99637109041214
4497_01,1,0.51646387577056885,0.54774701595306396,0.51914882659912109,0.5603712797164917
4498_01,3,0.88202595710754395,0.89310598373413086,0.88586419820785522,0.87538427114486694
4498_02,3,0.95916277170181286,0.9562915563583374,0.95337712764740001,0.95781844854354858
4498_03,3,0.93175876140594482,0.93551695346832275,0.92335289716720581,0.93617707490921021
4498_04,3,0.7958449125289917,0.84643733501434326,0.80470013618469238,0.81973296403884888
4498_05,3,0.93073821067810059,0.9242098331451416,0.92444342374801636,0.94828593730926525
4498_06,3,0.95154911279678345,0.94445478916168202,0.948780357837677,0.95957642793655396
4498_07,3,0.1470072865486145,0.129481241106987,0.1453544199466705,0.1451044827699661
4498_08,3,0.81372261047363281,0.83762842416763306,0.81599259376525879,0.82016235589981079
4500_01,5,0.41617465019226069,0.31851530075073242,0.31816384196281428,0.38769528269767761
4501_01,5,0.91455215215682983,0.85258477926254272,0.87877088785171509,0.92358469963073719
4502_01,5,0.3025278747081756,0.3406174480915069,0.32240971922874451,0.339032232761383
4505_01,1,0.82260912656784058,0.84444725513458252,0.84418725967407227,0.90648633241653442
4505_02,1,0.42325660586357111,0.40447553992271418,0.4411704540252685,0.47736752033233643
4506_01,5,0.36528235673904419,0.4298224151134491,0.38653555512428278,0.55084669589996338
4508_01,4,0.194896250963211,0.25689160823822021,0.2169418931007385,0.29086586833000178
4508_02,4,0.1227914243936538,0.1088853850960731,0.1112854853272438,0.1239164918661117
4508_03,4,0.1412087082862854,0.14511612057685849,0.14014056324958801,0.1709335595369339
4509_01,4,0.20899322628974909,0.21189546585082999,0.18267835676670069,0.200494185090065
4509_02,4,0.54674315452575684,0.62289410829544067,0.63007903099060059,0.65559637546539307
4509_03,4,0.99537742137908936,0.99405640363693237,0.99520570039749157,0.99481803178787243
4510_01,3,0.96679174900054921,0.95442992448806763,0.95866751670837402,0.96317839622497559
4511_01,5,0.99913126230239879,0.99796044826507557,0.99925655126571655,0.99801737070083618
4511_02,5,0.9998130202293396,0.99932235479354858,0.99984586238861084,0.99945348501205444
4512_01,2,0.079333320260047899,0.070069894194602897,0.081023976206779397,0.044937897473573601
4514_01,5,0.82462155818939209,0.74825727939605713,0.81640958786010742,0.769187331199646
4515_01,1,0.57460325956344604,0.59317588806152344,0.56764495372772217,0.6231236457824707
4515_02,1,0.99382972717285156,0.99180793762207042,0.99198770523071278,0.99370360374450684
4516_01,3,0.36401289701461792,0.34113076329231262,0.38987603783607477,0.34789943695068359
4517_01,4,0.1171608865261077,0.1204703673720359,0.099135048687457997,0.21213485300540921
4518_01,1,0.091100871562957694,0.089905261993408203,0.0564866252243518,0.075875453650951302
4521_01,1,0.141739547252655,0.14790311455726621,0.13752904534339899,0.15198132395744321
4522_01,1,0.3746358454227447,0.38558173179626459,0.40142810344696039,0.38809582591056818
4524_01,2,0.975591480731964,0.97801935672759999,0.96505963802337635,0.97719502449035645
4529_01,4,0.23284938931465149,0.21749596297740931,0.22880478203296661,0.26904296875
4530_01,1,0.1292043924331665,0.14655068516731259,0.1063123792409896,0.12586808204650879
4531_01,1,0.97972685098648082,0.97967398166656483,0.97475552558898915,0.98381602764129639
4532_01,5,0.80302780866622925,0.7228928804397583,0.7836310863494873,0.75004678964614868
4533_01,1,0.96649891138076782,0.96810436248779297,0.96423399448394775,0.97766643762588501
4534_01,1,0.97575896978378296,0.96985512971878041,0.96335041522979736,0.96854269504547119
4535_01,4,0.1601440757513046,0.18436354398727409,0.14357845485210419,0.14912962913513181
4535_02,4,0.24372616410255429,0.28846904635429382,0.31143847107887268,0.3482143878936767
4537_01,1,0.20594429969787589,0.1227005869150161,0.1767372190952301,0.10284370183944699
4538_01,5,0.11666643619537349,0.1233195066452026,0.070959895849227905,0.10141370445489881
4539_01,2,0.82891976833343506,0.85029679536819458,0.83483076095581055,0.86172926425933838
4539_02,2,0.89356905221939087,0.91110599040985119,0.90748465061187744,0.90006715059280396
4542_01,2,0.96289879083633423,0.97016906738281239,0.96469777822494518,0.97781854867935181
4542_02,2,0.99577331542968761,0.99546802043914795,0.99541354179382324,0.99464029073715199
4543_01,1,0.043821256607770899,0.045232143253087997,0.049316991120576803,0.1132488325238227
4544_01,4,0.51440399885177612,0.55154263973236084,0.51827853918075562,0.532958984375
4546_01,4,0.60184866189956665,0.59038400650024414,0.60597062110900879,0.633056640625
4547_01,2,0.46068769693374628,0.70172023773193359,0.61095494031906128,0.96930468082427979
4549_01,4,0.078178450465202304,0.0543102212250232,0.053302593529224299,0.028507679700851399
4550_01,2,0.87993544340133667,0.85659909248352051,0.84580934047698975,0.82573819160461426
4552_01,4,0.75393611192703247,0.74220269918441772,0.75022977590560913,0.81460392475128174
4553_01,4,0.0010550611186771999,0.00033918255940070002,0.00028412355459289998,0.00019168283324679999
4555_01,1,0.14774937927722931,0.15522211790084839,0.14619533717632291,0.1238319277763366
4557_01,5,0.46534323692321777,0.42365342378616327,0.44562003016471857,0.34797787666320801
4558_01,1,0.00035801637568510001,0.0001136957725975,0.0001106473355321,6.636465695919469e-05
4559_01,3,0.61494112014770508,0.67636442184448242,0.65708816051483154,0.84924662113189697
4560_01,2,0.94377183914184559,0.94186902046203602,0.94801855087280285,0.94628870487213124
4561_01,5,0.0039490903727710004,0.0052588088437913998,0.0022006558720022002,0.0012141538318246
4562_01,1,0.99901807308197021,0.99839985370635997,0.99881231784820557,0.99905967712402344
4563_01,2,0.99964034557342518,0.99968594312667836,0.99978333711624157,0.99957245588302601
4564_01,2,0.13214132189750671,0.15532208979129791,0.13872754573822019,0.21161824464797971
4565_01,5,0.21063362061977381,0.28883668780326838,0.34958010911941528,0.4203248918056488
4567_01,5,0.0968894362449646,0.099040701985359095,0.0713457390666008,0.063465707004070199
4568_01,1,0.0023758211173117,0.00073240324854849999,0.0013555064797401001,0.0008291820995509
4569_01,1,0.99191308021545399,0.99365347623825084,0.99124538898468018,0.99462676048278797
4569_02,1,0.0096373371779917994,0.0020350203849375001,0.0049301660619676,0.0014003299875184
4570_01,4,0.99958074092865001,0.99953430891036998,0.99968111515045155,0.99954032897949219
4571_01,3,0.97093617916107178,0.96410602331161499,0.96349734067916881,0.97367078065872203
4572_01,2,0.17424273490905759,0.2519632875919342,0.2220576256513595,0.19897529482841489
4573_01,5,0.7646985650062561,0.66890430450439453,0.69244849681854248,0.93720483779907238
4574_01,4,0.21148949861526489,0.2198721319437027,0.1711509823799133,0.24931403994560239
4575_01,3,0.188993215560913,0.42207127809524531,0.23475012183189389,0.3031685054302215
4576_01,2,0.23948158323764801,0.23337128758430481,0.2358907163143158,0.1769511401653289
4577_01,3,0.95982545614242565,0.95513087511062622,0.95805585384368896,0.96157467365264881
4580_01,2,0.99921518564224243,0.999464511871338,0.99943721294403076,0.99971461296081543
4581_01,3,0.89188241958618164,0.87187743186950684,0.89064502716064453,0.88365304470062256
4581_02,3,0.9805620312690736,0.9721168875694276,0.98248672485351562,0.99424993991851796
4585_01,2,0.0001920714712468,0.00012497896386769999,0.00016737979603930001,8.9845932961907238e-05
4586_01,3,0.16385111212730399,0.15541811287403101,0.14241285622119901,0.107855699956417
4587_01,5,0.0018241090001537999,0.00052748504094770005,0.00095015682745720005,8.6866137280594558e-05
4591_01,5,0.98605811595916759,0.98308879137039185,0.98656427860259999,0.98298925161361683
4592_01,5,0.99762505292892456,0.9963233470916748,0.99852782487869263,0.99582791328430176
4592_02,5,0.99936646223068237,0.99874621629714955,0.99956440925598145,0.99886029958724976
4592_03,5,0.99959802627563477,0.99910813570022583,0.99970364570617676,0.9992837905883788
4592_04,5,0.99915981292724598,0.99809032678604115,0.99949461221694957,0.9981672763824464
4593_01,4,0.89235532283782959,0.87837886810302734,0.8937523365020752,0.92435026168823242
4594_01,1,0.020189370959997101,0.0068423897027968996,0.0098465383052825008,0.0047244457527994997
4594_02,1,0.00067922810558220003,0.0007164889248088,0.00043941842159250002,0.00052712345495820002
4594_03,1,0.84005314111709595,0.90912151336669922,0.86460709571838379,0.94275653362274159
4594_04,1,0.0001143520057667,6.5433931013103575e-05,6.1343642300926149e-05,5.9958278143312782e-05
4595_01,4,0.99315237998962402,0.98926007747650158,0.99397599697113037,0.98612165451049805
4596_01,2,0.95305871963500977,0.94460320472717285,0.95217329263687123,0.94967705011367798
4597_01,1,0.52017277479171753,0.55299472808837891,0.52232295274734497,0.56842899322509766
4602_01,3,0.1485878527164459,0.1354498416185379,0.1467671245336532,0.079888433218002305
4603_01,5,0.99975770711898804,0.9993140697479248,0.99983900785446156,0.99977493286132801
4603_02,5,0.00046658597420899998,0.0003338642709422,0.00015403064026030001,5.4237076255958527e-05
4604_01,2,0.67013823986053467,0.70114779472351074,0.66932868957519531,0.59978413581848145
4605_01,5,0.072947777807712499,0.073169328272342599,0.034281477332115097,0.048365611582994399
4606_01,5,0.088232889771461404,0.12909659743309021,0.098236665129661505,0.25103786587715149
4606_02,5,0.016908584162592801,0.016645807772874801,0.0091816755011676996,0.0067645683884619999
4607_01,2,0.1102373749017715,0.0986301898956298,0.1083370894193649,0.086295217275619507
4608_01,2,0.2305192947387695,0.32234767079353333,0.24306377768516541,0.33879297971725458
4609_01,2,0.0034269711468368001,0.0023527715820819001,0.0026029329746960999,0.0019655567593872001
4610_01,2,0.070477299392223303,0.089538112282752894,0.081521898508071899,0.075121797621250097
4611_01,1,0.87561672925949097,0.88469171524047852,0.85826337337493896,0.84584403038024902
4612_01,2,0.94737446308135997,0.95335108041763317,0.95195478200912476,0.97324103116989136
4613_01,1,0.95534580945968639,0.95916515588760376,0.957497239112854,0.97477138042449962
4615_01,5,0.99149024486541759,0.9905472993850708,0.98991334438323964,0.99946713447570801
4617_01,2,0.1596689820289611,0.1514192521572113,0.14379750192165369,0.1327593326568603
4620_01,3,0.977799952030182,0.96968311071395885,0.97141116857528675,0.97951829433441162
4621_01,3,0.87509298324584961,0.82812321186065674,0.87752211093902588,0.84687125682830811
4622_01,5,0.70085185766220093,0.70501375198364258,0.71304464340209961,0.71955090761184692
4623_01,5,0.50358062982559204,0.45842903852462769,0.43049004673957819,0.405029296875
4624_01,2,0.22685655951499939,0.2161367386579513,0.22206711769104001,0.170166015625
4625_01,2,0.99793523550033558,0.99829232692718517,0.99839818477630615,0.99912345409393322
4625_02,2,0.99943345785141002,0.99946510791778564,0.99957734346389759,0.99949336051940918
4625_03,2,0.94845670461654663,0.94268906116485596,0.95634019374847401,0.95568823814392079
4625_04,2,0.99956816434860241,0.99958544969558716,0.99967223405838002,0.99961203336715698
4625_05,2,0.99924415349960316,0.99935245513916016,0.99941182136535645,0.99940878152847279
4625_06,2,0.059190005064010599,0.0342586115002632,0.055193543434142997,0.0241873059421777
4625_07,2,0.99956631660461437,0.99956756830215443,0.99966651201248158,0.99964803457260121
4628_01,1,0.99990928173065197,0.99994301795959484,0.99994987249374401,0.99995338916778564
4630_01,2,0.484508067369461,0.40420353412628168,0.41178521513938898,0.44523966312408447
4631_01,3,0.996631920337677,0.9940650463104248,0.99630427360534679,0.99467647075653076
4632_01,3,0.99924135208129883,0.99891972541809082,0.99918031692504883,0.99962753057479858
4632_02,3,0.99933600425720204,0.99891930818557739,0.99922817945480358,0.99959778785705555
4632_03,3,0.00026171922218050001,0.00018649293633640001,9.0925284894183278e-05,8.5851585026830435e-05
4632_04,3,0.16082461178302759,0.16248644888401029,0.1175059378147125,0.0792650505900383
4632_05,3,0.0227747689932584,0.016310811042785599,0.0127282999455928,0.0067241191864013004
4633_01,4,0.18381267786026001,0.21909146010875699,0.1884280443191528,0.23896729946136469
4634_01,5,0.120073452591896,0.1071740090847015,0.090546406805515206,0.064295940101146698
4635_01,2,0.7281833291053772,0.71791744232177734,0.72427034378051758,0.70467519760131836
4637_01,4,0.16313394904136649,0.16646724939346311,0.15368193387985229,0.1226656883955001
4638_01,5,0.14052636921405789,0.20024637877941129,0.091215670108795097,0.12799531221389771
4640_01,4,0.4011509120464325,0.38238120079040527,0.39668560028076172,0.25660601258277888
4641_01,5,0.4540934264659881,0.56861257553100586,0.39506524801254272,0.49072265625
4642_01,5,0.1213458552956581,0.129237025976181,0.078962445259094197,0.067297510802745805
4643_01,4,0.49762862920761108,0.51847773790359497,0.49345061182975769,0.50610500574111938
4644_01,1,0.96337109804153442,0.95426583290100098,0.92569673061370839,0.98567605018615723
4645_01,3,0.99969375133514404,0.99980652332305919,0.99980831146240245,0.99995809793472279
4645_02,3,0.99855595827102661,0.99868166446685802,0.99866163730621338,0.99933487176895142
4646_01,2,0.39365243911743159,0.41457152366638178,0.37203153967857361,0.514404296875
4648_01,2,0.37015563249588013,0.3888153731822967,0.37810885906219482,0.41375312209129328
4649_01,2,0.092094555497169495,0.051207691431045498,0.072575725615024497,0.021763924509286801
4650_01,2,0.081445455551147405,0.058619577437639202,0.095320962369441903,0.0389907918870449
4651_01,2,0.99974882602691639,0.99978166818618763,0.99984896183013916,0.99979871511459362
4652_01,4,0.65258419513702393,0.65844869613647461,0.64080846309661865,0.64079105854034424
4653_01,4,0.21065795421600339,0.11245110630989071,0.082900777459144495,0.1113287955522537
4654_01,2,0.98699486255645763,0.98586052656173717,0.99090540409088124,0.98688089847564697
4655_01,4,0.99591898918151855,0.99379980564117443,0.99514085054397583,0.99483054876327515
4655_02,4,0.95024436712265004,0.96057301759719838,0.96152961254119884,0.933083176612854
4656_01,3,0.35434353351593018,0.38427048921585077,0.3913208544254303,0.453857421875
4656_02,3,0.9321138858795166,0.93603056669235241,0.93129616975784302,0.92230641841888439
4657_01,2,0.1816534548997879,0.18170550465583801,0.18188557028770441,0.1001222357153892
4658_01,4,0.021790074184536899,0.014189464971423101,0.0136537989601492,0.0047005517408250999
4658_02,4,0.00039768699207340001,0.0002232366823591,0.00012117920414309999,9.3480120995081961e-05
4659_01,5,0.61789262294769287,0.479486733675003,0.5285792350769043,0.58942008018493652
4661_01,1,0.72352135181427002,0.74736392498016357,0.77499467134475708,0.84800368547439575
4661_02,1,0.6917758584022522,0.67914009094238281,0.67210125923156738,0.69368278980255127
4661_03,1,0.486038327217102,0.49487271904945368,0.50039762258529663,0.50763040781021118
4661_04,1,0.41379362344741821,0.43929719924926758,0.43241006135940552,0.43994140625
4661_05,1,0.0026712713297456,0.0016933898441492999,0.0018580534961074001,0.00023756676819170001
4661_06,1,0.48754838109016418,0.50128263235092163,0.5008537769317627,0.5068974494934082
4661_07,1,0.44206133484840388,0.47380024194717407,0.45513433218002319,0.5147097110748291
4662_01,3,0.00026653023087410001,0.00020062302064609999,0.0001213689829455,8.0518730101175606e-05
4662_02,3,0.99428194761276245,0.99255555868148804,0.99357342720031738,0.9935557246208192
4662_03,3,0.95990180969238281,0.96244347095489502,0.96553492546081543,0.97577810287475597
4663_01,5,0.78852665424346924,0.74167490005493164,0.81962329149246216,0.72997802495956421
4663_02,5,0.82646453380584717,0.79724699258804321,0.85051113367080688,0.77119207382202148
4663_03,5,0.751792311668396,0.71568840742111206,0.75774621963500977,0.71420049667358398
4663_04,5,0.81958109140396118,0.77751457691192627,0.82714813947677612,0.748291015625
4663_05,5,0.8857043981552124,0.8717193603515625,0.89262527227401733,0.89461302757263184
4663_06,5,0.93231129646301281,0.90351653099060059,0.932442307472229,0.88681775331497192
4664_01,2,0.34877574443817139,0.40794074535369867,0.32873734831809998,0.37451171875
4665_01,5,0.61154884099960327,0.60707217454910278,0.61472886800765991,0.607177734375
4667_01,4,0.55766147375106812,0.57958847284317017,0.55437654256820679,0.54552114009857178
4668_01,1,0.99971687793731678,0.99963003396987915,0.99970805644989003,0.99974244832992565
4668_02,1,0.99961888790130615,0.99943506717681885,0.99961650371551525,0.99967241287231445
4672_01,5,0.72830480337142944,0.72590970993041992,0.7369118332862854,0.73797315359115601
4673_01,3,0.26297557353973389,0.24283716082572929,0.2539678812026977,0.20796677470207209
4676_01,5,0.41607865691184998,0.39549225568771362,0.38174387812614441,0.30819171667098999
4677_01,4,0.26420006155967712,0.25988665223121638,0.2290062010288238,0.2190425097942352
4678_01,5,0.1389163732528686,0.1444345414638519,0.098987683653831399,0.1295007914304733
4679_01,2,0.83289408683776855,0.81622380018234253,0.82885491847991943,0.76230007410049438
4680_01,3,0.126396894454956,0.1586580276489257,0.119189903140068,0.13557823002338409
4680_02,3,0.99528491497039795,0.99683380126953125,0.99597477912902843,0.99873268604278564
4680_03,3,0.94321882724761963,0.93558847904205322,0.95309627056121837,0.92887014150619518
4680_04,3,0.1113171279430389,0.071905449032783494,0.073541089892387307,0.028388209640979701
4684_01,3,0.7466576099395752,0.70814645290374756,0.74983513355255127,0.75216102600097656
4686_01,2,0.96884763240814198,0.96875816583633423,0.97379040718078602,0.96398729085922241
4689_01,2,0.99363386631011963,0.99240911006927479,0.99351924657821655,0.99045568704605103
4690_01,3,0.96753889322280884,0.95829200744628917,0.96960967779159557,0.96524363756179798
4690_02,3,0.060269664973020498,0.076270602643489796,0.068858817219734095,0.098246917128562899
4691_01,4,0.33636662364006042,0.32935735583305359,0.35044765472412109,0.3533477783203125
4693_01,3,0.0016765245236456,0.0017407349077983999,0.00088566658087069997,0.00074560963548709995
4693_02,3,0.99958556890487682,0.99958717823028564,0.99958920478820801,0.99983888864517201
4694_01,2,0.98298966884613037,0.98035132884979237,0.97499394416809082,0.98965930938720703
4695_01,3,0.99880993366241455,0.99869590997695923,0.99907994270324718,0.99948596954345703
4695_02,3,0.023379279300570401,0.019972819834947499,0.017377741634845699,0.0132782310247421
4695_03,3,0.99913603067398082,0.99901366233825684,0.99930399656295776,0.99944436550140381
4696_01,4,0.99970096349716198,0.99973034858703602,0.99978566169738758,0.99991381168365479
4699_01,4,0.46772575378417969,0.49693995714187622,0.50164794921875,0.44499853253364557
4704_01,1,0.00081071921158579999,0.0004272174555808,0.00050957594066849997,0.0001860810007201
4706_01,3,0.49798566102981567,0.53204345703125,0.51121628284454346,0.50940185785293579
4706_02,3,0.51921021938323975,0.55737394094467163,0.52853459119796753,0.54523098468780518
4708_01,3,0.0349119417369365,0.020376369357109,0.015076143667101799,0.028424680233001699
4709_01,1,0.11813203990459439,0.084531038999557495,0.1145093664526939,0.047407671809196403
4710_01,5,0.95566844940185558,0.97726660966873158,0.96021485328674316,0.99770283699035645
4710_02,5,0.51238787174224854,0.73624265193939209,0.56801390647888184,0.69464701414108276
4711_01,2,0.13613685965538019,0.12762743234634399,0.1232773512601852,0.1154251396656036
4712_01,1,0.65224182605743408,0.65697962045669556,0.64792895317077637,0.64265525341033936
4713_01,1,0.2310698330402374,0.20252649486064911,0.24417337775230399,0.1934649050235748
4714_01,1,0.5396614670753479,0.56673061847686768,0.53791391849517822,0.57868361473083496
4717_01,5,0.61920064687728882,0.58048665523529053,0.63142800331115723,0.61481946706771851
4719_01,4,0.52572619915008545,0.52217137813568115,0.5121307373046875,0.509521484375
4720_01,3,0.9405285120010376,0.92447078227996837,0.90687423944473278,0.87782257795333862
4721_01,2,0.90895575284957875,0.92497599124908436,0.91647803783416759,0.92524003982543956
4723_01,1,0.80741339921951294,0.81061100959777832,0.77608954906463623,0.81019806861877441
4723_02,1,0.37999492883682251,0.39428341388702393,0.39510473608970642,0.3677513599395752
4725_01,4,0.13491618633270261,0.1375001072883606,0.12717621028423309,0.094647586345672594
4726_01,5,0.83652788400650024,0.84017086029052734,0.83276724815368652,0.92107129096984863
4726_02,5,0.99594986438751221,0.99080121517181396,0.98949712514877319,0.99952757358551036
4726_03,5,0.079116150736808694,0.13204903900623319,0.085745468735694802,0.17817306518554679
4726_04,5,0.99955165386199962,0.99910593032836925,0.99966055154800415,0.9991975426673888
4726_05,5,0.48471620678901672,0.29335948824882507,0.28493025898933411,0.17729648947715759
4728_01,2,0.19431108236312861,0.23205113410949699,0.18517863750457761,0.29275602102279658
4728_02,2,0.99932098388671875,0.99938154220581044,0.99944877624511719,0.99958354234695435
4730_01,2,0.00060905801365149996,0.00038268478238020001,0.0005386879784055,0.0001627812889637
4732_01,2,0.97717142105102539,0.98591262102127075,0.98027759790420521,0.98669207096099842
4732_02,2,0.98367184400558483,0.99122887849807739,0.98713648319244385,0.99091386795043956
4732_03,2,0.45915710926055908,0.72380411624908447,0.47933506965637201,0.668701171875
4733_01,1,0.94388562440872203,0.94803214073181163,0.98308432102203358,0.96634888648986816
4738_01,4,0.59867680072784424,0.54493677616119385,0.51887857913970947,0.669189453125
4738_02,4,0.28130277991294861,0.26844647526741028,0.20972418785095209,0.22349190711975089
4739_01,2,0.15394371747970581,0.20758214592933649,0.1742848455905914,0.5258362889289856
4741_01,3,0.98118102550506603,0.97940224409103405,0.98318254947662365,0.97303318977355957
4741_02,3,0.99601626396179199,0.99559545516967762,0.99618309736251842,0.99841988086700439
4741_03,3,0.9876469373703004,0.98980188369750977,0.98795241117477417,0.99580204486846924
4743_01,1,0.95643186569213878,0.97120314836502075,0.96387392282485962,0.99287807941436756
4744_01,2,0.95199143886566162,0.94971847534179676,0.95769906044006359,0.97567683458328236
4744_02,2,0.99797898530960083,0.99821245670318604,0.99800264835357677,0.99739724397659302
4746_01,5,0.82050645351409912,0.6997418999671936,0.83035510778427124,0.80200272798538208
4748_01,3,0.41865712404251099,0.32523122429847717,0.31714820861816401,0.36563336849212641
4750_01,3,0.1530844569206237,0.19609338045120239,0.16831204295158381,0.22377666831016541
4750_02,3,0.080084763467311804,0.078128196299075997,0.0535972267389297,0.079918980598449693
4752_01,3,0.36454424262046808,0.41418743133544922,0.3843994140625,0.4679312109947204
4753_01,5,0.62158209085464478,0.56887513399124146,0.62470078468322754,0.75965893268585205
4754_01,5,0.43312469124794001,0.13189426064491269,0.16459858417510981,0.11229748278856271
4755_01,4,0.9969683289527892,0.99604052305221558,0.99600708484649658,0.99875235557556163
4756_01,3,0.99962019920349121,0.99951535463333119,0.99964731931686401,0.99987542629241943
4756_02,3,0.99963337182998657,0.99950683116912842,0.99962025880813599,0.99989259243011475
4757_01,3,0.063375927507877294,0.073707416653633104,0.056666113436222,0.068301603198051397
4758_01,1,0.1285609155893325,0.1211161687970161,0.1168234050273895,0.17089696228504181
4759_01,4,0.48692220449447632,0.38017666339874268,0.40171772241592407,0.27994540333747858
4762_01,2,0.99550098180770885,0.99798643589019775,0.99548226594924916,0.99780750274658203
4763_01,5,0.40853351354598999,0.41276177763938898,0.4215514063835144,0.41283941268920898
4764_01,4,0.63261455297470093,0.98645120859146118,0.97770529985427856,0.93569076061248779
4769_01,2,0.92402762174606323,0.93699324131011963,0.93142557144165039,0.93169915676116943
4770_01,4,0.9565645456314088,0.96090710163116455,0.93595659732818604,0.99133431911468517
4770_02,4,0.88230198621749878,0.88286888599395752,0.88504505157470703,0.91436302661895763
4772_01,3,0.16494068503379819,0.17641878128051749,0.16448424756526939,0.098199561238288796
4773_01,2,0.5808408260345459,0.52631717920303345,0.5902402400970459,0.45556640625
4774_01,5,0.99413692951202404,0.99324595928192139,0.99602121114730835,0.99173337221145641
4774_02,5,0.99616396427154541,0.99475526809692383,0.9973500370979308,0.9928649663925172
4774_03,5,0.062704108655452701,0.090603195130825001,0.077251911163329995,0.1736385822296142
4774_04,5,0.99650114774703979,0.99501341581344604,0.99738717079162598,0.99300098419189442
4775_01,3,0.9239872694015504,0.91839677095413197,0.92573481798171997,0.8883967399597168
4777_01,1,0.925245761871338,0.93339669704437256,0.92618298530578602,0.90122985839843761
4778_01,5,0.31827628612518311,0.30729135870933533,0.36142835021018982,0.38427734375
4780_01,3,0.0173385050147771,0.0090682394802569996,0.0062154149636626001,0.0068848663941024997
4780_02,3,0.50059747695922852,0.48866739869117731,0.4986885786056518,0.42741900682449341
4782_01,4,0.99091386795043956,0.98817217350006104,0.98788428306579601,0.98961299657821655
4782_02,4,0.064538441598415305,0.0519814901053905,0.057679772377014098,0.030213631689548399
4782_03,4,0.0764336287975311,0.0720255672931671,0.059160761535167597,0.057373143732547698
4782_04,4,0.99973905086517323,0.99976533651351918,0.99984073638916016,0.99984025955200195
4782_05,4,0.0004116463533136,0.00019642314873630001,0.00016256487288040001,0.00011237158469149999
4783_01,2,0.2039289772510528,0.20860376954078669,0.19607922434806821,0.2333473712205886
4784_01,4,0.99974215030670155,0.99976348876953125,0.99982064962387085,0.99991130828857422
4785_01,1,0.98870235681533802,0.98820227384567261,0.98615413904190063,0.9896479845046996
4786_01,1,0.95088684558868397,0.94229972362518322,0.94476336240768444,0.96980774402618397
4787_01,5,0.26295956969261169,0.20847214758396149,0.19767756760120389,0.17827323079109189
4788_01,5,0.35298982262611389,0.3552297055721283,0.35195118188858032,0.31568780541419977
4790_01,1,0.78262895345687866,0.7406272292137146,0.76192480325698853,0.7053942084312439
4791_01,2,0.63462996482849121,0.67626070976257324,0.63855421543121338,0.69490516185760498
4792_01,3,0.98338139057159424,0.97991424798965443,0.98033320903778076,0.98345184326171875
4793_01,4,0.0221682768315076,0.017817731946706699,0.010991949588060299,0.0058422847650944996
4793_02,4,0.99666178226470958,0.9971475601196288,0.99641519784927357,0.99875146150589
4794_01,1,0.1154717355966568,0.13136467337608329,0.095281481742858803,0.11705777049064631
4795_01,2,0.93034130334854115,0.95111501216888439,0.93715763092041016,0.91826891899108876
4796_01,2,0.62339186668395996,0.63193535804748535,0.6260831356048584,0.7119140625
4796_02,2,0.61911708116531372,0.63991844654083252,0.60603946447372437,0.58934962749481201
4797_01,1,0.95298326015472401,0.96610498428344715,0.95926272869110119,0.94965183734893799
4798_01,3,0.97868072986602783,0.97796607017517079,0.9818274974822998,0.9694678783416748
4798_02,3,0.9955505132675172,0.99688547849655162,0.99607598781585682,0.99866592884063721
4798_03,3,0.99620103836059559,0.99776184558868397,0.9965970516204834,0.99926948547363281
4801_01,1,0.47843790054321289,0.47195670008659357,0.4995430707931518,0.41789880394935608
4803_01,4,0.1375594288110733,0.1589227020740509,0.14690703153610229,0.20029711723327631
4804_01,4,0.45314186811447138,0.40892085433006281,0.40843683481216431,0.52545642852783203
4804_02,4,0.81165742874145508,0.84762728214263916,0.81369209289550781,0.8214336633682251
4804_03,4,0.9466131329536438,0.95663094520568837,0.94670093059539795,0.96224051713943481
4807_01,3,0.040691189467906903,0.030736081302165898,0.0252227187156677,0.012071374803781501
4808_01,4,0.10842381417751309,0.0841126069426536,0.0955046266317367,0.1049003303050994
4810_01,2,0.123176634311676,0.12541262805461881,0.1158580780029296,0.15635119378566739
4813_01,4,0.99989110231399536,0.99987369775772095,0.99991649389266957,0.99970775842666637
4814_01,1,0.95770341157913197,0.96738541126251221,0.95948028564453125,0.94594478607177723
4815_01,1,0.84855556488037109,0.82297152280807495,0.85379177331924438,0.82456213235855103
4817_01,3,0.20665185153484339,0.26268506050109858,0.24295073747634879,0.30231991410255432
4818_01,4,0.38120630383491511,0.38535937666893,0.39733466506004328,0.39079105854034418
4819_01,1,0.99081146717071522,0.99203509092330922,0.99009668827056885,0.99617171287536621
4822_01,1,0.9949573278427124,0.99495339393615723,0.99599289894104004,0.99773895740509044
4822_02,1,0.99319696426391602,0.99494117498397838,0.99335604906082164,0.99784171581268322
4822_03,1,0.95549273490905762,0.96566587686538696,0.94967299699783325,0.98134344816207875
4822_04,1,0.992822766304016,0.99447703361511242,0.99226659536361683,0.99857276678085316
4823_01,4,0.1194193065166473,0.121243268251419,0.1058477386832237,0.072553105652332306
4827_01,1,0.94700586795806885,0.95322960615158081,0.95208042860031117,0.94558632373809803
4828_01,3,0.19753293693065641,0.4786282479763031,0.47875943779945368,0.85004568099975586
4829_01,5,0.1415666937828064,0.16067257523536679,0.12166782468557349,0.12985861301422119
4830_01,2,0.18159116804599759,0.2378877103328704,0.16954302787780759,0.19271752238273621
4831_01,3,0.98865640163421642,0.98434406518936157,0.98874819278717041,0.98357492685318004
4832_01,5,0.2525635957717895,0.16744217276573181,0.13054554164409629,0.13766494393348691
4836_01,5,0.96468496322631836,0.97050553560256958,0.96698194742202759,0.97464507818222035
4836_02,5,0.99012786149978638,0.98656058311462402,0.98376703262329102,0.99936264753341675
4837_01,4,0.98855054378509521,0.98148941993713379,0.99189412593841564,0.9946659803390504
4838_01,3,0.54970180988311768,0.49542826414108271,0.5161902904510498,0.50745105743408203
4840_01,2,0.99640196561813354,0.99344247579574585,0.99738061428070079,0.99772691726684559
4841_01,4,0.99983131885528564,0.99983447790145885,0.99986690282821655,0.99989944696426403
4841_02,4,0.36434519290924072,0.42591843008995051,0.41987788677215571,0.37141621112823481
4841_03,4,0.0001114689948735,5.8714293118100613e-05,4.8724385123932734e-05,4.4641892600338906e-05
4842_01,1,0.045218948274850797,0.077585451304912498,0.043682515621185303,0.080282956361770602
4845_01,1,0.9821162223815918,0.97843891382217396,0.97973507642745961,0.98660993576049805
4846_01,2,0.048072479665279298,0.032705541700124699,0.040613573044538498,0.0141601394861936
4846_02,2,0.93752622604370117,0.96212291717529297,0.94749367237091064,0.96692252159118641
4847_01,4,0.96122086048126221,0.9560692310333252,0.97883331775665283,0.98188400268554676
4848_01,5,0.1166250109672546,0.106372594833374,0.082896351814270006,0.096292600035667406
4850_01,1,0.28865224123001099,0.34079760313034058,0.2366730272769928,0.1859168261289596
4850_02,1,0.57546675205230713,0.59135234355926514,0.61475789546966553,0.4417477548122406
4851_01,4,0.96860551834106445,0.96065032482147217,0.9693152904510498,0.99316769838333119
4853_01,5,0.0360437892377376,0.045992325991392101,0.040834330022334997,0.094322368502616799
4856_01,3,0.49539738893508911,0.38647651672363281,0.47896736860275269,0.31624516844749451
4857_01,3,0.2250725030899047,0.21420398354530329,0.21722300350666041,0.15706260502338409
4862_01,1,0.7131689190864563,0.7369312047958374,0.67942339181900024,0.69954538345336914
4863_01,4,0.076852425932884202,0.097625851631164495,0.083359330892562797,0.1024229750037193
4864_01,3,0.068944163620471899,0.052615672349929803,0.060689456760883297,0.020869044587016099
4866_01,4,0.99361163377761841,0.98794806003570557,0.98437917232513439,0.99859172105789185
4868_01,1,0.47727802395820618,0.48295533657073969,0.45030862092971802,0.51318359375
4870_01,5,0.13363763689994809,0.14952211081981659,0.14750614762306211,0.17660877108573911
4871_01,2,0.74020266532897949,0.70563524961471558,0.72888916730880737,0.79180049896240234
4873_01,1,0.34964901208877558,0.36212542653083801,0.35324648022651672,0.40273579955101008
4874_01,5,0.74218404293060303,0.77004987001419067,0.6752353310585022,0.91297084093093883
4874_02,5,0.99952608346939076,0.99901974201202404,0.99967920780181885,0.99918067455291759
4875_01,3,0.78688424825668335,0.82319921255111694,0.84794771671295166,0.83784091472625732
4876_01,2,0.24332314729690549,0.3230020403861999,0.23510611057281491,0.36849755048751831
4878_01,3,0.2336534857749939,0.25530809164047241,0.21014484763145441,0.197021484375
4879_01,4,0.1187401637434959,0.1137416213750839,0.11512589454650871,0.0586665868759155
4880_01,4,0.085407614707946694,0.1274405568838119,0.1085955500602722,0.104900375008583
4881_01,3,0.52540630102157593,0.52259916067123413,0.51747334003448486,0.50470048189163208
4882_01,1,0.33199086785316467,0.32594788074493408,0.32619106769561768,0.27960926294326782
4883_01,1,0.61456757783889771,0.61716556549072266,0.6026114821434021,0.611083984375
4884_01,2,0.52985942363739014,0.55163741111755371,0.51756268739700317,0.53564453125
4885_01,4,0.50602513551712036,0.51830673217773438,0.53104990720748901,0.62158203125
4886_01,1,0.23984715342521659,0.26194673776626581,0.1801281124353408,0.24030552804470059
4887_01,1,0.39040160179138178,0.35587465763092041,0.33852270245552057,0.20854377746582031
4888_01,4,0.99976152181625355,0.99959623813629161,0.99980545043945324,0.99969995021820079
4889_01,4,0.36161291599273682,0.3390528261661529,0.4029709100723266,0.3480729460716247
4890_01,1,0.81441617012023926,0.8686598539352417,0.86652910709381104,0.798927903175354
4890_02,1,0.97157800197601318,0.9861966371536256,0.97012120485305797,0.99103271961212158
4891_01,1,0.99893563985824585,0.99893862009048462,0.99898511171340942,0.99917709827423096
4891_02,1,0.99967485666275024,0.99964600801467896,0.99968600273132324,0.99967116117477417
4892_01,3,0.083198815584182698,0.059092335402965497,0.045721013098955099,0.033736068755388197
4893_01,4,0.98647558689117443,0.99100005626678478,0.98777478933334362,0.9975053071975708
4895_01,1,0.83326464891433716,0.84809666872024536,0.83526676893234253,0.85658371448516846
4896_01,3,0.4680899977684021,0.47740074992179871,0.46484267711639399,0.44646486639976501
4897_01,3,0.026055347174406,0.030322985723614599,0.024042468518018702,0.025560565292835201
4898_01,2,0.4139978289604187,0.46902909874916071,0.39065548777580261,0.5765070915222168
4899_01,2,0.95614314079284679,0.97179162502288818,0.96570336818695079,0.96479260921478283
4899_02,2,0.95350563526153564,0.96893304586410522,0.95690518617630005,0.96644806861877441
4900_01,5,0.10940861701965331,0.1026805564761161,0.063604362308979007,0.076923079788684803
4901_01,3,0.44857260584831238,0.38840612769126892,0.41530540585517878,0.34822955727577209
4901_02,3,0.056866344064474099,0.037083432078361497,0.027829082682728701,0.010648800991475501
4902_01,3,0.46971035003662109,0.49684157967567438,0.47921234369277949,0.50878691673278809
4903_01,5,0.032495129853487001,0.032454356551170301,0.044732924550771699,0.020510360598564099
4904_01,2,0.047142978757619802,0.031349658966064398,0.041232738643884603,0.0128157380968332
4909_01,1,0.24709829688072199,0.25758063793182367,0.25124400854110718,0.25211092829704279
4910_01,1,0.018745288252830498,0.016936697065830199,0.026736577972769699,0.0046406234614550998
4911_01,3,0.091129966080188696,0.065218962728977203,0.051238283514976501,0.041246078908443402
4912_01,2,0.059110708534717497,0.033120281994342797,0.056838352233171401,0.0306508392095565
4912_02,2,0.9979398250579834,0.99897718429565441,0.99778389930725098,0.99857479333877563
4913_01,3,0.1068989634513855,0.093625731766223894,0.12144506722688669,0.1457540690898895
4915_01,1,0.68214976787567139,0.69400924444198608,0.67710477113723755,0.692626953125
4916_01,3,0.989601731300354,0.98645293712615956,0.98950070142745961,0.98688745498657238
4917_01,1,0.99009251594543457,0.99499964714050282,0.99266469478607178,0.99651128053665161
4918_01,5,0.71058976650238037,0.71259689331054688,0.723990797996521,0.72933608293533325
4920_01,1,0.97305011749267578,0.97763115167617798,0.97334665060043324,0.96770596504211437
4923_01,2,0.99943029880523682,0.99963104724884044,0.99963963031768799,0.99977159500122081
4923_02,2,0.99940967559814442,0.99961137771606445,0.99958747625350963,0.99974733591079723
4923_03,2,0.95852905511856079,0.96307545900344838,0.94168496131896962,0.96617627143859863
4924_01,5,0.25689578056335449,0.28230941295623779,0.2305423021316528,0.22220897674560541
4925_01,3,0.9966224431991576,0.99535572528839122,0.99465548992156982,0.99676811695098877
4927_01,1,0.99827873706817638,0.99903208017349243,0.99912655353546143,0.99963432550430298
4927_02,1,0.99931901693344116,0.99945110082626343,0.99961900711059559,0.99969577789306641
4927_03,1,0.94246578216552723,0.94286525249481201,0.9668905735015868,0.95757961273193359
4927_04,1,0.99899369478225719,0.99939054250717163,0.99942255020141602,0.99978393316268921
4929_01,2,0.99890804290771484,0.99929952621459961,0.99873882532119762,0.99910110235214245
4930_01,1,0.98431628942489624,0.98562818765640259,0.9837680459022522,0.99207586050033558
4930_02,1,0.99637842178344715,0.99775213003158558,0.99635547399520885,0.99819678068161
4932_01,4,0.19629994034767151,0.21791315078735349,0.1889300048351287,0.1826168000698089
4932_02,4,0.99804604053497314,0.99789917469024658,0.99791884422302235,0.99887895584106445
4933_01,2,0.99882030487060558,0.999253749847412,0.99910110235214245,0.99959981441497803
4933_02,2,0.19003720581531519,0.1389419287443161,0.1658549010753631,0.096173897385597201
4933_03,2,0.097846545279026004,0.086834400892257593,0.088626772165298406,0.081872373819351196
4933_04,2,0.99954593181610119,0.99970018863677979,0.99971300363540638,0.99984514713287365
4934_01,4,0.084429144859313895,0.096626043319702107,0.097044125199317904,0.053351696580648401
4937_01,5,0.4286978542804718,0.35132205486297607,0.40605700016021729,0.541015625
4938_01,4,0.99347913265228283,0.99569261074066162,0.99064910411834717,0.99887382984161377
4939_01,3,0.96345734596252441,0.96224892139434803,0.96379750967025757,0.97595673799514759
4940_01,3,0.99017453193664562,0.98768651485443115,0.98463022708892822,0.99132454395294201
4941_01,4,0.1610493659973144,0.18376404047012329,0.1783452033996582,0.20879533886909479
4942_01,2,0.95908784866332997,0.97410547733306885,0.96689653396606445,0.97230947017669678
4942_02,2,0.97412240505218517,0.98313361406326283,0.97931236028671265,0.9833073616027832
4943_01,3,0.98857349157333363,0.97949969768524159,0.98808276653289795,0.97919362783431996
4944_01,3,0.88278412818908691,0.92570877075195324,0.90743684768676758,0.95260882377624523
4944_02,3,0.085632920265197698,0.086779691278934395,0.058826036751270197,0.032744631171226501
4944_03,3,0.1105810105800628,0.11466538906097409,0.075729757547378498,0.12611402571201319
4945_01,4,0.62597924470901489,0.64164406061172485,0.61136537790298462,0.59626328945159912
4946_01,2,0.5255126953125,0.54252529144287109,0.54013895988464355,0.51642036437988281
4950_01,1,0.69004058837890625,0.71260744333267212,0.67989218235015869,0.71126872301101685
4951_01,4,0.60682839155197144,0.64420455694198608,0.60275804996490479,0.7487328052520752
4952_01,1,0.99938845634460438,0.99945867061615001,0.99962979555130005,0.99968123435974121
4954_01,3,0.93737143278121959,0.95254456996917725,0.92960619926452637,0.93569064140319824
4956_01,2,0.97994196414947521,0.98651993274688721,0.98282700777053844,0.98577952384948719
4958_01,2,0.65126115083694458,0.62367379665374756,0.62074553966522217,0.5743786096572876
4961_01,2,0.29104113578796381,0.28686591982841492,0.27137881517410278,0.25415042042732239
4963_01,1,0.96900159120559681,0.96747571229934681,0.97513949871063244,0.96831345558166504
4964_01,3,0.042722512036561897,0.029524726793169899,0.031015209853649101,0.0204779468476772
4965_01,4,0.38390710949897761,0.36663818359375,0.35844025015830988,0.36857637763023371
4970_01,3,0.2542725801467895,0.2426815927028656,0.20252278447151181,0.083901569247245705
4972_01,4,0.99413359165191639,0.99255907535552979,0.99210560321807861,0.99328607320785522
4973_01,3,0.041531566530466003,0.017891006544232299,0.0091103333979844995,0.0034502861090004002
4973_02,3,0.70843505859375,0.69072699546813965,0.69805902242660522,0.6847308874130249
4974_01,2,0.00024409429170190001,0.00021212187129999999,0.00020905499695800001,0.0001075149775715
4974_02,2,0.9934920072555542,0.99204820394516002,0.99353289604187001,0.99348604679107677
4975_01,4,0.97342729568481445,0.98030644655227661,0.97481042146682739,0.9895208477973938
4975_02,4,0.84633505344390869,0.87082439661026001,0.86500430107116699,0.8454282283782959
4975_03,4,0.97109150886535645,0.96968221664428722,0.9703158736228944,0.9767916202545166
4977_01,2,0.98922568559646595,0.97923505306243896,0.98931384086608876,0.96520698070526123
4977_02,2,0.1003743708133697,0.076730862259864793,0.095265150070190402,0.042068276554346001
4978_01,5,0.4494714736938476,0.35921221971511841,0.37364065647125239,0.26687732338905329
4979_01,4,0.63143271207809448,0.63071626424789429,0.61386752128601074,0.597900390625
4980_01,4,0.088652357459068298,0.1020644754171371,0.083145514130592305,0.054011717438697801
4980_02,4,0.47873467206954951,0.48574087023735041,0.45703157782554621,0.418701171875
4980_03,4,0.4453321099281311,0.4763338565826416,0.43519222736358643,0.48455268144607538
4981_01,3,0.98817217350006104,0.98202931880950917,0.98603379726409923,0.98258775472641002
4981_02,3,0.97438806295394897,0.97176653146743763,0.97057896852493275,0.96331095695495605
4981_03,3,0.4068023264408111,0.33123689889907831,0.30141428112983698,0.32511556148529053
4983_01,4,0.123562604188919,0.12128490209579459,0.1032243072986602,0.070365279912948595
4987_01,5,0.64398157596588135,0.52175474166870117,0.57230395078659058,0.6395571231842041
4989_01,3,0.032601661980152102,0.041088216006755801,0.017608297988772299,0.0101677309721708
4990_01,4,0.99095988273620605,0.9893377423286438,0.99178373813629161,0.98910045623779297
4991_01,4,0.13372805714607239,0.138017863035202,0.12599083781242371,0.1493065655231475
4992_01,4,0.1455337703227996,0.1727155447006225,0.1554705798625946,0.1354178190231323
4995_01,4,0.23112532496452329,0.33759090304374689,0.3029552698135376,0.97411692142486561
4996_01,3,0.99935036897659302,0.99932414293289185,0.99945729970931996,0.99979501962661743
4997_01,5,0.98009449243545521,0.99019181728363037,0.98336941003799438,0.99007880687713623
4998_01,3,0.99188894033431996,0.98841047286987305,0.98700547218322765,0.9916236400604248
4999_01,4,0.11819197237491599,0.12608560919761649,0.11237722635269159,0.21303859353065491
5000_01,2,0.52125668525695801,0.54145914316177368,0.53607022762298584,0.51202505826950073
5003_01,4,0.58207732439041138,0.60555016994476318,0.56422543525695801,0.60073256492614746
5004_01,2,0.9614185094833374,0.97614407539367676,0.96214884519577037,0.98147511482238758
5005_01,1,0.1391681432723999,0.16895803809165949,0.1398774981498718,0.1658596396446228
5006_01,1,0.98291796445846558,0.98964273929595958,0.98503684997558605,0.99468421936035156
5006_02,1,0.99442464113235485,0.99405747652053844,0.99364382028579723,0.99562162160873402
5006_03,1,0.013643478974699899,0.0043316558003425,0.0099934609606861999,0.0073383469134569003
5007_01,2,0.29441389441490168,0.27499407529830933,0.27191784977912897,0.21606272459030151
5008_01,1,0.99936074018478405,0.99945348501205444,0.99961560964584362,0.99966359138488758
5009_01,5,0.99047094583511364,0.99028968811035156,0.99172478914260864,0.98844248056411743
5010_01,2,0.12802399694919581,0.1120962873101234,0.10552963614463801,0.11648831516504279
5012_01,3,0.72739392518997192,0.72509181499481201,0.72418320178985596,0.72607421875
5013_01,1,0.99735850095748901,0.9985395073890686,0.99715656042098999,0.99941730499267578
5014_01,5,0.1553139984607696,0.16216304898262021,0.12514540553092951,0.15473166108131409
5014_02,5,0.99604898691177357,0.99424350261688244,0.99719417095184315,0.99189597368240356
5015_01,1,0.0010070676216854999,0.00060255377320570002,0.0004235610831528,0.00022159659420140001
5016_01,4,0.15938541293144221,0.16938400268554679,0.16830852627754209,0.41033157706260681
5017_01,1,0.9993734359741212,0.99943721294403076,0.99960958957672119,0.99964797496795643
5018_01,3,0.63509124517440796,0.64477753639221191,0.63527333736419678,0.637939453125
5019_01,4,0.40036413073539728,0.25230234861373901,0.32937058806419373,0.25332102179527283
5020_01,2,0.71234816312789917,0.60554593801498413,0.66127443313598633,0.6630859375
5021_01,3,0.87348902225494385,0.93869155645370483,0.87452489137649536,0.95473188161849976
5023_01,5,0.1130714043974876,0.12781648337841031,0.10375816375017161,0.0999910533428192
5025_01,2,0.15193770825862879,0.1303782314062118,0.14327527582645411,0.093883536756038596
5027_01,4,0.54909324645996094,0.50609380006790161,0.50772374868392944,0.55851709842681885
5028_01,1,0.0008667664369568,0.00040403933962800001,0.00029117090161880001,0.00021161581389600001
5032_01,2,0.99275714159011841,0.99327373504638683,0.99469339847564697,0.99418377876281738
5034_01,5,0.0049913763068616,0.0017486279830336,0.0021244168747215999,0.00022232109040480001
5035_01,3,0.99564296007156361,0.99175626039505005,0.9922391176223756,0.99476826190948475
5036_01,2,0.63374888896942139,0.6223563551902771,0.63460266590118408,0.5858687162399292
5036_02,2,0.1710916459560394,0.17544502019882199,0.13141494989395139,0.26137170195579529
5039_01,5,0.013420023955404699,0.015171949751675099,0.0107753053307533,0.010175839066505399
5039_02,5,0.99904942512512196,0.99819463491439819,0.99946260452270519,0.9977894425392152
5039_03,5,0.20534509420394889,0.2623734176158905,0.2122873961925506,0.37786662578582758
5039_04,5,0.24408985674381251,0.2874531745910644,0.21602240204811091,0.36572265625
5040_01,4,0.055348761379718697,0.023447377607226299,0.034193739295005798,0.011660356074571601
5040_02,4,0.00073850172339000005,0.00035296718124299998,0.00025272893253710003,0.00014439702499650001
5042_01,4,0.1251284033060073,0.12437160313129419,0.12190200388431539,0.12959021329879761
5044_01,5,0.95070010423660278,0.90282642841339122,0.92880123853683483,0.97271090745925903
5044_02,5,0.99280273914337158,0.99148762226104736,0.99274075031280518,0.99558639526367199
5048_01,2,0.21512357890605921,0.26877760887145991,0.2009643018245697,0.2626484334468841
5050_01,5,0.18051886558532709,0.16757798194885251,0.10633610188961019,0.1310029923915863
5051_01,1,0.055913634598255102,0.053802680224180201,0.035442598164081497,0.065616697072982705
5052_01,2,0.99939495325088501,0.99960118532180797,0.9995710849761964,0.99976706504821777
5052_02,2,0.98305249214172363,0.98911815881729115,0.9866732954978944,0.99312031269073475
5057_01,2,0.80306392908096313,0.79190528392791748,0.79504382610321045,0.77357852458953857
5058_01,5,0.99878430366516124,0.99758797883987438,0.99919581413269043,0.99738341569900524
5058_02,5,0.1288599222898483,0.14399459958076469,0.086984999477863298,0.1295007914304733
5058_03,5,0.99947148561477661,0.9988781213760376,0.99966394901275635,0.99898797273635864
5059_01,1,0.12563018500804901,0.12822806835174561,0.11094531416893,0.1223354265093803
5060_01,5,0.99568462371826161,0.9969809055328368,0.99708551168441761,0.99649459123611439
5060_02,5,0.98790252208709717,0.9938870668411256,0.99078166484832764,0.994456946849823
5060_03,5,0.1712893545627594,0.30910617113113398,0.26550853252410889,0.63680320978164673
5060_04,5,0.0001145052519859,7.5288677180651575e-05,5.5182455980684608e-05,3.9993112295633182e-05
5061_01,3,0.99921196699142456,0.99893057346344005,0.99917781352996837,0.99960118532180797
5061_02,3,0.99988782405853283,0.99991196393966675,0.999927818775177,0.99996006488800038
5062_01,4,0.11195015907287589,0.0232852362096309,0.026423091068863799,0.019760891795158299
5063_01,5,0.99442285299301159,0.98464035987854004,0.98741239309310924,0.99018090963363636
5064_01,5,0.00082315743202340005,0.00040644482942289999,0.00046303312410600001,5.2598265028791502e-05
5065_01,2,0.99645060300827037,0.99741894006729115,0.9975801706314088,0.99781322479248036
5065_02,2,0.086107075214385903,0.062947958707809407,0.071758233010768793,0.033935330808162599
5067_01,4,0.98639875650405884,0.98068791627883922,0.98276507854461681,0.99454498291015625
5068_01,1,0.68514275550842285,0.65389764308929443,0.72448897361755371,0.5693359375
5069_01,2,0.29795175790786738,0.26841101050376892,0.29352766275405878,0.2338382750749588
5070_01,3,0.83476066589355469,0.82630318403244019,0.83254855871200562,0.84868353605270386
5072_01,3,0.39707708358764648,0.45675313472747803,0.40672117471694941,0.4462890625
5072_02,3,0.81823861598968506,0.81568610668182373,0.81745743751525879,0.80659162998199463
5073_01,5,0.99671483039855957,0.99564635753631603,0.99724185466766357,0.99422734975814819
5074_01,3,0.0103325154632329,0.0089875869452952992,0.0062605421990156,0.0060262689366935998
5076_01,4,0.00057223293697460001,0.00044558692025019998,0.00017195455438920001,0.00019336779951109999
5080_01,1,0.52705591917037964,0.51411807537078857,0.42102518677711481,0.57111704349517822
5083_01,1,0.56474184989929199,0.59655708074569702,0.56407648324966431,0.59455609321594238
5084_01,2,0.98255079984664917,0.98244398832321156,0.98499679565429676,0.98249304294586182
5084_02,2,0.0013755926629528,0.00062663311837240002,0.00066453008912500001,0.00048364678514190002
5085_01,5,0.98337829113006603,0.97632867097854603,0.97568011283874523,0.99678003787994385
5087_01,5,0.053628977388143498,0.049678098410367903,0.070138320326805101,0.038278989493846803
5088_01,5,0.054619397968053797,0.073192059993743896,0.052711911499500198,0.25528189539909357
5089_01,2,0.0075021777302026003,0.0024468272458760998,0.0057981992140412001,0.0022647883743046999
5089_02,2,0.99457108974456798,0.9975285530090332,0.9937816858291626,0.99817395210266124
5090_01,2,0.48414424061775208,0.51999002695083618,0.48719817399978638,0.55318331718444824
5090_02,2,0.56247550249099731,0.59889543056488037,0.57297247648239136,0.62915098667144775
5090_03,2,0.43756446242332458,0.45790165662765497,0.4373770654201507,0.447509765625
5090_04,2,0.424969732761383,0.50564754009246826,0.4538846611976623,0.48406568169593811
5090_05,2,0.3200117945671081,0.12746691703796381,0.15437161922454831,0.065500333905220004
5090_06,2,0.38851058483123779,0.44866997003555298,0.3991658091545105,0.38574075698852539
5091_01,3,0.087335109710693304,0.066849194467067705,0.052528895437717403,0.042392022907733903
5093_01,5,0.00028143153758710001,0.00018008223560169999,0.0001150138559751,3.9993112295633182e-05
5095_01,4,0.99535894393920898,0.99429649114608765,0.99403965473175038,0.99819397926330555
5097_01,5,0.63482564687728882,0.62947636842727661,0.62727367877960205,0.6103515625
5097_02,5,0.77543890476226807,0.6891709566116333,0.75036489963531494,0.69970703125
5097_03,5,0.6442682147026062,0.67853152751922607,0.59815388917922974,0.72710239887237549
5103_01,1,0.94214516878128041,0.93385738134384155,0.93639826774597157,0.95158737897872925
5104_01,3,0.98077595233917236,0.97513818740844715,0.97443991899490356,0.97612607479095459
5105_01,5,0.63564300537109375,0.63606387376785278,0.63336008787155151,0.627197265625
5106_01,2,0.99509799480438244,0.99560540914535522,0.99622780084609996,0.99573111534118641
5108_01,1,0.79606842994689941,0.81030124425888062,0.78909951448440552,0.82045853137969971
5109_01,1,0.4267564713954925,0.4409446120262146,0.52996128797531128,0.57793521881103516
5111_01,4,0.0018966075731440999,0.0010532153537496001,0.0012012094957754001,0.00019501194765320001
5111_02,4,0.00074730673804870005,0.00028950010892000002,0.0002712684799917,6.7199303884990513e-05
5111_03,4,0.042513698339462197,0.036850355565547901,0.047071173787116997,0.0155574483796954
5112_01,3,0.9996703267097472,0.99959397315979004,0.99969744682312001,0.99991846084594715
5112_02,3,0.9997020959854126,0.99960070848464955,0.99972599744796764,0.99990952014923096
5112_03,3,0.99955165386199962,0.99936264753341675,0.99956095218658436,0.99982607364654541
5115_01,5,0.99939626455306996,0.99868309497833241,0.99938833713531483,0.99888509511947643
5115_02,5,0.99979758262634277,0.99938911199569702,0.99983906745910645,0.99953132867813121
5116_01,1,0.99913573265075684,0.99931108951568604,0.99953722953796398,0.99957168102264404
5116_02,1,0.99892431497573841,0.99918049573898315,0.99944984912872314,0.99964356422424316
5120_01,3,0.14288774132728571,0.080851778388023293,0.14893722534179679,0.074705347418785095
5122_01,5,0.98803269863128662,0.98323404788970958,0.98644775152206421,0.99856597185134877
5124_01,4,0.13222867250442499,0.1517856419086456,0.1248306259512901,0.211669921875
5125_01,4,0.43214896321296692,0.48844757676124573,0.54559272527694702,0.52392578125
5126_01,1,0.99974322319030762,0.99971193075180043,0.99974560737609863,0.99975848197937001
5127_01,4,0.92338496446609497,0.93381285667419445,0.93969589471817017,0.94146329164505005
5127_02,4,0.048116378486156401,0.056590735912322998,0.038001544773578602,0.091337628662586198
5128_01,1,0.57713216543197632,0.59997355937957764,0.65057051181793213,0.6162109375
5128_02,1,0.98833298683166504,0.99082589149475098,0.98840808868408203,0.99466311931610119
5129_01,2,0.51678508520126343,0.5467216968536377,0.5322718620300293,0.51935184001922607
5130_01,1,0.99107426404953003,0.99006217718124401,0.99166661500930797,0.99277418851852417
5132_01,3,0.0184928923845291,0.0202783793210983,0.014606324955821001,0.0094530703499913007
5133_01,1,0.76983636617660522,0.83564221858978271,0.79023480415344238,0.86061841249465942
5133_02,1,0.66676616668701172,0.71624809503555298,0.66188567876815796,0.705810546875
5133_03,1,0.69553720951080322,0.72374570369720459,0.68125247955322266,0.707763671875
5133_04,1,0.24567040801048279,0.2982789278030395,0.21699295938014981,0.2757020890712738
5133_05,1,0.40623235702514648,0.50093090534210205,0.39636281132698059,0.56305605173110962
5133_06,1,0.76144838333129883,0.80808019638061523,0.75050902366638184,0.81556987762451172
5133_07,1,0.14470179378986359,0.11874841153621669,0.1141442954540252,0.093541808426380102
5133_08,1,0.13128757476806641,0.1321206241846084,0.099547401070594704,0.1105160862207412
5136_01,5,0.37602302432060242,0.28631129860877991,0.26238963007926941,0.2306201159954071
5137_01,3,0.97639852762222279,0.9682544469833374,0.97183674573898315,0.96539175510406483
5138_01,5,0.93058818578720082,0.94836717844009399,0.95221364498138439,0.98718845844268799
5140_01,4,0.9963052272796632,0.99418687820434559,0.99572873115539562,0.99765145778655995
5142_01,3,0.98900699615478516,0.98958420753479004,0.99009144306182861,0.99574601650238037
5142_02,3,0.061728164553642197,0.049464259296655599,0.064316771924495697,0.041985183954238801
5142_03,3,0.98762959241867077,0.98646152019500721,0.98791944980621338,0.98580974340438843
5142_04,3,0.99123984575271595,0.99177026748657238,0.99199074506759644,0.99733525514602661
5144_01,3,0.50262463092803955,0.51704764366149902,0.51113909482955933,0.51916640996932983
5145_01,4,0.99610060453414917,0.99323201179504395,0.99520903825759877,0.99807345867156982
5146_01,2,0.99414360523223877,0.99337959289550781,0.99387097358703602,0.99251669645309437
5148_01,2,0.14055769145488739,0.12711964547634119,0.11890172958374021,0.16591379046440119
5148_02,2,0.70821774005889893,0.73726415634155273,0.71158993244171143,0.71524477005004883
5151_01,1,0.99245625734329224,0.99348199367523204,0.99145412445068359,0.99670559167861938
5152_01,4,0.072451867163181305,0.099760159850120503,0.089628934860229395,0.1127122789621353
5154_01,5,0.062327183783054303,0.040608890354633297,0.064435176551341997,0.024311255663633301
5156_01,3,0.99951648712158203,0.99955278635025024,0.99956077337265004,0.9998856782913208
5156_02,3,0.86794161796569824,0.83019387722015381,0.85627663135528564,0.77817118167877197
5157_01,5,0.6876712441444397,0.6550668478012085,0.67606449127197266,0.70278596878051758
5158_01,4,0.14030730724334711,0.1427213847637176,0.15386503934860229,0.1236425265669822
5160_01,5,0.1391599178314209,0.15302181243896479,0.1014168336987495,0.13493603467941279
5161_01,4,0.99735808372497559,0.99790656566619884,0.99695038795471203,0.99799144268035878
5162_01,2,0.9995887279510498,0.99968832731246959,0.99970233440399159,0.999825119972229
5162_02,2,0.19847258925437919,0.19709548354148859,0.1839310079813003,0.20268622040748591
5163_01,4,0.76720547676086426,0.76418465375900269,0.80916339159011841,0.76493668556213379
5163_02,4,0.60256290435791016,0.99248534440994263,0.96613740921020519,0.99038928747177124
5165_01,2,0.87303638458251953,0.82950830459594727,0.86042064428329468,0.80966103076934814
5166_01,4,0.1838009357452392,0.18024742603301999,0.1535493582487106,0.31396484375
5167_01,4,0.26652431488037109,0.30813354253768921,0.36939013004302979,0.39020168781280518
5170_01,2,0.48231601715087891,0.45813152194023132,0.47131338715553278,0.37425422668457031
5171_01,1,0.55866134166717529,0.52580350637435913,0.48966106772422791,0.37550652027130121
5173_01,3,0.98735451698303223,0.98230725526809681,0.98683816194534302,0.98450279235839844
5174_01,3,0.99701982736587524,0.9958350658416748,0.99688708782196045,0.99670553207397461
5174_02,3,0.0001065383767127,7.8968703746795654e-05,4.8880814574658871e-05,4.088711648364552e-05
5175_01,3,0.0842276215553283,0.063490048050880404,0.052931003272533403,0.019094938412308599
5176_01,2,0.12803983688354489,0.081765122711658395,0.082019016146659796,0.043111175298690699
5177_01,3,0.97195512056350719,0.96377640962600719,0.96743494272232056,0.96572375297546398
5179_01,1,0.99560093879699718,0.99431669712066639,0.9938582181930542,0.99607378244400024
5180_01,1,0.74502933025360107,0.77114200592041016,0.73854601383209229,0.75956881046295166
5181_01,5,0.78605151176452637,0.8164178729057312,0.8487846851348877,0.86812108755111694
5182_01,3,0.4908745288848877,0.54045271873474121,0.49978607892990112,0.52868074178695679
5182_02,3,0.1230460405349731,0.1153937056660652,0.099296823143959004,0.050249230116605703
5184_01,1,0.51381188631057739,0.5476076602935791,0.50869929790496826,0.60219782590866089
5185_01,2,0.070238433778285897,0.061922200024127898,0.060241688042879098,0.056923732161521898
5186_01,5,0.37032157182693481,0.34454923868179321,0.33902114629745478,0.27942493557929993
5187_01,1,0.065051443874835899,0.081501767039298997,0.061813667416572501,0.11729942262172691
5188_01,4,0.13489300012588501,0.14915850758552551,0.13392642140388489,0.15606030821800229
5188_02,4,0.5048222541809082,0.56476742029190063,0.48182559013366699,0.51642060279846191
5188_03,4,0.51322847604751587,0.58219736814498901,0.49867081642150879,0.51502639055252075
5190_01,3,0.1212719082832336,0.080304764211177798,0.079139187932014396,0.048827804625034298
5192_01,4,0.99972212314605724,0.99965929985046398,0.99979090690612804,0.99986624717712402
5193_01,5,0.3565488457679748,0.32742255926132202,0.27455216646194458,0.318115234375
5194_01,3,0.96969878673553478,0.96380579471588124,0.97137826681137085,0.9679364562034608
5194_02,3,0.99841570854187001,0.99784666299819957,0.99835479259490956,0.99909061193466198
5196_01,1,0.54488831758499146,0.57462906837463379,0.54394960403442383,0.57941925525665283
5196_02,1,0.66214978694915771,0.67081761360168457,0.67789667844772339,0.69466567039489746
5197_01,2,0.55682915449142456,0.40386867523193359,0.43717414140701288,0.31494140625
5198_01,2,0.13921591639518729,0.121207557618618,0.13878050446510309,0.080782711505889795
5199_01,4,0.99547797441482544,0.99188637733459484,0.99190706014633179,0.99635398387908936
5201_01,2,0.13348644971847529,0.1190974116325378,0.116048589348793,0.12820513546466819
5202_01,1,0.72360563278198242,0.75999438762664795,0.72537201642990112,0.78852111101150513
5204_01,2,0.19418835639953611,0.159292846918106,0.19572663307189939,0.1024584174156189
5205_01,4,0.15156877040863029,0.1273677051067352,0.12948831915855399,0.078040838241577107
5205_02,4,0.93614012002944957,0.93673056364059437,0.95176315307617199,0.91979163885116577
5205_03,4,0.96742069721221924,0.95821398496627797,0.97084355354309082,0.97395890951156616
5206_01,5,0.74542713165283203,0.75029033422470093,0.75110900402069092,0.76239317655563354
5206_02,5,0.24747160077095029,0.2714006900787353,0.2447879612445831,0.21161985397338859
5206_03,5,0.1188971102237701,0.097972765564918504,0.068443834781646701,0.081706926226615906
5207_01,1,0.73653435707092285,0.70849323272705078,0.6397671103477478,0.58413660526275635
5207_02,1,0.25109314918518061,0.22826050221920011,0.24371561408042899,0.22334852814674369
5208_01,5,0.99602019786834717,0.99649512767791759,0.99704509973526001,0.99551701545715321
5208_02,5,0.00024937224225140002,0.0001533971517346,0.0001180376420961,3.9993112295633182e-05
5209_01,1,0.83702516555786133,0.82977330684661865,0.81601190567016602,0.79153203964233398
5210_01,1,0.67950630187988281,0.66337162256240845,0.66475152969360352,0.64851546287536621
5211_01,2,0.24060150980949399,0.23343788087368009,0.2258655428886413,0.13113266229629511
5213_01,2,0.59670627117156982,0.60351616144180298,0.58860397338867188,0.58701491355895996
5214_01,4,0.69498711824417114,0.668068528175354,0.68593728542327881,0.7035292387008667
5216_01,2,0.53917950391769409,0.5616457462310791,0.55122637748718262,0.53533363342285156
5217_01,2,0.99511170387268078,0.99453639984130859,0.99480348825454723,0.99394774436950684
5217_02,2,0.99603086709976196,0.99577170610427856,0.99550509452819824,0.99471050500869762
5218_01,4,0.0485422909259796,0.0510067641735076,0.033218998461961698,0.038218080997466999
5220_01,5,0.093639805912971497,0.089601427316665594,0.064842611551284707,0.092583261430263505
5221_01,3,0.32002708315849299,0.26598367094993591,0.2333981990814209,0.25507542490959167
5223_01,5,0.63442504405975342,0.7473909854888916,0.66979187726974487,0.71792906522750854
5223_02,5,0.99871546030044556,0.99720102548599243,0.99870860576629639,0.99788796901702881
5223_03,5,0.99931073188781738,0.99845260381698597,0.99957096576690685,0.99835294485092163
5224_01,1,0.1693425774574279,0.15777046978473661,0.1453209966421127,0.1507245004177093
5225_01,2,0.53007900714874268,0.54397201538085938,0.52316141128540039,0.5228877067565918
5226_01,5,0.99617141485214245,0.99498575925827037,0.99568414688110363,0.99732679128646839
5227_01,3,0.9971541166305542,0.99410808086395264,0.99520206451416016,0.9962153434753418
5229_01,2,0.065632060170173603,0.0697039514780044,0.064386859536170904,0.0166238155215978
5230_01,3,0.91798067092895519,0.90188193321228038,0.88804221153259277,0.93686938285827637
5234_01,1,0.60274410247802734,0.64967721700668335,0.62927216291427612,0.73428362607955933
5235_01,2,0.18729257583618161,0.27014610171318049,0.2110513746738433,0.24693882465362549
5236_01,5,0.40255612134933472,0.26318541169166559,0.32468622922897339,0.25225153565406799
5238_01,1,0.82206976413726807,0.83280026912689209,0.81720101833343506,0.84605121612548828
5239_01,3,0.99566650390625,0.99137103557586681,0.992942214012146,0.99342155456542958
5240_01,3,0.99621927738189697,0.99311888217926036,0.99379897117614757,0.99552947282791138
5242_01,3,0.99529898166656483,0.99200648069381725,0.99270778894424438,0.99361252784729004
5243_01,3,0.19899775087833399,0.1754944920539856,0.1864871084690094,0.17382811009883881
5243_02,3,0.9962136149406432,0.99339151382446278,0.99367928504943837,0.99467194080352783
5244_01,5,0.20755398273468009,0.1797231435775756,0.14846453070640561,0.1362572163343429
5246_01,3,0.48144489526748657,0.54901593923568726,0.492524653673172,0.51611328125
5246_02,3,0.43130725622177118,0.4164097905158996,0.41735485196113581,0.37851038575172419
5247_01,1,0.97554075717926036,0.9698547124862672,0.97425174713134755,0.97633731365203857
5248_01,5,0.59723746776580811,0.53849625587463379,0.48241209983825678,0.59138113260269165
5249_01,5,0.0279784183949232,0.012946678325533799,0.0150259220972657,0.012105353176593701
5250_01,3,0.99914830923080444,0.998954176902771,0.99931079149246216,0.99949824810028076
5251_01,4,0.45901921391487122,0.43585291504859919,0.43425619602203369,0.36546874046325678
5252_01,5,0.98961496353149403,0.97417664527893078,0.97727406024932861,0.99633222818374645
5253_01,3,0.88096767663955688,0.8635401725769043,0.89187771081924438,0.77224385738372803
5254_01,5,0.99879896640777599,0.99786257743835438,0.99897384643554676,0.99762105941772461
5254_02,5,0.99947524070739757,0.99870306253433239,0.9995710849761964,0.99874532222747803
5254_03,5,0.98002099990844715,0.989080250263214,0.9829918146133424,0.99000883102417003
5254_04,5,0.99749392271041881,0.99426907300949097,0.99765515327453602,0.99533879756927479
5255_01,1,0.999176025390625,0.9992963671684264,0.99942797422409058,0.99960035085678101
5256_01,5,0.1749269366264343,0.15367713570594779,0.19773635268211359,0.096109062433242798
5257_01,2,0.1186840683221817,0.11605566740036009,0.11580506712198251,0.1177296340465545
5258_01,5,0.72715425491333008,0.7373279333114624,0.71782773733139038,0.94031494855880737
5260_01,2,0.80958360433578491,0.80438190698623657,0.80615383386611938,0.77280771732330322
5262_01,3,0.63764870166778564,0.63366812467575073,0.63311433792114258,0.62663495540618896
5264_01,2,0.99704760313034058,0.99732971191406239,0.9978642463684082,0.99752110242843639
5264_02,2,0.59873497486114502,0.5480349063873291,0.56048291921615601,0.47736495733261108
5265_01,3,0.1497271656990051,0.14758153259754181,0.13919246196746821,0.12591889500617981
5266_01,1,0.1529802680015564,0.1487538516521453,0.11624310165643691,0.15752574801444999
5266_02,1,0.0003843568847514,0.0001961441448656,0.00014018376532470001,8.3646191342268139e-05
5268_01,4,0.94815760850906361,0.77410888671875,0.86233288049697876,0.83100539445877075
5269_01,4,0.74292165040969849,0.98915082216262817,0.98063558340072643,0.9872707724571228
5271_01,2,0.19280984997749329,0.19236928224563599,0.19514301419258109,0.16238066554069519
5272_01,1,0.98855811357498158,0.98881101608276356,0.98656934499740601,0.99402117729187001
5273_01,3,0.64595675468444824,0.65611547231674194,0.66295480728149414,0.533447265625
5274_01,2,0.1531970798969268,0.1196006089448928,0.1407999098300933,0.11671373248100279
5275_01,3,0.31198862195014948,0.30259832739830012,0.28068917989730829,0.2571269273757934
5276_01,1,0.21423691511154169,0.13268154859542841,0.22622004151344299,0.20551490783691401
5277_01,1,0.11992064118385309,0.10342787951231,0.17112267017364499,0.352783203125
5278_01,2,0.99968647956848145,0.99969547986984242,0.99976974725723278,0.99969148635864258
5279_01,2,0.22534309327602381,0.1341345459222793,0.17169190943241119,0.1298016160726547
5280_01,2,0.99187743663787842,0.98188143968582164,0.99048638343811035,0.97537779808044445
5281_01,5,0.16386702656745911,0.17644205689430231,0.14972814917564389,0.1067761182785034
5282_01,2,0.47220364212989802,0.65938049554824829,0.59327411651611328,0.9469488263130188
5282_02,2,0.70803183317184448,0.61508822441101074,0.65069186687469482,0.66448402404785156
5282_03,2,0.99823826551437378,0.99880009889602661,0.99879449605941761,0.99854600429534923
5287_01,4,0.74813973903656006,0.60867953300476074,0.74871563911437988,0.599365234375
5288_01,5,0.3785842359066009,0.3771595954895019,0.39184761047363281,0.3961691260337829
5290_01,4,0.13767817616462699,0.13366815447807309,0.13355806469917289,0.19448664784431449
5291_01,4,0.019738633185625,0.010569925419986199,0.0114918891340494,0.0065260692499577999
5292_01,4,0.9998551607131958,0.9998795986175536,0.99991172552108765,0.99985229969024658
5297_01,3,0.48550316691398621,0.53483521938323975,0.50292962789535522,0.523681640625
5298_01,1,0.99655401706695557,0.99542337656021118,0.99654144048690796,0.99774599075317383
5299_01,1,0.99705123901367199,0.99620616436004639,0.99690026044845581,0.99772095680236816
5300_01,3,0.99796199798583984,0.99595171213150024,0.99656277894973755,0.99770474433898915
5301_01,5,0.96007156372070324,0.97850430011749279,0.96613436937332164,0.980965256690979
5301_02,5,0.99530339241027843,0.99545663595199585,0.99615764617919922,0.99518364667892456
5303_01,1,0.42004254460334778,0.43684428930282593,0.42685741186141968,0.4230282306671142
5303_02,1,0.37213349342346191,0.42375069856643671,0.39930999279022211,0.41984736919403071
5303_03,1,0.47312861680984492,0.5150299072265625,0.4789291620254516,0.52190697193145752
5303_04,1,0.56889212131500244,0.59092414379119873,0.58698487281799316,0.60896241664886475
5303_05,1,0.64635968208312988,0.72519111633300781,0.65952479839324951,0.7189255952835083
5304_01,5,0.12526439130306241,0.14648160338401789,0.12491646409034721,0.12785057723522181
5304_02,5,0.99953764677047718,0.99903547763824463,0.9996660351753236,0.99921399354934681
5305_01,2,0.98205375671386719,0.99251115322113037,0.97913843393325795,0.99495398998260498
5307_01,1,0.9987020492553712,0.99893772602081299,0.99865967035293579,0.99931323528289795
5310_01,4,0.0064972229301928997,0.0050390879623590998,0.0035507110878825001,0.0056400001049041002
5312_01,2,0.95353043079376221,0.97455340623855602,0.95426678657531738,0.97927075624465942
5313_01,1,0.38101685047149658,0.44448274374008179,0.38955286145210261,0.42766010761260981
5314_01,3,0.99970859289169323,0.99975186586380005,0.99980419874191284,0.99992865324020397
5315_01,5,0.12629574537277219,0.14105261862277979,0.1501602828502655,0.12622068822383881
5316_01,3,0.996435046195984,0.99517184495925903,0.99620532989501964,0.99741911888122559
5320_01,5,0.98136651515960682,0.97773706912994385,0.97989863157272339,0.97611010074615479
5320_02,5,0.40955343842506409,0.30219441652297968,0.2962102591991424,0.161904752254486
5322_01,4,0.99332398176193237,0.99266701936721802,0.99093431234359741,0.99493491649627686
5323_01,4,0.99513506889343262,0.99363625049591064,0.99339389801025402,0.99747300148010243
5325_01,2,0.62678259611129761,0.5875893235206604,0.59551459550857544,0.52873402833938599
5326_01,3,0.98682641983032238,0.98004269599914562,0.98561310768127441,0.97987580299377441
5327_01,2,0.19553527235984799,0.26653000712394709,0.2021295577287674,0.2308570444583892
5330_01,5,0.43145710229873657,0.47420588135719299,0.62770187854766846,0.65203642845153809
5331_01,5,0.1784668415784835,0.15792915225028989,0.1211951300501823,0.11431440711021421
5333_01,2,0.16582441329956049,0.1043359264731407,0.159079760313034,0.1244858801364898
5334_01,2,0.9990435242652892,0.99914652109146118,0.99924540519714355,0.99896156787872314
5334_02,2,0.99261206388473522,0.993566393852234,0.98906332254409801,0.99393016099929798
5337_01,1,0.9324418306350708,0.96605378389358521,0.93802601099014282,0.98051762580871582
5340_01,3,0.46276640892028809,0.40221405029296869,0.3830797672271728,0.30526012182235718
5341_01,5,0.99659001827240001,0.99553042650222778,0.99675118923187256,0.99779987335205078
5343_01,3,0.036784458905458402,0.030982509255409199,0.036644972860813099,0.067034438252448994
5344_01,2,9.4709801487624645e-05,8.4243736637290567e-05,8.2634447608143091e-05,6.615678285015747e-05
5344_02,2,0.99819815158844005,0.99833482503891002,0.99836605787277222,0.99746632575988758
5345_01,5,0.1644763499498367,0.2171169966459274,0.2347227334976196,0.168701171875
5345_02,5,0.025083839893340999,0.039867594838142298,0.030714590102434099,0.014720967039465901
5346_01,3,0.72232812643051147,0.91159605979919445,0.9159839153289796,0.97184371948242199
5347_01,5,0.028026591986417701,0.024364273995161001,0.0128425573930144,0.0042882403358816996
5348_01,5,0.3402722179889679,0.32195913791656489,0.2515698373317718,0.28076171875
5350_01,3,0.0015669940039515001,0.0013902757782489001,0.00089302443666380003,0.00084463099483399998
5351_01,4,0.33823865652084351,0.2873432040214538,0.25737127661705012,0.333251953125
5353_01,5,0.99968284368515004,0.99903905391693115,0.99977070093154918,0.9990965723991394
5353_02,5,0.99985027313232422,0.99954599142074585,0.99988925457000721,0.99973607063293457
5354_01,2,0.15043392777442929,0.13559249043464661,0.14497631788253779,0.1750474721193313
5354_02,2,0.17146944999694819,0.2062140554189682,0.163143590092659,0.16484543681144709
5355_01,5,0.26397693157196039,0.28092193603515619,0.2902640700340271,0.2195728123188018
5355_02,5,0.67447948455810547,0.67779660224914551,0.66520190238952637,0.6943359375
5356_01,1,0.0037025539204477999,0.0020000871736556001,0.0039326376281678,0.0017784220399335001
5359_01,4,0.12603071331977839,0.14549873769283289,0.1196285337209701,0.1253463923931121
5360_01,2,0.99168491363525402,0.99692654609680176,0.99115085601806641,0.99623453617095958
5361_01,5,0.24571387469768519,0.2495239973068237,0.2652065753936767,0.19751092791557309
5362_01,4,0.98775696754455555,0.98882228136062622,0.98797893524169922,0.99279880523681641
5363_01,2,0.99217718839645397,0.99693703651428223,0.99105346202850342,0.9962257742881776
5365_01,3,0.048343982547521501,0.029699776321649499,0.017213452607393199,0.010222181677818199
5366_01,3,0.94311141967773438,0.9206547737121582,0.94558876752853405,0.91366094350814819
5367_01,3,0.98989129066467285,0.98880517482757557,0.98754173517227162,0.99808895587921143
5367_02,3,0.98254597187042236,0.97862523794174205,0.99038213491439819,0.98973906040191639
5367_03,3,0.99972891807556163,0.99967813491821278,0.99983507394790638,0.99989694356918324
5368_01,1,0.041106343269348103,0.036807328462600701,0.0298745837062597,0.0072730802930891002
5372_01,3,0.40103459358215332,0.36755621433258051,0.37222743034362787,0.33992671966552729
5374_01,4,0.99857723712921143,0.99856990575790405,0.9981156587600708,0.99907249212265004
5375_01,4,0.99956947565078735,0.99935787916183483,0.99965554475784302,0.99965131282806396
5375_02,4,0.99972289800643921,0.99939143657684315,0.99971425533294678,0.99966168403625477
5378_01,1,0.0001219561090692,5.7514294894644991e-05,5.235220305621624e-05,5.3343144827522337e-05
5379_01,4,0.0031272757332771999,0.0028668916784226001,0.0012284169206394999,0.0013664736179634001
5380_01,1,0.34244871139526362,0.33896952867507929,0.39040479063987732,0.39786773920059199
5383_01,5,0.40877825021743769,0.4284481406211853,0.401702880859375,0.35986328125
5384_01,4,0.49643868207931519,0.49851471185684199,0.47268575429916382,0.39345866441726679
5384_02,4,0.99395596981048584,0.99596959352493275,0.99456828832626343,0.99879920482635498
5385_01,4,0.13305684924125671,0.099356852471828405,0.1250055730342865,0.054672885686159099
5387_01,2,0.1251432597637176,0.13796029984951019,0.13560023903846741,0.1692418754100799
5388_01,2,0.99240732192993164,0.99448204040527344,0.99440628290176403,0.99347829818725597
5389_01,4,0.46134883165359492,0.4951176643371582,0.45077988505363459,0.474609375
5389_02,4,0.0520349666476249,0.041517708450555801,0.038949146866798401,0.021932026371359801
5390_01,1,0.99530035257339478,0.99429225921630859,0.99590420722961437,0.9964032769203186
5390_02,1,0.99741679430007923,0.9968171715736388,0.99735116958618164,0.99771463871002197
5390_03,1,0.36207976937294001,0.4158356785774231,0.48263227939605707,0.54702568054199219
5392_01,5,0.055823910981416702,0.054757691919803599,0.0415688008069992,0.048825848847627598
5394_01,3,0.67466312646865845,0.69922864437103271,0.7401854395866394,0.747802734375
5395_01,4,0.96819084882736195,0.96692591905593883,0.97451704740524281,0.98040455579757679
5396_01,5,0.16557681560516349,0.18549783527851099,0.1604100167751312,0.1487508416175842
5397_01,5,0.98177587985992443,0.9881819486618042,0.98394304513931286,0.98449903726577759
5397_02,5,0.98519396781921398,0.98514223098754883,0.98733544349670399,0.98074316978454601
5397_03,5,0.99581539630889881,0.99555814266204845,0.99613773822784424,0.99502044916152965
5401_01,2,0.1842062771320343,0.11472351849079131,0.1426449716091156,0.082492023706436102
5402_01,5,0.2188104093074798,0.22643887996673581,0.17112751305103299,0.19761607050895691
5404_01,5,0.1387483328580856,0.1399247348308563,0.0850936323404312,0.1039014309644699
5406_01,1,0.48966765403747559,0.46689343452453608,0.46275568008422852,0.47606837749481201
5408_01,2,0.0738963782787323,0.064502507448196397,0.068060278892517007,0.070914968848228399
5408_02,2,0.025487933307886099,0.014927658252418,0.026796534657478301,0.0124361021444201
5410_01,5,0.17545291781425471,0.16267675161361689,0.14099939167499539,0.1552246958017349
5411_01,1,0.53974485397338867,0.58188319206237793,0.57156085968017578,0.64659667015075684
5412_01,3,0.70142549276351929,0.66272103786468506,0.68799853324890137,0.64803147315979004
5413_01,5,0.19481383264064789,0.28411120176315308,0.62640321254730225,0.59378010034561157
5414_01,3,0.15761071443557739,0.1152537837624549,0.14201965928077689,0.069263212382793399
5414_02,3,0.39795207977294922,0.49899265170097351,0.40962612628936768,0.48455715179443359
5414_03,3,0.30775901675224299,0.32501208782196039,0.3055796325206756,0.19956532120704651
5414_04,3,0.098910838365554796,0.076209634542465196,0.0596013143658638,0.018933888524770699
5414_05,3,0.64918899536132812,0.67666006088256836,0.65767425298690796,0.67293387651443481
5415_01,3,0.30794286727905268,0.3270130455493927,0.28361806273460388,0.30497878789901728
5416_01,2,0.99441629648208618,0.99664044380187999,0.99417626857757557,0.99635785818099976
5416_02,2,0.042773220688104602,0.034565523266792297,0.048601239919662399,0.020605232566595001
5416_03,2,0.99100220203399658,0.99660909175872803,0.99078464508056641,0.99552959203720082
5416_04,2,0.99760711193084717,0.99826037883758545,0.99728423357009877,0.99804401397705078
5418_01,3,0.2721024751663208,0.27432814240455627,0.24697241187095639,0.25717830657958979
5420_01,2,0.99365007877349842,0.99362975358963002,0.99356460571289062,0.98893517255783081
5421_01,2,0.0051182550378142998,0.0039571891538798002,0.0064729945734142997,0.0027914557140320002
5422_01,4,0.99912601709365845,0.99879813194274902,0.99923074245452881,0.99944210052490245
5423_01,3,0.1089065968990325,0.096506811678409493,0.095193743705749498,0.11520968377590179
5423_02,3,0.46671807765960688,0.45611241459846491,0.49517244100570679,0.44280827045440668
5424_01,5,0.1308479905128479,0.14908450841903681,0.098281420767307198,0.106714017689228
5424_02,5,0.25980430841445917,0.19982835650444031,0.1994027495384216,0.20176598429679871
5425_01,2,0.38712596893310541,0.33727997541427612,0.35209032893180842,0.32080078125
5427_01,2,0.89912015199661255,0.87423717975616455,0.90511512756347656,0.90708583593368519
5427_02,2,0.058494083583354901,0.0324530974030494,0.050476126372814102,0.038574248552322297
5427_03,2,0.098815344274043995,0.1111887618899345,0.093181915581226293,0.16074275970458979
5430_01,5,0.59962880611419678,0.60788071155548096,0.57973778247833252,0.60929858684539795
5431_01,5,0.65836560726165771,0.64005136489868164,0.81346249580383301,0.74545031785964966
5434_01,5,0.58186650276184082,0.56213617324829102,0.57569301128387451,0.52410292625427246
5435_01,3,0.13714137673377991,0.13276681303977961,0.11257226765155789,0.32571390271186829
5436_01,5,0.1130636110901832,0.11658429354429239,0.11886304616928101,0.098089486360549899
5437_01,2,0.10663507878780359,0.10045721381902691,0.10324538499116891,0.1049796417355537
5438_01,2,0.63942414522171021,0.61052858829498291,0.63987219333648682,0.57118439674377441
5440_01,2,0.99484395980834961,0.99668562412261963,0.99667167663574219,0.99707603454589844
5440_02,2,0.52540481090545654,0.42948967218399048,0.45809641480445862,0.36718752980232239
5440_03,2,0.3456412255764007,0.35553166270256042,0.31867405772209167,0.34212455153465271
5441_01,5,0.99967533349990845,0.99894344806671143,0.99972826242446899,0.99912559986114502
5443_01,4,0.1189105734229087,0.12980660796165461,0.1055563986301422,0.065976992249488803
5445_01,5,0.67838293313980103,0.70622766017913818,0.6469883918762207,0.80585789680480957
5446_01,5,0.62634366750717163,0.63014692068099976,0.62279486656188965,0.6500697135925293
5447_01,2,0.9971223473548888,0.99862325191497803,0.99631577730178844,0.99810904264450084
5447_02,2,0.91230332851409923,0.9915015697479248,0.92199975252151478,0.99122440814971924
5450_01,3,0.77414560317993164,0.77101510763168335,0.76894068717956543,0.77988040447235107
5451_01,4,0.54325759410858154,0.54266345500946045,0.5225481390953064,0.51813584566116333
5452_01,3,0.99625712633132923,0.99131488800048839,0.99559098482131958,0.99529236555099476
5453_01,4,0.28800547122955322,0.32574582099914551,0.323952317237854,0.373779296875
5454_01,3,0.33575284481048578,0.34255480766296381,0.37814822793006891,0.26842194795608521
5455_01,2,0.0062444685027003002,0.0012689060531555999,0.0051436387002467996,0.002931629307568
5457_01,4,0.1070626601576805,0.1088663339614868,0.10163065046072001,0.0769200399518013
5458_01,1,0.58935582637786865,0.57092165946960449,0.56221425533294678,0.6080586314201355
5459_01,3,0.23167626559734339,0.23668840527534479,0.2037129253149032,0.2117219269275665
5462_01,5,0.2196443974971771,0.25449511408805842,0.23181958496570579,0.23217661678791041
5463_01,3,0.32527664303779602,0.30122542381286621,0.27555713057518,0.3455286026000976
5465_01,5,0.52102547883987427,0.5418701171875,0.52593249082565308,0.42344322800636292
5465_02,5,0.054159909486770602,0.051483903080224901,0.0420766994357109,0.058237761259078903
5465_03,5,0.99542325735092163,0.99392443895339955,0.99645328521728516,0.99144208431243896
5466_01,3,0.99587917327880859,0.99554991722106922,0.99566358327865601,0.99741530418395996
5466_02,3,0.00039792226743879999,0.0002366887638345,0.0001505318796262,7.0358277298510075e-05
5466_03,3,0.92390066385269165,0.92577171325683605,0.93560242652893078,0.90048617124557495
5466_04,3,0.00018649149569679999,0.00014686872600570001,7.3784729465842247e-05,4.851579797104933e-05
5466_05,3,0.0011184313334524,0.00073044642340389999,0.00069679878652090005,0.00035176242818120001
5467_01,4,0.091917417943477603,0.084945984184741904,0.083376795053482,0.1082358211278915
5468_01,1,0.99916714429855358,0.99866199493408203,0.99893909692764282,0.99913400411605835
5469_01,4,0.979236900806427,0.98065936565399159,0.97683936357498158,0.98236197233200084
5470_01,1,0.63490277528762817,0.64925140142440796,0.63535189628601074,0.65437412261962891
5471_01,1,0.84789377450942993,0.7797052264213562,0.85556703805923462,0.78027611970901489
5472_01,1,0.95236289501190197,0.95235556364059437,0.92392718791961681,0.95664572715759277
5474_01,4,0.61535465717315674,0.65045154094696045,0.60463309288024902,0.60976803302764893
5475_01,2,0.11429879814386359,0.1482789069414138,0.1173256412148475,0.2003431618213653
5476_01,3,0.56797343492507935,0.57305467128753662,0.55462068319320679,0.673583984375
5477_01,5,0.77866625785827637,0.58210098743438721,0.65564405918121338,0.7419583797454834
5478_01,5,0.041028164327144602,0.049845531582832302,0.029784822836518201,0.034733768552541698
5479_01,3,0.99834889173507679,0.99701952934265137,0.9973694086074828,0.99839234352111816
5480_01,1,0.0016941970679908,0.0010449653491377,0.0010694363154469999,0.00017519929679110001
5483_01,5,0.093146830797195407,0.090208746492862701,0.055957145988941102,0.047877494245767503
5484_01,2,0.99955332279205322,0.99966841936111439,0.99963915348052979,0.99977809190750122
5485_01,3,0.1501763761043548,0.1005997359752655,0.095816537737846305,0.0531099140644073
5487_01,5,0.98340678215026855,0.98623311519622803,0.98452079296112061,0.98409700393676758
5488_01,4,0.98541080951690685,0.98950141668319702,0.98523819446563721,0.99268531799316395
5488_02,4,0.99108177423477162,0.9858042597770692,0.99207603931427002,0.99130558967590321
5488_03,4,0.0037689602468161999,0.0026162962894885999,0.0017951841000467001,0.00073481100844210003
5488_04,4,0.99258881807327282,0.99294775724411,0.9933910369873048,0.99687254428863525
5489_01,2,0.74240368604660034,0.75191593170166016,0.74779117107391357,0.701171875
5489_02,2,0.65299493074417114,0.68237370252609253,0.66306495666503906,0.69905662536621094
5490_01,5,0.0496049784123897,0.058198388665914501,0.081674784421920693,0.1227796003222465
5491_01,2,0.89198148250579834,0.92580747604370117,0.90971094369888317,0.93023324012756359
5492_01,1,0.43723726272583008,0.44806981086730951,0.42010948061943049,0.580078125
5494_01,5,0.39404389262199402,0.49614709615707397,0.4521443247795105,0.77390384674072266
5496_01,1,0.81267070770263672,0.82768738269805908,0.80833613872528076,0.82158088684082031
5497_01,5,0.99928182363510121,0.9983280897140504,0.9993569850921632,0.99827486276626598
5497_02,5,0.98775207996368397,0.98208695650100719,0.98807775974273682,0.99160659313201904
5499_01,5,0.99724388122558605,0.99594861268997203,0.99733984470367443,0.99807924032211304
5500_01,5,0.037249073386192301,0.012214141897857101,0.0300946906208992,0.0061515318229793999
5501_01,2,0.91485726833343517,0.93485581874847401,0.92567962408065796,0.8828125
5504_01,4,0.60821527242660522,0.6245187520980835,0.62756538391113281,0.65543866157531738
5506_01,2,0.99622631072998036,0.99609678983688354,0.99584394693374645,0.99759817123413075
5507_01,4,0.17646852135658261,0.1584939509630203,0.16549107432365409,0.15487377345561981
5508_01,5,0.17453162372112269,0.1938492953777313,0.2442177534103393,0.29188704490661621
5509_01,4,0.99604886770248402,0.99240654706954956,0.99182498455047596,0.99705308675766002
5510_01,5,0.99737274646759044,0.99635112285614003,0.99744236469268799,0.99807590246200562
5511_01,3,0.73383766412734985,0.72261679172515869,0.73803728818893433,0.71371102333068848
5511_02,3,0.1656851172447204,0.15188133716583249,0.073542892932891804,0.0050121601670980002
5512_01,1,0.0019397848518565,0.0010174689814448001,0.00084411585703489996,0.00026917600189330001
5512_02,1,0.99838155508041382,0.99908089637756359,0.99874240159988403,0.99973493814468384
5514_01,1,0.9963374137878418,0.99493592977523804,0.996717929840088,0.99722206592559803
5514_02,1,0.99455720186233521,0.99332118034362804,0.99477005004882801,0.99604243040084839
5514_03,1,0.43663462996482849,0.56665170192718506,0.71972823143005371,0.69235086441040039
5514_04,1,0.97220677137374878,0.98126643896102905,0.98499286174774159,0.98649704456329357
5515_01,3,0.1323494017124176,0.1245491579174995,0.1117491424083709,0.0357270054519176
5517_01,4,0.34144878387451172,0.25588834285736078,0.35943567752838129,0.31314891576766968
5520_01,5,0.99896031618118275,0.99634248018264759,0.99832141399383545,0.99950253963470459
5521_01,4,0.27096351981163019,0.2856418788433075,0.31807389855384821,0.20439562201499939
5522_01,1,0.73587685823440552,0.82504582405090332,0.90805017948150635,0.98850673437118519
5522_02,1,0.21329760551452631,0.2347576022148132,0.15909409523010251,0.1752413213253021
5522_03,1,0.69758147001266479,0.65280055999755859,0.62755763530731201,0.59593850374221802
5523_01,5,0.15785515308380119,0.16247579455375671,0.14137232303619379,0.12787230312824249
5524_01,3,0.87946271896362305,0.8459659218788147,0.86431765556335449,0.86157214641571045
5526_01,5,0.40901997685432429,0.4442916214466095,0.35919189453125,0.32804620265960688
5526_02,5,0.99765169620513916,0.99670779705047596,0.99764567613601685,0.99877911806106556
5527_01,5,0.051022127270698499,0.053559336811304002,0.028276734054088499,0.028053648769855499
5527_02,5,0.75844109058380127,0.78028470277786255,0.76065695285797119,0.75849735736846924
5527_03,5,0.63899785280227661,0.67212098836898804,0.63753390312194824,0.70720386505126953
5527_04,5,0.83100700378417969,0.84337091445922852,0.82752740383148193,0.8203158974647522
5528_01,2,0.1495352685451507,0.16433402895927429,0.15451246500015259,0.15930941700935361
5529_01,5,0.0029376882594077999,0.0019682620186358001,0.0023139663971959998,0.00032467141863880001
5530_01,1,0.24262608587741849,0.21247485280036921,0.24580229818820951,0.23374582827091209
5530_02,1,0.98197239637374878,0.98430061340332042,0.98285681009292603,0.99006819725036621
5531_01,5,0.21127775311470029,0.25347220897674561,0.20705594122409821,0.24624161422252649
5531_02,5,0.98377597332000721,0.98672902584075917,0.98578846454620361,0.98839426040649403
5535_01,2,0.83344542980194092,0.8528754711151123,0.86311101913452148,0.79189217090606689
5535_02,2,0.98870033025741577,0.99551200866699219,0.99396175146102905,0.99578219652175903
5535_03,2,0.99559485912322998,0.99741452932357799,0.99694496393203735,0.99742060899734497
5536_01,3,0.99887949228286743,0.99832999706268322,0.99893492460250843,0.99919986724853516
5537_01,5,0.038009710609912803,0.055373780429363202,0.029318727552890701,0.046340439468622201
5538_01,4,0.98591411113739003,0.98306518793106079,0.98232805728912365,0.98863106966018677
5538_02,4,0.99604463577270519,0.99530673027038563,0.99582278728485119,0.99732953310012817
5539_01,2,0.0001668111071921,0.0001107089556171,0.00014108300092629999,6.4249652496073395e-05
5540_01,4,0.30238541960716248,0.55996590852737427,0.3084732294082641,0.5314297080039978
5541_01,5,0.98507082462310802,0.98613190650939941,0.98609423637390137,0.98726707696914684
5543_01,1,0.97026288509368896,0.96934974193572998,0.96432596445083618,0.97790157794952404
5544_01,4,0.064244411885738303,0.060701325535774203,0.0595236420631408,0.072637163102626801
5545_01,3,0.97827261686325084,0.95002973079681396,0.96674799919128418,0.93759870529174805
5545_02,3,0.99578309059143078,0.99422144889831543,0.99419695138931286,0.9953480362892152
5545_03,3,0.99700355529785156,0.99505859613418579,0.99599504470825195,0.99669325351715077
5546_01,2,0.029908850789070102,0.028217971324920599,0.0300495270639657,0.017510429024696302
5550_01,4,0.9964870810508728,0.99449628591537476,0.99429541826248158,0.99705982208251964
5551_01,5,0.59836661815643311,0.58785438537597656,0.59228658676147461,0.5689164400100708
5552_01,4,0.95792233943939198,0.95636963844299316,0.94801151752471924,0.97135460376739502
5552_02,4,0.99378120899200439,0.9945223331451416,0.99350434541702282,0.99559861421585083
5552_03,4,0.038212295621633502,0.045705635100603097,0.035294469445943798,0.023926135152578298
5555_01,4,0.60227173566818237,0.60454666614532471,0.66658538579940796,0.84242641925811768
5556_01,3,0.089274793863296495,0.060728229582309702,0.059669792652130099,0.0057569495402276004
5557_01,2,0.5428086519241333,0.57151567935943604,0.55965948104858398,0.54083782434463501
5559_01,2,0.99933725595474243,0.99929666519165039,0.9995732307434082,0.99914443492889404
5560_01,1,0.096875503659248297,0.14922593533992759,0.074952870607376099,0.1215545237064361
5561_01,5,0.8795853853225708,0.95086580514907837,0.90069818496704102,0.95797061920166016
5561_02,5,0.00030798837542529998,0.0001137186627602,0.0001338348083663,4.0142120269592851e-05
5561_03,5,0.030249292030930498,0.0088755162432789005,0.0143865374848246,0.0015082322061061
5561_04,5,0.54993146657943726,0.47121399641036987,0.43786370754241938,0.3070366382598877
5563_01,4,0.99380087852478038,0.99017584323883057,0.99457550048828125,0.99130737781524658
5566_01,5,0.33274245262145991,0.35274490714073181,0.3439081609249115,0.409423828125
5568_01,1,0.129775196313858,0.048163354396819999,0.1141848042607307,0.058436203747987699
5568_02,1,0.99060946702957164,0.98856073617935181,0.98789286613464355,0.99360710382461559
5569_01,1,0.61791706085205078,0.63952380418777466,0.61444461345672607,0.647216796875
5571_01,4,0.92462301254272461,0.91324633359909058,0.94990235567092896,0.95036453008651722
5572_01,5,0.99526846408844005,0.99398237466812123,0.99592173099517822,0.99428987503051758
5573_01,2,0.1399018168449401,0.1534890532493591,0.1432752311229705,0.099910780787467901
5574_01,5,0.090780586004257202,0.096140295267105103,0.070735991001129095,0.078139461576938601
5575_01,5,0.026704182848334299,0.020166393369436202,0.015872905030846499,0.0079757152125239008
5575_02,5,0.98488575220108043,0.98644363880157482,0.98808681964874279,0.98796528577804565
5578_01,5,0.77140915393829346,0.77545124292373657,0.76480412483215332,0.79204392433166504
5580_01,4,0.99846225976943959,0.99742805957794201,0.99832510948181163,0.99858313798904419
5581_01,2,0.99950003623962402,0.99953967332839955,0.9995989203453064,0.99945026636123657
5582_01,2,0.15906736254692069,0.14153850078582761,0.15081217885017389,0.1036221235990524
5583_01,1,0.81356209516525269,0.77578723430633545,0.79220211505889893,0.78743970394134521
5585_01,4,0.17081362009048459,0.19251573085784909,0.15037037432193751,0.15410551428794861
5585_02,4,0.17162826657295219,0.19799795746803281,0.18282550573348999,0.5478050708770752
5586_01,5,0.1107721328735351,0.1250072568655014,0.079674646258354104,0.1099427938461303
5587_01,4,0.1534426361322403,0.16756796836853019,0.1451327502727508,0.1330657005310058
5589_01,5,0.25999781489372248,0.35643261671066279,0.31923788785934448,0.364501953125
5591_01,1,0.3698878288269043,0.38472506403923029,0.26736754179000849,0.50973719358444214
5592_01,1,0.99322205781936646,0.99264216423034679,0.99252486228942882,0.99434494972229004
5594_01,2,0.097440049052238395,0.093396052718162495,0.1008437871932983,0.084275856614112798
5595_01,5,0.26930990815162659,0.26506471633911127,0.1966953426599502,0.11343964189291
5596_01,1,0.070542223751544897,0.066563844680786105,0.081989735364913899,0.038407713174819898
5598_01,1,0.9465532898902892,0.93549889326095581,0.91574209928512562,0.9572547674179076
5599_01,3,0.074734568595886203,0.041731368750333703,0.048425525426864603,0.036445934325456598
5601_01,4,0.98998874425888062,0.99066132307052601,0.99073684215545643,0.99276083707809437
5601_02,4,0.96670460700988758,0.96761363744735718,0.97562414407730103,0.95789635181427002
5601_03,4,0.60253536701202393,0.5831834077835083,0.58872818946838379,0.56989508867263794
5601_04,4,0.63224303722381592,0.52612429857254028,0.51104736328125,0.616943359375
5601_05,4,0.99632084369659424,0.99615198373794556,0.99599635601043701,0.997749924659729
5602_01,5,0.95929044485092163,0.97966247797012318,0.96533787250518799,0.98243385553359996
5602_02,5,0.6783033013343811,0.65647667646408081,0.71917486190795898,0.64420163631439209
5603_01,5,0.00059077830519519998,0.00026698384317560002,0.00025442070909769998,0.00017796321481
5606_01,4,0.99965792894363403,0.99940037727355957,0.99964874982833862,0.99965763092041016
5606_02,4,0.55828917026519775,0.67904055118560791,0.58585768938064575,0.67081582546234131
5608_01,2,0.45518484711647028,0.48935028910636902,0.46726900339126581,0.43805918097496033
5609_01,2,0.17276462912559509,0.1236922442913055,0.16468420624732971,0.087190859019756303
5610_01,2,0.999181628227234,0.99912762641906738,0.99932879209518444,0.9992227554321288
5610_02,2,0.00012657612387549999,9.8635020549409078e-05,0.0001018596813082,7.303935126401484e-05
5611_01,2,0.99584048986434937,0.99555885791778564,0.99533212184905995,0.99713218212127686
5611_02,2,0.0049376534298062004,0.0022457570303231001,0.0036137488204984998,0.00053509743884199996
5613_01,1,0.83891427516937256,0.81750142574310303,0.84444677829742432,0.82798194885253906
5614_01,4,0.99920201301574718,0.99889349937438965,0.99917656183242798,0.99958854913711559
5615_01,2,0.99940961599349976,0.99940693378448475,0.99958837032318115,0.99933016300201416
5616_01,2,0.53130030632019043,0.56743532419204712,0.54159748554229736,0.52880859375
5618_01,1,0.98221623897552479,0.98386794328689575,0.97702014446258545,0.98058617115020763
5619_01,2,0.99930334091186523,0.99925905466079723,0.9995078444480896,0.99919182062149037
5622_01,1,0.98149025440216064,0.9891168475151062,0.98043912649154663,0.98524713516235363
5623_01,4,0.71832883358001709,0.72852694988250732,0.71544963121414185,0.7388603687286377
5625_01,3,0.2927623987197876,0.32210367918014521,0.33321097493171692,0.2591434121131897
5625_02,3,0.43047884106636047,0.44520986080169678,0.44698530435562128,0.35187801718711847
5625_03,3,0.018965413793921401,0.044605452567338902,0.037491105496883302,0.097776219248771598
5625_04,3,0.30710858106613159,0.33840027451515198,0.35371759533882141,0.28305321931838989
5625_05,3,0.042304415255784898,0.047295965254306703,0.040244549512863097,0.0924402400851249
5626_01,5,0.99838423728942882,0.99728858470916759,0.99808955192565918,0.99861550331115723
5627_01,4,0.2633382380008697,0.295048177242279,0.24658137559890739,0.26806640625
5628_01,4,0.61353778839111328,0.65147030353546143,0.5996435284614563,0.64265871047973633
5629_01,2,0.5980452299118042,0.62003803253173828,0.61665475368499756,0.569091796875
5631_01,5,0.0099506666883825996,0.0052575957961379996,0.010222565382719,0.0012602208880706999
5637_01,3,0.096191018819808904,0.084789894521236406,0.071074917912483201,0.055994655936956399
5639_01,2,0.82355582714080811,0.77516061067581177,0.80350852012634277,0.714111328125
5640_01,3,0.97933250665664684,0.97585892677307118,0.97971415519714355,0.98779362440109242
5642_01,5,0.99949765205383301,0.99856477975845337,0.99960786104202282,0.99889296293258678
5642_02,5,0.99168503284454357,0.99456274509429921,0.99345707893371582,0.9954478144645692
5643_01,4,0.98576056957244884,0.98160505294799805,0.9695899486541748,0.99713468551635742
5643_02,4,0.092010207474231706,0.084443897008895805,0.0643931329250335,0.067181281745433793
5643_03,4,0.44903397560119629,0.34624838829040527,0.35277694463729858,0.25971871614456171
5644_01,5,0.068927302956581102,0.078350901603698703,0.064795263111591297,0.067729756236076299
5645_01,3,0.99758464097976685,0.99718654155731201,0.99672079086303722,0.99867922067642201
5646_01,5,0.99936556816101085,0.99859738349914562,0.99949187040328979,0.99884790182113636
5647_01,2,0.97791200876235962,0.98583424091339122,0.98236644268035878,0.98574608564376842
5647_02,2,0.2321208119392395,0.1247525811195373,0.25165769457817078,0.079994231462478596
5647_03,2,0.0116678709164261,0.0068081119097769,0.0087728044018148994,0.0090349027886986004
5648_01,4,0.0022789090871809998,0.00083839974831779996,0.00067869084887199995,0.0002218977315351
5648_02,4,8.909321331884712e-05,6.0919519455637783e-05,4.4008607801515609e-05,4.8128367780009285e-05
5650_01,2,0.074408300220966297,0.066900148987769997,0.080467104911804199,0.044341553002595901
5651_01,1,0.81010913848876953,0.70776653289794922,0.77808964252471924,0.77474427223205566
5652_01,2,0.1042477637529373,0.092628940939903204,0.098577447235584204,0.091821983456611606
5653_01,5,0.69213902950286865,0.66768276691436768,0.70125734806060791,0.689536452293396
5655_01,3,0.1318075358867645,0.10416883230209351,0.1021962165832519,0.043901991099119103
5659_01,4,0.098152540624141693,0.1110773682594299,0.099038496613502502,0.53319501876831055
5661_01,2,0.9241616725921632,0.94750005006790161,0.95324033498764038,0.9563748836517334
5661_02,2,0.77901458740234375,0.77153372764587402,0.77776837348937988,0.73666417598724365
5662_01,1,0.99806112051010121,0.99739366769790638,0.99839377403259277,0.99874216318130482
5662_02,1,0.22589161992073059,0.2291963845491409,0.16821175813674921,0.1799781322479248
5663_01,3,0.69632607698440552,0.77131903171539307,0.74926424026489258,0.79604130983352661
5667_01,4,0.0012291788589208999,0.0011870918096974,0.00053755595581600002,0.0003978026215918
5671_01,1,0.8364030122756958,0.86652916669845581,0.85367500782012939,0.93433874845504761
5673_01,2,0.91876912117004395,0.92642819881439198,0.90027385950088501,0.85921359062194824
5674_01,3,0.0019359516445547,0.0028846182394772,0.0011629818473010999,0.0021630842238663998
5677_01,4,0.043557509779930101,0.024005480110645201,0.0296263955533504,0.033957522362470599
5679_01,3,0.99760878086090077,0.99524974822998036,0.99647521972656239,0.99710547924041759
5679_02,3,0.99822342395782482,0.99688482284545898,0.99736464023590077,0.99812585115432739
5679_03,3,0.99717605113983165,0.99506890773773204,0.99617743492126465,0.99593228101730358
5680_01,5,0.83148139715194702,0.89231562614440918,0.82590079307556152,0.87286531925201416
5681_01,2,0.99834018945693959,0.99848735332489003,0.99894368648529042,0.99819296598434437
5684_01,4,0.99152928590774536,0.99299216270446777,0.99261420965194702,0.97899758815765381
5684_02,4,0.99983316659927357,0.99983257055282604,0.999853014945984,0.99985492229461681
5684_03,4,0.4285353422164917,0.51560765504837036,0.46246337890625,0.5478515625
5684_04,4,0.99967002868652344,0.99966579675674438,0.99973237514495839,0.99977236986160278
5685_01,5,0.61425948143005371,0.62463414669036865,0.61730557680130005,0.637859046459198
5686_01,5,0.083468735218048096,0.10562523454427709,0.079073585569858496,0.1141742169857025
5686_02,5,0.10347429662942879,0.1392708867788314,0.084287308156490298,0.1523404717445373
5687_01,3,0.52762025594711304,0.5376320481300354,0.55636817216873169,0.47809112071990961
5688_01,4,0.99895584583282482,0.99814516305923462,0.99767625331878662,0.99932944774627686
5689_01,1,0.070169568061828599,0.069999925792217199,0.075399376451969105,0.045382205396890599
5692_01,1,0.0962194353342056,0.10673604905605311,0.11482960730791091,0.101452812552452
5693_01,3,0.98095828294754039,0.98660337924957275,0.98011839389801036,0.99358040094375599
5695_01,5,0.99795502424240123,0.99670934677124023,0.99804472923278797,0.99832481145858765
5696_01,5,0.6566169261932373,0.67403090000152588,0.66158020496368408,0.68701171875
5698_01,1,0.30662006139755249,0.3444800972938537,0.2740662693977356,0.28482577204704279
5698_02,1,0.67797750234603882,0.60772335529327393,0.5484013557434082,0.58771330118179321
5700_01,2,0.99862533807754517,0.99857914447784424,0.9991099238395692,0.99835467338562001
5701_01,5,0.97873079776763916,0.98296546936035156,0.97997134923934937,0.98222267627716064
5702_01,3,0.75143891572952271,0.75895988941192627,0.74901896715164185,0.7505340576171875
5704_01,3,0.60803550481796265,0.61105978488922119,0.59624576568603516,0.589111328125
5705_01,3,0.99832677841186523,0.99676847457885742,0.99764007329940796,0.99788355827331543
5706_01,2,0.98679292201995839,0.99055194854736317,0.9834378957748412,0.99011719226837158
5706_02,2,0.98135501146316517,0.98974972963333119,0.987926185131073,0.99076437950134277
5707_01,3,0.94305568933486938,0.95558393001556396,0.95933032035827637,0.98512637615203857
5709_01,4,0.46342238783836359,0.4590426087379455,0.4706092476844787,0.4039908349514007
5710_01,2,0.97705531120300282,0.9787520170211792,0.97960376739501964,0.97741228342056286
5711_01,3,0.1159120351076126,0.091045238077640506,0.1097213923931121,0.049473408609628601
5712_01,4,0.9818563461303712,0.98682123422622681,0.98587357997894276,0.99023061990737915
5713_01,2,0.17370432615280151,0.21367105841636649,0.18498420715332031,0.55807656049728394
5714_01,2,0.35134115815162659,0.42123189568519592,0.3654771745204925,0.41758242249488831
5714_02,2,0.28731086850166321,0.37463641166687012,0.30420008301734919,0.35009765625
5714_03,2,0.46331837773323059,0.51339685916900635,0.47173994779586792,0.51031750440597534
5714_04,2,0.55653667449951172,0.60730373859405518,0.57571852207183838,0.607421875
5714_05,2,0.56496608257293701,0.61750996112823486,0.58505821228027344,0.609375
5716_01,5,0.21660411357879639,0.27293634414672852,0.23315626382827759,0.29284876585006708
5717_01,3,0.4759992361068725,0.75434660911560059,0.78624415397644043,0.97764766216278076
5718_01,3,0.99784904718399037,0.99586743116378784,0.99696040153503418,0.99728232622146595
5719_01,5,0.1135051846504211,0.1281872689723968,0.1030916795134544,0.099380150437355
5719_02,5,0.62066096067428589,0.6320764422416687,0.6275029182434082,0.6336246132850647
5721_01,5,0.99894678592681885,0.9976480007171632,0.99910908937454224,0.99759757518768322
5721_02,5,0.0517785921692848,0.041364073753356899,0.038596689701080301,0.0090691884979604998
5722_01,4,0.044088408350944498,0.047481320798397002,0.025177672505378699,0.057518258690833997
5723_01,2,0.53137552738189697,0.54931390285491943,0.52943110466003418,0.54265618324279785
5724_01,2,0.69376921653747559,0.66023766994476318,0.69130170345306396,0.63989567756652832
5725_01,3,0.1616644859313964,0.18460465967655179,0.12569817900657651,0.092101097106933594
5726_01,1,0.99211043119430542,0.99304115772247314,0.98985898494720459,0.99443727731704723
5727_01,3,0.10213477909564971,0.1286755949258804,0.1202812269330024,0.069767445325851399
5728_01,2,0.11496914923191071,0.13543261587619779,0.11959494650363919,0.13689497113227839
5729_01,1,0.98302948474884044,0.98163878917694081,0.98116070032119762,0.98673385381698597
5730_01,2,0.080444559454917894,0.051420018076896598,0.069918572902679402,0.054129391908645602
5732_01,1,0.12911176681518549,0.1107740700244903,0.088186047971248599,0.098596528172492898
5733_01,3,0.82728743553161621,0.75947612524032593,0.79918348789215088,0.74184548854827881
5733_02,3,0.075891911983489893,0.064117178320884705,0.066459476947784396,0.046210676431655801
5735_01,3,0.736672043800354,0.78134489059448242,0.74780213832855225,0.7382311224937439
5736_01,3,0.092622488737106295,0.11911240965127939,0.10825285315513609,0.263671875
5737_01,4,0.99986809492111195,0.99986314773559559,0.99990779161453236,0.99983513355255116
5737_02,4,0.99985802173614502,0.999828040599823,0.9999024271965028,0.99988019466400158
5738_01,3,0.99751889705657959,0.99507725238800038,0.99653518199920643,0.99675095081329357
5739_01,1,0.99843752384185802,0.99719917774200439,0.99853038787841797,0.99818342924118042
5740_01,5,0.00032834796002130002,0.0001195139775518,0.00013207168376530001,4.058911872562021e-05
5740_02,5,0.1599122285842895,0.1857798844575882,0.161324143409729,0.23974609375
5742_01,3,0.37939643859863281,0.40559887886047358,0.37995624542236328,0.5636141300201416
5744_01,4,0.99846005439758301,0.9981139898300172,0.99869006872177124,0.99885797500610363
5746_01,2,0.0018017631955444,0.0012833669316023001,0.0020332382991909001,0.0010425271466374
5747_01,1,0.14441850781440729,0.1311803311109542,0.1518001854419708,0.15755900740623471
5748_01,2,0.067326441407203605,0.046708203852176597,0.060324750840663903,0.026781924068927699
5750_01,4,0.27099356055259699,0.1352499574422836,0.18715846538543701,0.19535890221595761
5751_01,1,0.1280194222927093,0.11218934506177899,0.11840271949768059,0.1181928813457489
5755_01,5,0.99443435668945324,0.98409539461135864,0.98227357864379883,0.99734973907470703
5756_01,4,0.1398320198059082,0.15265843272209159,0.13621893525123591,0.1304258704185485
5756_02,4,0.089929349720478002,0.085640497505664798,0.078191682696342399,0.030310610309243199
5756_03,4,0.099561996757984106,0.10356360673904411,0.089347302913665702,0.034735366702079697
5756_04,4,0.48313844203948969,0.46860319375991821,0.52666670083999634,0.49089467525482178
5756_05,4,0.59207689762115479,0.56613922119140625,0.60166752338409424,0.552001953125
5756_06,4,0.19755943119525909,0.2019645422697067,0.1973625421524047,0.17700774967670441
5756_07,4,0.8005831241607666,0.80971246957778931,0.80215728282928467,0.79921883344650269
5756_08,4,0.0042207567021249996,0.0027341083623468,0.0021569686941801999,0.0004357325087767
5757_01,1,0.082029365003108895,0.085830844938754994,0.070701614022254902,0.0732421875
5758_01,5,0.99791622161865245,0.99673664569854736,0.99801522493362438,0.99820679426193237
5761_01,5,0.99910485744476318,0.99744433164596558,0.99909704923629761,0.99752241373062123
5763_01,1,0.32252922654151911,0.32298696041107178,0.25877112150192261,0.25111743807792658
5763_02,1,0.19024559855461121,0.1834341287612915,0.19892686605453491,0.1712897717952728
5764_01,2,0.92837041616439819,0.95292353630065918,0.93710756301879883,0.96505272388458241
5765_01,4,0.3656998872756958,0.41758632659912109,0.39943099021911621,0.3844468891620636
5767_01,4,0.99886560440063477,0.99848783016204845,0.99886447191238403,0.99927413463592518
5768_01,2,0.96471399068832397,0.97300463914871216,0.96583157777786244,0.97836637496948242
5768_02,2,0.99585390090942383,0.9951411485671996,0.99539381265640259,0.99444681406021118
5769_01,2,0.96058595180511475,0.9722367525100708,0.96247076988220204,0.97790801525115956
5769_02,2,0.99628931283950795,0.99563515186309803,0.99594926834106445,0.99489200115203857
5771_01,4,0.98963695764541637,0.98465263843536377,0.98791408538818359,0.98933315277099598
5772_01,1,0.063856273889541598,0.0573244877159595,0.048923339694738298,0.044676102697849197
5773_01,4,0.99987393617630005,0.99986183643341064,0.99989461898803722,0.99986159801483165
5776_01,1,0.65258932113647461,0.64394044876098633,0.60642647743225098,0.60993701219558716
5777_01,2,0.083072669804096194,0.085510283708572304,0.076908558607101399,0.12163896858692159
5778_01,5,0.1192226707935333,0.1529784202575683,0.1240850090980529,0.1085876822471618
5779_01,4,0.99183464050292958,0.97264349460601796,0.97816622257232677,0.98963236808776855
5780_01,1,0.76868891716003418,0.79492002725601196,0.79911977052688599,0.94089031219482422
5780_02,1,0.96142941713333119,0.96724057197570801,0.96297258138656616,0.97648799419403076
5780_03,1,0.99370378255844116,0.99372142553329479,0.99326401948928844,0.9954412579536438
5781_01,1,0.087934494018554604,0.084687590599060003,0.084327176213264396,0.081946782767772605
5783_01,2,0.3121750652790069,0.32283687591552729,0.33925622701644897,0.344970703125
5785_01,5,0.52629446983337402,0.5768425464630127,0.4877688586711883,0.56511163711547852
5786_01,1,0.031783558428287499,0.027949698269367201,0.022689243778586301,0.0109825963154435
5788_01,1,0.40039661526679993,0.44827854633331299,0.3536553680896759,0.4280548095703125
5790_01,5,0.44359433650970459,0.49467629194259638,0.35571062564849848,0.65446317195892334
5791_01,1,0.9625815749168396,0.9272870421409608,0.95806598663330078,0.92285263538360596
5792_01,4,0.00022538744087790001,0.0001255744427908,8.6908825323916972e-05,5.0869864935521043e-05
5793_01,1,0.99117416143417358,0.98862880468368519,0.98852300643920898,0.98796266317367565
5794_01,1,0.0034956573508678999,0.0020540324039757,0.0035025668330489999,0.0012045456096529
5795_01,1,0.98182588815689076,0.9822714328765868,0.96900135278701782,0.98406797647476196
5796_01,1,0.0044955192133783999,0.0025860846508294001,0.0036535547114908001,0.0015116175636649
5799_01,5,0.98409217596054077,0.98929786682128917,0.97958004474639881,0.99470990896224976
5800_01,4,0.19401806592941279,0.1910418421030044,0.185365229845047,0.12847059965133659
5802_01,2,0.27359497547149658,0.3376509547233581,0.28348517417907709,0.33317357301712031
5804_01,5,0.59935808181762695,0.60101407766342163,0.60008597373962402,0.60205078125
5806_01,1,0.20222130417823789,0.1895888745784759,0.20039510726928711,0.1500807702541351
5808_01,2,0.43528434634208679,0.4945068359375,0.45720326900482178,0.49566763639450068
5808_02,2,0.1202949658036232,0.15717852115631101,0.15069028735160819,0.132025346159935
5808_03,2,0.12848739326000211,0.1240639835596084,0.12874332070350639,0.13998162746429441
5809_01,5,0.1560665965080261,0.16480432450771329,0.22677378356456751,0.20634981989860529
5809_02,5,0.90434372425079357,0.9234052300453186,0.92137646675109863,0.97500646114349365
5810_01,5,0.61686527729034424,0.63250821828842163,0.63443589210510254,0.627197265625
5810_02,5,0.70366477966308594,0.80692797899246216,0.72679507732391357,0.82154077291488647
5811_01,4,0.34021073579788208,0.38308694958686829,0.32791146636009211,0.3427734375
5811_02,4,0.23279225826263419,0.26671317219734192,0.218479573726654,0.27400827407836909
5812_01,1,0.99414801597595204,0.99312335252761841,0.99583232402801525,0.99603480100631725
5812_02,1,0.97814959287643444,0.97784709930419922,0.98939293622970581,0.9866771697998048
5812_03,1,0.99362158775329601,0.99155718088150024,0.99546563625335682,0.99466514587402344
5812_04,1,0.99585223197937001,0.99428910017013561,0.9968726634979248,0.996515452861786
5812_05,1,0.99778199195861816,0.99636912345886242,0.99823588132858276,0.99788939952850342
5812_06,1,0.9962940216064452,0.99480843544006359,0.99716395139694203,0.99668926000595082
5813_01,2,0.51972794532775879,0.54954487085342407,0.54275929927825928,0.51171875
5814_01,2,0.3141176700592041,0.36296007037162781,0.30876913666725159,0.373046875
5814_02,2,0.9881071448326112,0.986161768436432,0.98883694410324097,0.98052883148193359
5814_03,2,0.98959183692932118,0.98783266544342041,0.99033737182617199,0.98312073945999157
5814_04,2,0.75197511911392212,0.85910803079605103,0.75913429260253906,0.90859687328338623
5814_05,2,0.97414517402648915,0.96826773881912243,0.97564333677291881,0.94821089506149281
5814_06,2,0.097702845931053106,0.083194911479949896,0.10234237462282179,0.072204351425170898
5814_07,2,0.98119544982910156,0.97853744029998779,0.98273068666458119,0.96741831302642822
5816_01,5,0.15355443954467771,0.1632207036018371,0.13828316330909729,0.10774426907300939
5817_01,1,0.99830496311187744,0.99817955493927002,0.99785441160202037,0.99905300140380859
5818_01,1,0.041889097541570601,0.014661341905593799,0.021010413765907201,0.0050820517353713001
5819_01,4,0.99953824281692505,0.99890506267547596,0.99952256679534923,0.99944067001342762
5820_01,3,0.90137612819671642,0.91280394792556763,0.86458247900009155,0.90853023529052723
5821_01,5,0.00069187907502049997,0.00048354512546210001,0.0002778647176455,3.9993112295633182e-05
5822_01,5,0.4840998649597168,0.42119583487510681,0.48374947905540461,0.40129378437995911
5823_01,5,0.99920296669006359,0.9983120560646056,0.99910342693328857,0.99910920858383179
5824_01,2,0.77515518665313721,0.75228649377822876,0.76853066682815552,0.72973942756652832
5825_01,3,0.99608606100082397,0.99767065048217762,0.9964228868484496,0.99933618307113636
5826_01,3,0.90922814607620239,0.90949362516403198,0.915380358695984,0.92176991701126099
5827_01,1,0.50628304481506348,0.56616580486297607,0.723216712474823,0.68701952695846558
5828_01,1,0.2528774738311767,0.24624484777450559,0.30753457546234131,0.20097583532333371
5829_01,1,0.36562550067901611,0.35353860259056091,0.3265389204025268,0.39703953266143799
5831_01,2,0.51384007930755615,0.53785896301269531,0.50218057632446289,0.46258419752120972
5834_01,1,0.13212065398693079,0.1328974515199661,0.14104761183261871,0.20493015646934509
5835_01,2,0.99907535314559937,0.99901235103607178,0.99944609403610241,0.99881297349929798
5836_01,1,0.99959635734558105,0.99952274560928345,0.99954509735107422,0.99960023164749157
5837_01,2,0.23673298954963681,0.271431565284729,0.22604981064796439,0.21969062089920041
5839_01,2,0.9994511604309082,0.99939596652984619,0.999614417552948,0.99939119815826416
5840_01,5,0.60365623235702515,0.6012108325958252,0.60006260871887207,0.59406650066375732
5842_01,5,0.99975848197937001,0.99924188852310181,0.99979853630065918,0.99937045574188244
5842_02,5,0.99976599216461182,0.99928778409957875,0.999800145626068,0.99944049119949341
5843_01,3,0.99768263101577759,0.99527251720428478,0.99660009145736683,0.99727582931518555
5844_01,1,0.9569740891456604,0.94017577171325684,0.96723800897598278,0.91112422943115245
5846_01,5,0.27506017684936518,0.30943906307220459,0.29392674565315241,0.47028395533561701
5847_01,3,0.087170094251632593,0.10846025496721259,0.077138513326644897,0.099719285964965806
5848_01,3,0.31626167893409729,0.31632122397422791,0.24747523665428159,0.2922824621200561
5849_01,5,0.074014507234096499,0.0840131640434265,0.062666483223438194,0.074895448982715607
5852_01,4,0.085523366928100503,0.0138446819037199,0.022397022694349199,0.015204235911369299
5854_01,2,0.084239915013313293,0.071663260459899902,0.080036744475364602,0.040068369358778
5855_01,5,0.90036618709564209,0.90619361400604237,0.90415954589843761,0.92282176017761242
5855_02,5,0.54429614543914795,0.56289970874786377,0.60993552207946777,0.62825280427932739
5856_01,1,0.99134385585784923,0.99156868457794201,0.99018561840057362,0.99157810211181641
5856_02,1,0.9715709090232848,0.97634088993072521,0.97176837921142578,0.98267352581024159
5857_01,5,0.0044788951054214998,0.0023688063956797002,0.0019645870197563999,0.00046684828703290001
5858_01,2,0.83262193202972412,0.87482529878616333,0.87508422136306763,0.8150898814201355
5859_01,4,0.76074028015136719,0.77553188800811768,0.77036470174789429,0.79902219772338867
5860_01,2,0.081761121749877902,0.084045216441154397,0.083491519093513406,0.085994228720664895
5860_02,2,0.99864023923873901,0.99910652637481678,0.99870002269744884,0.99937385320663441
5860_03,2,0.99806076288223278,0.99860876798629761,0.99804615974426281,0.99907493591308605
5861_01,2,0.99728077650070202,0.99482029676437378,0.99850046634674083,0.99613285064697277
5863_01,4,0.68113189935684204,0.6808476448059082,0.6743549108505249,0.718017578125
5863_02,4,0.1999140381813049,0.210526168346405,0.19201669096946711,0.1668497622013092
5867_01,1,0.043073061853647197,0.044337131083011599,0.037867054343223502,0.0138148367404937
5868_01,2,0.137253388762474,0.082194536924362099,0.1115493401885032,0.043702397495508097
5869_01,3,0.99885398149490356,0.99772191047668457,0.99845623970031738,0.99906754493713379
5871_01,4,0.99900692701339722,0.99826008081436157,0.99797934293746959,0.99913591146469116
5874_01,1,0.99854624271392822,0.99693953990936279,0.99865651130676281,0.99841547012329102
5875_01,3,0.020485313609242401,0.015121025033295101,0.0063009620644152,0.0045103859156369998
5876_01,2,0.14818374812602991,0.14463597536087031,0.14235076308250419,0.1039321422576904
5876_02,2,0.9926418662071228,0.99583601951599121,0.99130183458328236,0.99288964271545399
5876_03,2,0.98226761817932118,0.99173444509506237,0.9829024076461792,0.98763167858123779
5877_01,4,0.97865450382232677,0.96012932062149037,0.95844191312789917,0.97763669490814198
5878_01,3,0.99946510791778564,0.99944734573364258,0.99945837259292603,0.99984639883041382
5879_01,2,0.99750953912734996,0.99853378534317017,0.99760782718658436,0.99906104803085316
5880_01,1,0.49919044971466059,0.49801546335220331,0.51177978515625,0.450927734375
5882_01,3,0.070705376565456293,0.073821112513542106,0.063273787498474093,0.048798643052577903
5885_01,2,0.4914553165435791,0.56642657518386841,0.4914095401763916,0.59132784605026245
5885_02,2,0.089016996324062306,0.084119915962219197,0.079744294285774203,0.076933473348617498
5885_03,2,0.94153887033462524,0.96768629550933838,0.93988496065139759,0.95861190557479858
5885_04,2,0.75954949855804443,0.81010258197784424,0.82685613632202148,0.77265548706054688
5885_05,2,0.99867081642150879,0.99896985292434681,0.99915927648544323,0.99873870611190796
5885_06,2,0.1298393309116363,0.050847813487052897,0.14035922288894651,0.038793608546256998
5885_07,2,0.20477768778800959,0.1095834076404571,0.2249010354280471,0.067366361618041895
5885_08,2,0.9963984489440918,0.99733328819274902,0.99815088510513317,0.99695330858230602
5886_01,4,0.042159650474786703,0.049349233508109998,0.039922073483467102,0.017122127115726402
5886_02,4,0.29067015647888178,0.30226361751556391,0.31601846218109131,0.293212890625
5887_01,1,0.63179278373718262,0.65127730369567871,0.77774703502655029,0.55224412679672241
5887_02,1,0.26098734140396118,0.25278368592262268,0.2742173969745636,0.234619140625
5888_01,2,0.1104737818241119,0.1011077240109443,0.102078765630722,0.1080997586250305
5888_02,2,0.0336588323116302,0.025146838277578298,0.036589410156011498,0.033882912248372997
5889_01,2,0.0031458023004233,0.0023015653714537,0.0040025319904088003,0.0024748155847191
5890_01,3,0.99761289358139038,0.99485993385314941,0.99634879827499401,0.99746906757354736
5891_01,1,0.76240420341491699,0.77726870775222778,0.75488799810409546,0.76797246932983398
5894_01,1,0.99882376194000244,0.9979231357574464,0.99884176254272461,0.99876201152801525
5897_01,2,0.99859267473220836,0.99872010946273804,0.99914634227752686,0.99919378757476796
5898_01,3,0.9984208345413208,0.99705332517623901,0.99765497446060181,0.99864786863327037
5900_01,2,0.97857064008712757,0.99028325080871582,0.97854244709014881,0.98495721817016602
5900_02,2,0.97891163825988758,0.990578293800354,0.97747993469238281,0.98627561330795277
5900_03,2,0.9943476915359496,0.99529153108596802,0.99417704343795776,0.99392634630203236
5901_01,5,0.097139865159988403,0.1122093573212623,0.081384979188442202,0.128173828125
5902_01,4,0.42149791121482849,0.43736797571182251,0.40070819854736328,0.44586503505706782
5903_01,5,0.15426558256149289,0.0165014900267124,0.084304928779601995,0.0098321940749882993
5905_01,4,0.99729174375534058,0.99218058586120605,0.99191308021545399,0.99894917011260997
5906_01,2,0.15981633961200711,0.18309199810028071,0.15055084228515619,0.52091044187545776
5907_01,5,0.99795562028884877,0.99693244695663441,0.99772006273269642,0.99853885173797596
5908_01,5,0.94980967044830322,0.92233979701995839,0.94207918643951416,0.99321496486663818
5909_01,1,0.95155388116836559,0.95447337627410878,0.92972779273986816,0.93771433830261242
5909_02,1,0.99548500776290882,0.99325400590896595,0.9966104030609132,0.99593710899353038
5909_03,1,0.99759334325790405,0.99622154235839844,0.99812471866607677,0.99786174297332764
5912_01,4,0.9990684986114502,0.99876540899276722,0.9991888403892516,0.99950766563415516
5913_01,1,0.14478909969329831,0.1809830367565155,0.189113900065422,0.26446887850761408
5915_01,1,0.21086612343788139,0.142642542719841,0.1160195246338844,0.066743388772010803
5916_01,4,0.73925668001174927,0.9909074306488036,0.97824221849441517,0.98045814037322998
5919_01,4,0.95184516906738281,0.97193992137908936,0.95536577701568604,0.98854827880859375
5920_01,1,0.24175941944122309,0.2142831683158874,0.23901042342185971,0.20751953125
5921_01,3,0.5145413875579834,0.57374870777130127,0.52603304386138916,0.55322265625
5921_02,3,0.45900252461433411,0.43888568878173828,0.43951857089996338,0.34000489115715021
5922_01,2,0.2195561677217483,0.26289162039756769,0.2075343579053878,0.22910735011100769
5923_01,1,0.99871844053268444,0.99867665767669678,0.99847376346588124,0.99928116798400879
5924_01,1,0.095113895833492196,0.10752427577972409,0.093315340578556005,0.1210939362645149
5925_01,3,0.050241701304912498,0.0321270413696765,0.033994141966104501,0.0154185472056269
5925_02,3,0.97974324226379395,0.96971344947814941,0.97788435220718384,0.9736405611038208
5925_03,3,0.0022167332936078002,0.0019708347972482001,0.0014435199555009001,0.0015088152140378
5927_01,1,0.077184066176414406,0.020505281165242101,0.063017338514328003,0.025069531053304599
5927_02,1,0.00074399966979389999,0.00030461000278590001,0.00038615433732040001,0.00030869562760920001
5927_03,1,0.99035483598709118,0.99103140830993641,0.98865324258804321,0.9935462474822998
5927_04,1,0.00066609063651410004,0.0002242584596388,0.0002970046189147,0.00012368714669710001
5927_05,1,0.97625213861465443,0.98525673151016235,0.97778332233428955,0.99481791257858276
5927_06,1,0.48019304871559138,0.39810958504676819,0.4857338666915893,0.58894920349121094
5927_07,1,0.13244408369064331,0.076378732919692993,0.1201671436429023,0.12199033051729199
5928_01,2,0.34584939479827881,0.16740182042121879,0.21233257651329041,0.1183493137359619
5930_01,1,0.99950408935546875,0.99950253963470459,0.99948525428771962,0.9995666742324828
5930_02,1,0.0619939863681793,0.065325520932674394,0.067772231996059404,0.050450176000595003
5930_03,1,0.99962812662124645,0.99960577487945557,0.9995967149734496,0.99964028596878041
5931_01,2,0.048850320279598201,0.046298924833536099,0.049118228256702402,0.066967323422431904
5933_01,4,0.17572095990180969,0.18767234683036799,0.15951976180076599,0.15977230668067929
5934_01,1,0.89147388935089111,0.91304576396942139,0.90485858917236317,0.96093535423278797
5938_01,1,0.55541479587554932,0.50089752674102783,0.40896749496459961,0.37579703330993652
5938_02,1,0.99729830026626598,0.99581664800643921,0.997758448123932,0.99698829650878917
5939_01,4,0.074668020009994507,0.042398225516080801,0.070149146020412403,0.043150469660758903
5941_01,1,0.44436344504356379,0.48039156198501581,0.42807143926620478,0.439697265625
5944_01,3,0.99815839529037476,0.99593573808670044,0.99703079462051403,0.99834144115447998
5945_01,3,0.99613690376281738,0.99483942985534679,0.99495464563369762,0.99620872735977162
5945_02,3,0.99824088811874401,0.9966886043548584,0.99720436334609996,0.99860298633575439
5945_03,3,0.71659332513809204,0.60380423069000244,0.65599393844604492,0.56568986177444458
5946_01,5,0.2243060767650604,0.20015664398670191,0.21701464056968689,0.20147129893302909
5947_01,5,0.98373103141784679,0.98103779554367077,0.98742103576660156,0.98067539930343639
5949_01,5,0.38448435068130488,0.34376189112663269,0.36391332745552057,0.41790062189102167
5949_02,5,0.99886727333068837,0.99834084510803223,0.99900907278060924,0.99842852354049683
5950_01,4,0.46825429797172541,0.4443298876285553,0.41017663478851318,0.201904296875
5951_01,1,0.33711656928062439,0.36582443118095398,0.26529622077941889,0.2626484334468841
5952_01,3,0.99165999889373779,0.98759996891021717,0.99215161800384521,0.990700364112854
5953_01,3,0.33864215016365051,0.3949595689773559,0.36680358648300171,0.45141461491584778
5954_01,2,0.068252325057983398,0.041543953120708403,0.056822307407855897,0.024613576009869499
5955_01,5,0.032464094460010501,0.023768125101923901,0.015402186661958601,0.022786790505051599
5955_02,5,0.0471375323832035,0.058924067765474299,0.029109787195920899,0.051915008574724197
5956_01,3,0.0383564792573452,0.026688145473599399,0.022770106792449899,0.0075774909928441004
5957_01,1,0.99530273675918579,0.99589091539382923,0.99469172954559315,0.99760997295379639
5957_02,1,0.99619388580322277,0.9966176152229308,0.99583303928375244,0.99809825420379639
5957_03,1,0.35530570149421692,0.2838339209556579,0.36104422807693481,0.40423500537872309
5959_01,4,0.43949350714683533,0.36146646738052368,0.40135031938552851,0.27905642986297607
5959_02,4,0.99879270792007435,0.99814784526824962,0.99887943267822277,0.99941682815551758
5960_01,5,0.99987804889678955,0.99957948923110962,0.99991440773010243,0.9998633861541748
5960_02,5,0.85296440124511719,0.83626866340637207,0.79855799674987793,0.96110194921493519
5960_03,5,0.99978613853454601,0.99938613176345836,0.99982702732086182,0.99950695037841797
5963_01,1,0.17365555465221399,0.1638070791959762,0.14685431122779841,0.1670323312282562
5965_01,4,0.61080062389373779,0.58854830265045166,0.65061491727828979,0.62223541736602783
5967_01,3,0.71061921119689941,0.75720179080963135,0.71504193544387817,0.74740588665008545
5967_02,3,0.79889988899230957,0.68610376119613647,0.76329958438873291,0.63533031940460205
5967_03,3,0.5298619270324707,0.59050482511520386,0.51808315515518188,0.60344213247299194
5968_01,1,0.096405908465385395,0.089926399290561607,0.081619583070278098,0.079997017979621804
5969_01,5,0.99355697631835938,0.98783153295516957,0.99433159828186035,0.99235767126083363
5969_02,5,0.89246386289596558,0.86139309406280518,0.85915911197662354,0.81582379341125488
5969_03,5,0.98581081628799438,0.98101544380187999,0.98751312494277965,0.98166728019714355
5970_01,4,0.99982255697250355,0.99981248378753662,0.99985074996948242,0.9998452663421632
5971_01,1,0.1866564154624939,0.17693343758583069,0.16847527027130119,0.15427699685096741
5972_01,5,0.1144743710756301,0.1168013289570808,0.1061113327741622,0.093806773424148504
5973_01,3,0.085556082427501595,0.10069802403450009,0.080622434616088798,0.19249400496482849
5974_01,3,0.96118491888046265,0.9484608769416808,0.95747369527816761,0.95246899127960205
5975_01,4,0.98519730567932118,0.98628413677215576,0.98489224910736084,0.98770320415496837
5976_01,2,0.079880967736244202,0.066339246928691795,0.084354467689990997,0.042853038758039398
5977_01,4,0.96285933256149281,0.93648910522460938,0.94828176498413075,0.93951344490051281
5977_02,4,0.0018770740134640999,0.0012028074124827001,0.0014824152458459,0.001374521641992
5977_03,4,0.98091882467269897,0.96505516767501842,0.97372788190841675,0.97106516361236561
5977_04,4,0.017022481188178,0.0292784627526998,0.013270054943859501,0.0088254110887645999
5980_01,3,0.81834131479263306,0.72636055946350098,0.77724969387054443,0.81181365251541138
5981_01,3,0.11269682645797729,0.1084928214550018,0.1109501421451568,0.1731240302324295
5981_02,3,0.92873620986938477,0.9188804030418396,0.93617165088653564,0.90900123119354237
5981_03,3,0.99756723642349243,0.99724310636520397,0.99756532907485962,0.99900156259536743
5983_01,5,0.076380312442779499,0.079738199710845906,0.069573223590850802,0.053969949483871398
5983_02,5,0.98393255472183239,0.98278367519378662,0.9851650595664978,0.98460787534713756
5984_01,4,0.14853543043136591,0.13891768455505371,0.12778057157993311,0.29814156889915461
5984_02,4,0.080463588237762396,0.086434252560138702,0.062501840293407399,0.0814487934112548
5985_01,4,0.10356266796588889,0.100477360188961,0.096426829695701599,0.071016319096088396
5986_01,4,0.80008113384246826,0.7861480712890625,0.82500743865966797,0.86314356327056885
5987_01,3,0.81976461410522461,0.81248807907104492,0.78479957580566406,0.85462772846221924
5988_01,3,0.016353284940123499,0.0106489919126033,0.0070754992775619004,0.0077585154213010996
5989_01,4,0.23841726779937741,0.1863996684551239,0.20314934849739069,0.12451173365116119
5990_01,2,0.99879467487335205,0.99869328737258922,0.99917334318161,0.99873203039169323
5991_01,2,0.99857538938522339,0.99923717975616455,0.99915581941604603,0.99915552139282238
5992_01,1,0.99873614311218262,0.99760240316391002,0.99886733293533325,0.99880558252334595
5993_01,2,0.54247939586639404,0.55829000473022461,0.53396773338317871,0.53845769166946411
5994_01,4,0.12834969162940979,0.12633486092090601,0.1371289193630218,0.096731930971145602
5995_01,2,0.68204778432846069,0.64284312725067139,0.67505103349685669,0.60610502958297729
5998_01,4,0.64357244968414307,0.64475595951080322,0.76801168918609619,0.57513070106506348
5999_01,4,0.14831030368804929,0.15145227313041679,0.1453074365854263,0.1129020750522613
6000_01,2,0.091455616056919098,0.093490630388259804,0.087152428925037301,0.10847932100296021
6000_02,2,0.65352261066436768,0.6364065408706665,0.66686403751373291,0.67587184906005859
6001_01,4,0.60541296005249023,0.65366369485855103,0.58677315711975098,0.65487253665924072
6003_01,1,0.2066514194011688,0.20242920517921439,0.2331520617008209,0.1538263112306594
6004_01,5,0.99823069572448719,0.99747103452682495,0.99863874912261963,0.99750816822052002
6006_01,5,0.0140930814668536,0.0032621356658636999,0.0070602395571767998,0.00038976996438569997
6006_02,5,0.99608314037322998,0.99527162313461304,0.99695342779159557,0.99440515041351318
6007_01,5,0.72944682836532593,0.74182194471359253,0.74442785978317261,0.77959138154983521
6008_01,3,0.56471520662307739,0.53456205129623413,0.50886112451553345,0.51544356346130371
6010_01,3,0.99880850315094005,0.997663915157318,0.99832320213317882,0.99913018941879284
6011_01,4,0.0129151996225118,0.0123430890962481,0.0114772859960794,0.0059406571090220997
6014_01,1,0.55278301239013672,0.58062553405761719,0.48091584444046021,0.55608654022216797
6015_01,5,0.99904310703277599,0.99771732091903675,0.99916070699691761,0.99803775548934937
6015_02,5,0.7275734543800354,0.74110531806945801,0.73963367938995361,0.76209360361099243
6016_01,2,0.075873695313930498,0.057728134095668703,0.074287436902522999,0.029246261343359899
6016_02,2,0.13730421662330619,0.15784716606140131,0.1671215146780014,0.078557029366493197
6017_01,3,0.99655348062515259,0.9953608512878418,0.99658179283142079,0.99569094181060802
6017_02,3,0.99830079078674316,0.99771654605865479,0.99829077720642079,0.99870252609252919
6019_01,1,0.82385444641113281,0.83542871475219727,0.82655251026153564,0.818603515625
6020_01,1,0.7181999683380127,0.76026785373687744,0.72855526208877563,0.75605565309524536
6020_02,1,0.56958150863647461,0.57812410593032837,0.57570290565490723,0.606689453125
6020_03,1,0.35548898577690119,0.41768276691436768,0.37190753221511841,0.400390625
6020_04,1,0.43378967046737671,0.462646484375,0.45680493116378779,0.4580078125
6020_05,1,0.21012863516807551,0.18776801228523249,0.17453542351722709,0.1505159586668014
6020_06,1,0.36761501431465149,0.4279524683952331,0.38851273059844971,0.41618609428405762
6020_07,1,0.62361454963684082,0.65114325284957886,0.64448916912078857,0.67626953125
6022_01,3,0.095897883176803506,0.065011329948902102,0.071290321648120797,0.030651211738586401
6024_01,5,0.75082921981811523,0.73588603734970093,0.75452327728271484,0.74403476715087891
6025_01,3,0.19085744023323059,0.1390258967876434,0.17754833400249481,0.13332861661911011
6026_01,1,0.15218713879585261,0.13810984790325159,0.1474310159683227,0.14867937564849851
6027_01,4,0.99950164556503296,0.9995238184928894,0.99959242343902599,0.99950802326202404
6028_01,1,0.16077879071235651,0.1537174582481384,0.14654815196990961,0.1782737672328949
6028_02,1,0.16124831140041351,0.15208989381790161,0.14921727776527399,0.1817871630191803
6028_03,1,0.92013853788375843,0.93398779630661,0.91363000869750977,0.9583500623703004
6028_04,1,0.73139876127243042,0.73044312000274658,0.7604365348815918,0.74169921875
6028_05,1,0.99619293212890625,0.99697589874267578,0.99695783853530884,0.99766385555267323
6029_01,2,0.069987148046493503,0.042446833103895097,0.048714846372604301,0.013525566086173
6030_01,3,0.98539352416992199,0.98540514707565319,0.98273843526840199,0.98667335510253917
6030_02,3,0.99198412895202637,0.99263918399810802,0.98928916454315197,0.99449038505554199
6030_03,3,0.81591498851776123,0.81776165962219238,0.80486512184143066,0.8327641487121582
6030_04,3,0.55352902412414551,0.51662826538085938,0.5541113018989563,0.48199665546417231
6030_05,3,0.99671769142150879,0.9950789213180542,0.99408882856369019,0.99704819917678844
6030_06,3,0.99482464790344238,0.99448764324188244,0.99317842721939076,0.99622297286987305
6030_07,3,0.84924358129501343,0.84459298849105835,0.83302277326583862,0.861572265625
6031_01,2,0.41837748885154719,0.47679638862609858,0.44871842861175532,0.47142857313156128
6032_01,3,0.99821007251739502,0.99659186601638805,0.99715560674667358,0.99828255176544201
6032_02,3,0.038227546960115398,0.028272541239857601,0.014699346385896201,0.0083710849285125004
6032_03,3,0.99817144870758057,0.99671131372451782,0.99730443954467762,0.99834620952606201
6033_01,1,0.028941670432686799,0.039263840764760902,0.021604189649224202,0.068018227815627996
6033_02,1,0.99513959884643555,0.99436354637145996,0.9948081374168396,0.99632620811462402
6034_01,3,0.49512112140655518,0.58854216337203979,0.57969439029693604,0.64469200372695923
6034_02,3,0.60512435436248779,0.67611902952194214,0.64112710952758789,0.54730170965194702
6034_03,3,0.74675005674362183,0.776938796043396,0.78785610198974609,0.76352405548095703
6035_01,2,0.44183182716369629,0.69587862491607666,0.67505741119384766,0.94803905487060558
6035_02,2,0.51463592052459717,0.54443359375,0.53636163473129272,0.53466796875
6036_01,1,0.90422725677490245,0.9288879632949828,0.89473026990890503,0.96436333656311035
6036_02,1,0.21994620561599729,0.2475301325321197,0.21440251171588889,0.3152321577072143
6036_03,1,0.99252188205719005,0.99437981843948364,0.98903489112854004,0.99632644653320324
6038_01,1,0.057524263858795097,0.068835504353046403,0.060472309589385903,0.042866937816143001
6039_01,4,0.98452436923980724,0.98518526554107677,0.98679524660110485,0.99209833145141602
6039_02,4,0.18995252251625061,0.20035317540168759,0.18702201545238489,0.12804579734802241
6040_01,2,0.92722094058990479,0.92937874794006359,0.94110053777694702,0.84931111335754395
6041_01,5,0.13242614269256589,0.1141164153814315,0.1273307651281356,0.10853700339794151
6042_01,1,0.1231426745653152,0.11471854150295251,0.0986819118261337,0.1043014153838157
6043_01,5,0.3176851868629455,0.26241904497146601,0.26960629224777222,0.23286131024360651
6045_01,1,0.00013176703942000001,7.394027488771826e-05,6.0740363551303744e-05,4.9975893489317968e-05
6047_01,3,0.72569829225540161,0.76130020618438721,0.77774351835250854,0.80766582489013672
6048_01,5,0.95050030946731556,0.96773219108581543,0.95816165208816517,0.97915333509445202
6049_01,4,0.75213277339935303,0.75097644329071045,0.81134802103042603,0.66780215501785278
6052_01,5,0.61724412441253662,0.62182831764221191,0.61217653751373291,0.63240146636962891
6054_01,4,0.99920552968978882,0.99892610311508179,0.9992460012435912,0.99978989362716675
6055_01,5,0.0031920091714709,0.0027296871412545,0.0010846971999852999,0.00027674908051260002
6055_02,5,0.98083305358886719,0.99046707153320324,0.98389893770217896,0.98994052410125721
6055_03,5,0.00036898063262919998,0.00037468154914669998,0.0002156112605007,0.0001246438914677
6058_01,5,0.067864187061786596,0.036494351923465701,0.0533335506916046,0.021701870486140199
6059_01,5,0.97392505407333363,0.9888095259666444,0.97449254989624023,0.99813967943191517
6061_01,2,0.26177024841308588,0.29342374205589289,0.2805086076259613,0.31510269641876221
6062_01,4,0.066851355135440799,0.068973153829574502,0.052253127098083399,0.078370757400989505
6062_02,4,0.12161696702241891,0.1254868656396865,0.118584468960762,0.15844725072383881
6064_01,5,0.0022481174673884999,0.0022882074117660002,0.0017168363556265,0.00026006577536460002
6065_01,4,0.4961821436882019,0.47004765272140497,0.49009892344474792,0.48859047889709473
6066_01,4,0.4337198138236999,0.2397418320178985,0.29484876990318298,0.14509680867195129
6066_02,4,0.0077662682160735,0.0026522437110543,0.0052972347475588001,0.0017318677855655
6066_03,4,0.99904894828796398,0.99852114915847778,0.99919611215591442,0.99942094087600719
6067_01,1,0.039659198373556102,0.018707782030105501,0.0257764384150505,0.0053958497010170997
6068_01,2,0.9103376865386964,0.91995424032211304,0.89574474096298218,0.86820018291473389
6069_01,1,0.0113540049642324,0.011476983316242599,0.0050012879073619001,0.0035679275169967998
6070_01,1,0.063677340745925903,0.083870306611061096,0.051061775535345001,0.060417432337999302
6071_01,2,0.94671225547790516,0.96040219068527222,0.9653470516204834,0.92964154481887817
6073_01,2,0.99818646907806396,0.99893945455551159,0.99827373027801525,0.99913799762725841
6075_01,2,0.95204031467437744,0.97256892919540405,0.95252275466918956,0.97746622562408436
6076_01,3,0.71075034141540527,0.66841650009155273,0.67617040872573853,0.62043553590774536
6077_01,5,0.70170426368713379,0.6734619140625,0.70147705078125,0.6904296875
6080_01,4,0.87605077028274536,0.79285889863967896,0.86095958948135376,0.8568454384803772
6082_01,1,0.37567570805549622,0.39621764421463013,0.3724188506603241,0.3817658126354217
6085_01,2,0.54396241903305054,0.47632104158401489,0.54127657413482666,0.473388671875
6086_01,4,0.99365007877349842,0.99611115455627441,0.99524617195129395,0.99837327003479004
6087_01,1,0.21393859386444089,0.20411260426044461,0.20562870800495139,0.15927821397781369
6090_01,1,0.98477792739868164,0.98078674077987682,0.98312699794769276,0.98613744974136364
6091_01,2,0.52145379781723022,0.5655064582824707,0.53827053308486938,0.53191947937011719
6091_02,2,0.10660775005817411,0.1119365021586418,0.1059433668851852,0.074303396046161596
6092_01,2,0.42586833238601679,0.45118886232376099,0.46043241024017328,0.45061624050140381
6092_02,2,0.99821537733078003,0.99860000610351562,0.99890130758285522,0.99835330247879039
6092_03,2,0.99203413724899281,0.99608904123306286,0.99590939283370961,0.99626857042312622
6094_01,4,0.99982053041458119,0.99974822998046875,0.99981963634490956,0.99980825185775757
6094_02,4,0.99987608194351196,0.99984931945800781,0.99988579750061035,0.99987894296646118
6094_03,4,0.99987912178039562,0.99984836578369141,0.99989712238311756,0.9998895525932312
6095_01,1,0.093410685658454895,0.096829943358898093,0.098826125264167702,0.070915669202804496
6096_01,1,0.7480318546295166,0.76562690734863281,0.79127746820449829,0.79454028606414795
6096_02,1,0.28621304035186768,0.3324204683303833,0.24145281314849851,0.2589358389377594
6096_03,1,0.055704452097415903,0.041647598147392197,0.028166668489575299,0.063141435384750297
6098_01,5,0.0075057921931147003,0.0043509150855242998,0.0038525736890732999,0.0010884955991059
6099_01,4,0.998282790184021,0.99757552146911621,0.99809825420379639,0.99906057119369518
6101_01,3,0.0978679358959198,0.050953481346368699,0.054485321044921799,0.025841681286692599
6102_01,2,0.14334562420845029,0.12517526745796201,0.1467123329639434,0.12391401827335349
6103_01,5,0.66967785358428955,0.67960917949676514,0.67549645900726318,0.671875
6105_01,3,0.073966026306152302,0.062610521912574699,0.0528766065835952,0.088852681219577706
6106_01,1,0.99975895881652843,0.99969112873077404,0.99972963333129883,0.99973404407501221
6107_01,1,0.087019801139831501,0.085871167480945504,0.083589881658553994,0.090087890625
6108_01,2,0.14770424365997309,0.13481366634368891,0.14432170987129209,0.111811950802803
6109_01,4,0.00060994690284129998,0.00038966568536120001,0.00026620720745989997,0.00025367079069830002
6109_02,4,0.99376267194747925,0.99048978090286244,0.99410307407379161,0.99090260267257679
6110_01,3,0.92501592636108398,0.95652931928634644,0.91742449998855602,0.97488582134246837
6111_01,1,0.9377758502960204,0.93607592582702637,0.93220913410186756,0.95902818441391002
6111_02,1,0.0014803712256252,0.00099647918250409992,0.0010160787496714999,0.00034968362888320001
6111_03,1,0.98856812715530396,0.99296909570693959,0.98695880174636841,0.99574881792068481
6111_04,1,0.96824312210082997,0.97068101167678844,0.97035539150238037,0.98297417163848877
6111_05,1,0.30705142021179199,0.27786305546760559,0.2924548983573913,0.2485316395759582
6112_01,1,0.98269718885421764,0.97556179761886597,0.97918879985809315,0.98527610301971436
6115_01,3,0.024844313040375699,0.0099111543968319008,0.0133378561586141,0.0020964012946933001
6116_01,1,0.23604932427406311,0.198903277516365,0.26463919878005981,0.25408840179443359
6117_01,5,0.0229413583874702,0.024825060740113199,0.018485471606254501,0.0066176680848002
6118_01,3,0.1122932434082031,0.077464632689952795,0.1072204411029815,0.17233371734619141
6118_02,3,0.30647757649421692,0.3155317604541778,0.32261291146278381,0.2713790237903595
6120_01,3,0.82962393760681152,0.84223306179046631,0.83981585502624512,0.84785151481628418
6121_01,1,0.99989372491836559,0.99992501735687256,0.99993312358856201,0.99993419647216797
6121_02,1,0.61571937799453735,0.66725325584411621,0.62234145402908325,0.72229284048080444
6122_01,4,0.58049142360687256,0.55532187223434448,0.57064342498779297,0.56867969036102295
6123_01,5,0.98346877098083496,0.97939765453338623,0.98639714717865001,0.98006021976470958
6124_01,1,0.76027894020080566,0.78889369964599609,0.79933929443359375,0.86620420217514038
6126_01,5,0.99649423360824585,0.99671828746795643,0.99722903966903675,0.99586021900177002
6127_01,5,0.1238196790218353,0.1725949943065643,0.13175149261951441,0.16327983140945429
6128_01,1,0.57777613401412964,0.60980236530303955,0.58168220520019531,0.610107421875
6128_02,1,0.1062152236700058,0.092793911695480305,0.13547681272029871,0.0653721168637275
6130_01,1,0.96373718976974476,0.97466742992401123,0.96143144369125355,0.98932558298110962
6132_01,3,0.99678665399551403,0.99536168575286876,0.99656414985656738,0.99746155738830555
6133_01,5,0.99823796749115001,0.99705803394317638,0.99782013893127441,0.99822396039962757
6135_01,3,0.3105449378490448,0.27714058756828308,0.28796279430389399,0.15712845325469971
6136_01,3,0.1422947496175766,0.12888555228710169,0.19438394904136649,0.2808113694190979
6137_01,5,0.9579266905784608,0.96630883216857921,0.96020805835723877,0.96694630384445202
6137_02,5,0.11839427798986429,0.1284470856189727,0.1248042657971382,0.1813072860240936
6137_03,5,0.99704253673553478,0.99665355682373036,0.99680525064468384,0.99832242727279663
6137_04,5,0.9940401315689088,0.99191439151763916,0.99400478601455677,0.99585437774658203
6137_05,5,0.99445623159408558,0.99201852083206177,0.99443846940994263,0.9954705238342284
6137_06,5,0.97755736112594604,0.98031330108642578,0.98097443580627441,0.979683518409729
6138_01,5,0.1823872625827789,0.1587862074375152,0.19345566630363459,0.15823009610176081
6139_01,2,0.98599517345428478,0.9924488067626952,0.99042397737503041,0.99089050292968761
6139_02,2,0.9857478141784668,0.99494826793670643,0.98823052644729603,0.99295169115066517
6139_03,2,0.86238133907318115,0.83080649375915527,0.84639543294906616,0.69291824102401733
6139_04,2,0.99933302402496338,0.99927586317062378,0.99962306022644043,0.99927645921707164
6139_05,2,0.99974530935287476,0.99974447488784801,0.99984455108642578,0.99970817565917958
6139_06,2,0.99974012374877919,0.99974632263183605,0.99985074996948242,0.99970871210098278
6141_01,3,0.13624569773674011,0.1225430518388748,0.119464486837387,0.050321418792009298
6141_02,3,0.1342918872833252,0.16855654120445249,0.14973008632659909,0.19037832319736481
6143_01,5,0.39033901691436768,0.4369259774684906,0.47719511389732361,0.51203823089599609
6145_01,5,0.079018026590347207,0.11648872494697569,0.067285068333148901,0.1000968366861343
6146_01,1,0.27777346968650818,0.23963767290115351,0.26782295107841492,0.25816592574119568
6148_01,2,0.99218320846557617,0.99571222066879284,0.99261659383773804,0.99525117874145519
6148_02,2,0.99382591247558605,0.99614477157592762,0.9939149022102356,0.99555599689483643
6149_01,4,0.39029359817504877,0.2210952937602996,0.24087223410606379,0.261618971824646
6150_01,5,0.80972588062286377,0.75307387113571167,0.81216621398925781,0.77422505617141724
6152_01,1,0.99902749061584484,0.99904900789260864,0.99912965297698964,0.99932450056076039
6152_02,1,0.0041499985381960001,0.0035333449486642998,0.0036670370027421999,0.0013855185825377
6153_01,1,0.99954670667648315,0.99944758415222157,0.999492347240448,0.99957585334777843
6155_01,2,0.13247270882129669,0.14136892557144159,0.14435403048992149,0.10737320780754089
6156_01,5,0.1092936992645263,0.093260839581489494,0.090475402772426605,0.050608042627572999
6157_01,3,0.023547712713479899,0.0094844717532396004,0.0070029152557252996,0.0051420344971120002
6158_01,2,0.99929916858673096,0.99927103519439697,0.99953442811965942,0.99899965524673462
6162_01,1,0.13614892959594721,0.12162360548973079,0.113525167107582,0.090821325778961098
6163_01,2,0.060675304383039398,0.042537070810794803,0.052096921950578599,0.0268624983727931
6166_01,5,0.0596764385700225,0.0150437653064727,0.027940899133682199,0.013044873252511
6167_01,1,0.99846148490905762,0.99700474739074718,0.99834507703781117,0.99814331531524658
6168_01,5,0.99811726808547963,0.99722307920455922,0.99768322706222523,0.9982638955116272
6168_02,5,0.98759955167770397,0.98852622509002686,0.98513257503509521,0.98711389303207397
6169_01,5,0.96506506204605103,0.90533632040023804,0.942804515361786,0.9870305061340332
6170_01,4,0.14853154122829429,0.15285319089889521,0.13640590012073511,0.092256501317024203
6171_01,1,0.229047492146492,0.21732652187347409,0.1204202249646186,0.3230257630348205
6172_01,2,0.99801886081695557,0.9980229139328004,0.998565673828125,0.99777853488922119
6173_01,2,0.96990889310836803,0.97450578212738037,0.97209733724594116,0.97890639305114757
6174_01,2,0.28979706764221191,0.30732986330986017,0.29602831602096558,0.3082650899887085
6174_02,2,0.69134873151779175,0.69374704360961914,0.69686079025268555,0.67545402050018311
6174_03,2,0.59943580627441406,0.63582515716552734,0.61149632930755615,0.61904764175415039
6175_01,2,0.2230082899332046,0.16307353973388669,0.19020010530948639,0.1082866713404655
6175_02,2,0.53842401504516602,0.59883606433868408,0.56393420696258545,0.58551961183547974
6175_03,2,0.1415894627571106,0.150491178035736,0.15865780413150779,0.082301542162895203
6176_01,1,0.98370134830474842,0.98034977912902843,0.97997957468032837,0.98480296134948719
6178_01,4,0.71289396286010742,0.72056198120117188,0.70204603672027588,0.7489769458770752
6179_01,4,0.98440289497375477,0.97119146585464478,0.98149603605270397,0.98117864131927479
6180_01,5,0.99819266796112061,0.99707472324371338,0.99779587984085083,0.99817156791687001
6181_01,2,0.20235428214073181,0.1179341822862625,0.1953746080398559,0.096599221229553195
6182_01,1,0.66695070266723633,0.68694937229156494,0.67326009273529053,0.68587791919708252
6184_01,3,0.99623012542724598,0.99344217777252197,0.9944397211074828,0.99616503715515137
6186_01,3,0.27706682682037348,0.29690182209014893,0.26823821663856501,0.3083959817886352
6189_01,2,0.40506979823112488,0.4540979266166687,0.41682744026184082,0.455078125
6191_01,3,0.9252018928527832,0.90873056650161743,0.92445003986358643,0.89713317155838013
6191_02,3,0.94391453266143799,0.93812739849090576,0.94544732570648204,0.93750250339508057
6191_03,3,0.94442141056060802,0.9269774556159972,0.94247567653655995,0.92530810832977295
6191_04,3,0.94248855113983165,0.92405080795288075,0.94229614734649658,0.93073689937591564
6192_01,5,0.63655614852905273,0.5527719259262085,0.60453379154205322,0.48187130689620972
6194_01,5,0.12223288416862479,0.12660078704357139,0.11336967349052419,0.1588328629732132
6199_01,3,0.58528703451156616,0.60352981090545654,0.5773167610168457,0.56525331735610962
6199_02,3,0.83736437559127808,0.82166939973831177,0.83931303024291992,0.85714954137802124
6200_01,2,0.97572112083435059,0.98635375499725342,0.97880065441131603,0.97806203365325917
6200_02,2,0.1276400089263916,0.1430175304412841,0.12771233916282651,0.1807919442653656
6200_03,2,0.0001820184697862,0.0001027838152367,0.0001241599529748,7.6555588748306036e-05
6201_01,1,0.22091349959373471,0.23519217967987061,0.25927355885505671,0.2850278913974762
6205_01,2,0.053947910666465697,0.065857410430908203,0.063053101301193196,0.0599158182740211
6206_01,2,0.22550101578235621,0.2311336398124694,0.24285240471363059,0.21445964276790619
6207_01,4,0.1561017781496048,0.12971262633800501,0.1312044560909271,0.089088231325149494
6207_02,4,0.98490011692047119,0.97917604446411122,0.98640722036361683,0.98084700107574463
6207_03,4,0.13918726146221161,0.13426610827445981,0.13917958736419669,0.15068575739860529
6208_01,3,0.99435108900070202,0.99289286136627197,0.99438422918319702,0.99645662307739258
6211_01,2,0.12669627368450159,0.1818729043006897,0.12553033232688901,0.4300724565982818
6213_01,1,0.13103173673152921,0.13445623219013211,0.118007555603981,0.095996908843517303
6215_01,4,0.21165648102760309,0.25902086496353149,0.21064433455467221,0.18075543642044059
6215_02,4,0.029239704832434599,0.042967788875102997,0.025394793599843899,0.015985732898116101
6216_01,2,0.66202998161315918,0.61500734090805054,0.63447767496109009,0.62760519981384277
6218_01,5,0.430872231721878,0.47335636615753168,0.44427663087844849,0.50317460298538208
6218_02,5,0.0444499626755714,0.076923318207263905,0.1002627834677696,0.26220038533210749
6219_01,1,0.10941602289676659,0.094320170581340707,0.096543103456497095,0.075570762157440102
6220_01,3,0.12159554660320281,0.097338289022445595,0.15095661580562589,0.069191686809062902
6222_01,4,0.1352321505546569,0.124225914478302,0.14623516798019409,0.072537168860435403
6223_01,4,0.057954248040914501,0.041240125894546502,0.045771997421979897,0.0221794266253709
6224_01,3,0.054019562900066299,0.045827172696590403,0.032471351325511898,0.017378978431224799
6224_02,3,0.99495369195938121,0.98985850811004639,0.99231135845184315,0.99262464046478283
6225_01,2,0.27352559566497803,0.29520964622497559,0.21244025230407709,0.27957248687744141
6227_01,2,0.24209173023700711,0.3025224506855011,0.23708689212799069,0.28621572256088251
6228_01,5,0.99709987640380859,0.99305695295333862,0.99290627241134644,0.9984900951385498
6229_01,1,0.98510468006134044,0.9804292917251588,0.98206460475921642,0.98517489433288563
6230_01,4,0.037355415523052202,0.0224928278475999,0.052768018096685403,0.019048424437642
6232_01,1,0.99958211183547963,0.99951130151748657,0.99957132339477539,0.99957740306854237
6234_01,2,0.36499327421188349,0.32638731598854059,0.3383395373821258,0.3269118070602417
6236_01,3,0.22105541825294489,0.32437708973884583,0.47880756855010981,0.70805668830871582
6237_01,2,0.99242490530014038,0.99515897035598755,0.9928111433982848,0.99418193101882923
6238_01,3,0.99430072307586681,0.99196279048919678,0.99463212490081798,0.99604332447052002
6239_01,4,0.097418352961540194,0.092109985649585696,0.1021730601787567,0.10392377525568
6241_01,2,0.1225657016038894,0.10995683073997491,0.123624175786972,0.1062303334474563
6243_01,2,0.9990256428718568,0.99865305423736561,0.99927747249603283,0.99832904338836681
6245_01,4,0.99838978052139282,0.99726694822311401,0.99817770719528198,0.99927783012390137
6246_01,3,0.17492610216140739,0.1876702010631561,0.1513439863920211,0.1657218337059021
6248_01,5,0.99565619230270397,0.9927530288696288,0.99549883604049683,0.99582111835479736
6249_01,4,0.8524634838104248,0.85576808452606201,0.86653810739517212,0.94981074333190918
6250_01,3,0.9935009479522704,0.98913669586181641,0.99091833829879761,0.99048233032226562
6251_01,3,0.059346634894609403,0.0625914856791496,0.075244352221488897,0.093698441982269204
6252_01,1,0.1518253684043884,0.13818690180778501,0.14341452717781061,0.1177878230810165
6253_01,3,0.031475085765123298,0.019311314448714201,0.0207456182688474,0.0093449782580136993
6253_02,3,0.26972457766532898,0.21170996129512781,0.28066444396972651,0.15157432854175559
6254_01,4,0.99903249740600597,0.99822932481765758,0.99889051914215077,0.99901580810546875
6254_02,4,0.99949431419372559,0.9992692470550536,0.99953103065490723,0.99955731630325317
6256_01,4,0.62252539396286011,0.67702567577362061,0.60476601123809814,0.72119140625
6262_01,4,0.98133331537246704,0.97781682014465321,0.97760379314422596,0.9744907021522522
6262_02,4,0.026512615382671301,0.030522106215357701,0.028413806110620499,0.024595748633146199
6263_01,1,0.99515068531036377,0.99598312377929676,0.99482911825180043,0.99743759632110596
6263_02,1,0.052210792899131699,0.0097957616671919007,0.037695493549108498,0.0083999801427124994
6264_01,5,0.11637476086616511,0.1057284697890281,0.082341969013214097,0.091931931674480397
6265_01,5,0.13797277212142939,0.12912881374359131,0.1265905499458313,0.095975510776042897
6266_01,5,0.65973198413848877,0.74588197469711304,0.76241469383239746,0.90039438009262085
6268_01,2,0.99302875995635997,0.99508148431777965,0.99305093288421642,0.99447602033615123
6270_01,3,0.1078646406531333,0.071943379938602406,0.092799820005893693,0.043043721467256497
6270_02,3,0.15284305810928339,0.12533010542392731,0.1389406621456146,0.1000947803258895
6271_01,1,0.23187199234962461,0.2525651752948761,0.24859628081321711,0.26105010509490961
6273_01,1,0.020303448662161799,0.0236129201948642,0.020579095929860999,0.012729762122035001
6273_02,1,0.045214656740427003,0.062320385128259603,0.041646432131528799,0.044246904551982803
6274_01,3,0.99384510517120361,0.99249172210693359,0.99414873123168956,0.99545925855636597
6276_01,2,0.77278971672058105,0.74335753917694092,0.758800208568573,0.71533316373825073
6277_01,2,0.99795013666152965,0.99693554639816284,0.99832737445831299,0.99653065204620361
6279_01,3,0.39421102404594421,0.41974067687988281,0.34606719017028809,0.35115146636962891
6280_01,1,0.58662545680999756,0.6056894063949585,0.5843510627746582,0.60725188255310059
6281_01,2,0.99461096525192261,0.99307501316070557,0.99627798795700084,0.98963606357574463
6282_01,4,0.1209505051374435,0.1173107251524925,0.1110561937093734,0.1114917248487472
6283_01,5,0.093439407646655995,0.090044297277927399,0.14641986787319181,0.216552734375
6283_02,5,0.1195946782827377,0.091220512986183097,0.090816281735896995,0.0671357661485672
6285_01,1,0.99828028678894043,0.99813771247863758,0.99830085039138805,0.99849754571914684
6285_02,1,0.99974030256271362,0.99979698657989502,0.99977004528045643,0.99987256526947021
6289_01,5,0.49407956004142761,0.46905031800270081,0.46512430906295771,0.49267578125
6290_01,4,0.14398172497749329,0.24063479900360099,0.1781202107667923,0.97866088151931763
6292_01,1,0.65840858221054077,0.63959121704101562,0.76141142845153809,0.76298809051513672
6293_01,4,0.56385350227355957,0.58056700229644775,0.56630182266235352,0.59992849826812744
6296_01,3,0.99847316741943359,0.99820464849472035,0.99836546182632435,0.99915468692779541
6297_01,1,0.92482149600982677,0.9277464747428894,0.9187476634979248,0.945914626121521
6299_01,3,0.99927204847335815,0.99930840730667125,0.9993741512298584,0.99989110231399536
6300_01,5,0.98263388872146595,0.98025763034820557,0.9848916530609132,0.98149478435516357
6301_01,3,0.0795901268720626,0.079749777913093498,0.075601845979690496,0.030650608241557999
6302_01,3,0.092889316380023901,0.075670421123504597,0.079910047352313995,0.023860653862357101
6302_02,3,0.39436614513397211,0.50392472743988037,0.38983979821205139,0.50665807723999023
6302_03,3,0.396539956331253,0.54568725824356079,0.39282912015914911,0.52234870195388794
6302_04,3,0.57165771722793579,0.61974692344665527,0.58662813901901245,0.5908856987953186
6302_05,3,0.059839796274900402,0.042738601565361002,0.040444292128086,0.052482776343822403
6302_06,3,0.50161874294281006,0.6196894645690918,0.50691425800323486,0.601318359375
6302_07,3,0.50224411487579346,0.62505394220352173,0.50689661502838135,0.61459600925445557
6304_01,2,0.99157780408859242,0.99272620677947998,0.99144196510314941,0.99533450603485119
6305_01,2,0.99962258338928223,0.99960917234420776,0.99970126152038563,0.99959486722946156
6305_02,2,0.0015766936121508,0.00055433425586669997,0.0013264967128634,0.00043084486969739998
6308_01,2,0.28651547431945801,0.30372223258018488,0.22827351093292231,0.28137567639350891
6309_01,1,0.94448995590209961,0.95034378767013561,0.9599376916885376,0.9744473099708556
6309_02,1,0.9728693962097168,0.97340476512908936,0.97991293668746959,0.98225235939025879
6309_03,1,0.99048399925231922,0.98586374521255482,0.98950695991516124,0.99327206611633301
6309_04,1,0.96011698246002197,0.96501070261001598,0.97097706794738758,0.98004025220870961
6309_05,1,0.97003167867660522,0.97687125205993641,0.97639703750610363,0.98316174745559681
6313_01,5,0.069673880934715202,0.0894349515438079,0.081700772047042805,0.093827292323112405
6313_02,5,0.088329851627349798,0.1190005391836166,0.092362165451049805,0.12120792269706721
6315_01,1,0.0014680735766886999,0.0017635966651141,0.0016261318232864001,0.0019073272123931999
6316_01,1,0.25344130396842951,0.21538916230201721,0.23014248907566071,0.11288481950759879
6317_01,2,0.11940530687570571,0.095214515924453694,0.1144680082798004,0.083319753408432007
6318_01,5,0.69754868745803833,0.67909640073776245,0.70634347200393677,0.71249032020568848
6319_01,4,0.24479587376117701,0.31237655878067011,0.2602624893188476,0.3388671875
6320_01,4,0.4230444729328155,0.41716212034225458,0.42115557193756098,0.42138752341270441
6321_01,2,0.99764543771743763,0.99764943122863758,0.99773371219634999,0.99641591310501099
6321_02,2,0.167648360133171,0.078348986804485293,0.16779771447181699,0.075428336858749306
6321_03,2,0.99696159362792958,0.99715876579284679,0.99733436107635498,0.99547809362411499
6322_01,2,0.8673243522644043,0.87608343362808228,0.85671448707580566,0.8491441011428833
6323_01,4,0.12748086452484131,0.13538616895675659,0.1052283942699432,0.094535142183303805
6323_02,4,0.99989485740661621,0.99991178512573242,0.99993157386779796,0.99989926815032959
6324_01,2,0.84965270757675171,0.81953620910644531,0.91547566652297963,0.39059826731681818
6324_02,2,0.99582159519195557,0.9963696002960204,0.99655419588089,0.99467027187347401
6324_03,2,0.99551331996917725,0.99478644132614136,0.99669319391250599,0.99424636363983165
6325_01,2,0.99749726057052601,0.99690389633178722,0.99805355072021484,0.99657553434371959
6325_02,2,0.4922798871994018,0.52956497669219971,0.49394685029983521,0.64142864942550659
6326_01,1,0.084152370691299397,0.086171694099903107,0.063212625682353904,0.064979217946529305
6327_01,2,0.99113678932189941,0.99176603555679321,0.99167478084564198,0.9900529384613036
6328_01,3,0.52211087942123413,0.58408230543136597,0.52127087116241455,0.56720829010009766
6328_02,3,0.6835746169090271,0.74167126417160034,0.68312293291091919,0.70704954862594604
6328_03,3,0.101929023861885,0.062796063721179907,0.057278230786323499,0.029097430408000901
6328_04,3,0.68544405698776245,0.70678281784057617,0.66951477527618408,0.705810546875
6330_01,3,0.99762040376663197,0.99532210826873779,0.99609470367431641,0.99757856130599976
6331_01,2,0.99967116117477417,0.9997098445892334,0.99981421232223522,0.99964439868927002
6334_01,5,0.98989844322204601,0.99324434995651245,0.98993170261383057,0.99586665630340576
6334_02,5,0.98647755384445202,0.98814177513122559,0.98471081256866455,0.99063724279403675
6334_03,5,0.96719563007354736,0.96985208988189697,0.96219956874847401,0.96662783622741699
6334_04,5,0.98965102434158325,0.98615598678588878,0.98718285560607921,0.98751425743103038
6334_05,5,0.27110862731933588,0.38168215751647949,0.28786110877990723,0.3207477331161499
6334_06,5,0.18754851818084711,0.15576870739459989,0.17792829871177671,0.18940699100494379
6334_07,5,0.98277980089187622,0.98027068376541138,0.98015427589416504,0.97105836868286122
6335_01,2,0.059979110956192003,0.051499985158443402,0.059660047292709302,0.047596093267202301
6338_01,1,0.3379729688167572,0.32195168733596802,0.34502220153808588,0.27548027038574219
6339_01,2,0.56200128793716431,0.55523574352264404,0.56192201375961304,0.62100124359130859
6340_01,3,0.98795515298843384,0.98732060194015503,0.98939180374145519,0.99660772085189819
6340_02,3,0.042202085256576503,0.1232692673802375,0.053527884185314102,0.1005561575293541
6341_01,1,0.065286628901958396,0.074516065418720204,0.030253011733293499,0.055679693818092298
6343_01,5,0.49267631769180298,0.47044646739959711,0.49362128973007202,0.470458984375
6344_01,4,0.66503548622131348,0.67187625169754028,0.65665674209594727,0.643310546875
6344_02,4,0.76723498106002808,0.75580042600631714,0.76506614685058594,0.76812303066253662
6346_01,1,0.053345482796430498,0.061378531157970401,0.069705009460449205,0.0543589890003204
6346_02,1,0.12785480916500089,0.12776723504066459,0.14513480663299561,0.2307626456022262
6347_01,4,0.99774956703186035,0.99636709690094005,0.99690771102905285,0.99862354993820202
6348_01,1,0.090443298220634405,0.095465086400508797,0.0953361541032791,0.063004180788993794
6349_01,2,0.1372282207012176,0.13668975234031669,0.13459721207618711,0.13921535015106201
6351_01,5,0.77692884206771851,0.70445334911346436,0.72786730527877808,0.66162109375
6353_01,2,0.98196649551391602,0.9790477752685548,0.9812433123588562,0.98391717672348022
6354_01,2,0.57482105493545532,0.56351995468139648,0.57461833953857422,0.4921875
6355_01,4,0.69454944133758545,0.67675715684890747,0.70829331874847412,0.76981788873672485
6356_01,4,0.056626155972480698,0.074845418334007194,0.064360462129116003,0.058507714420557001
6357_01,2,0.11798831820487971,0.10864169895648949,0.1187202781438827,0.13075326383113861
6360_01,3,0.86289644241333008,0.79868650436401367,0.85690939426422119,0.72933340072631836
6360_02,3,0.95383179187774658,0.93722611665725719,0.95424693822860718,0.90627676248550415
6360_03,3,0.96360778808593761,0.9377279281616212,0.96271705627441395,0.9326171875
6361_01,5,0.974495530128479,0.95250189304351796,0.95539128780365001,0.97807520627975464
6363_01,4,0.52409225702285767,0.56999778747558594,0.51197981834411621,0.47674533724784851
6363_02,4,0.62746250629425049,0.72373777627944946,0.6041533350944519,0.76595550775527954
6363_03,4,0.46737444400787348,0.58461308479309082,0.45564272999763489,0.52636426687240601
6363_04,4,0.58509540557861328,0.67787528038024902,0.58487510681152344,0.66536283493041992
6363_05,4,0.5796930193901062,0.41168653964996338,0.49626785516738892,0.44035792350769037
6363_06,4,0.59566831588745117,0.64294517040252686,0.5890689492225647,0.62019681930541992
6363_07,4,0.65305495262145996,0.66662847995758057,0.6513291597366333,0.6494140625
6365_01,1,0.0131804561242461,0.0064718830399214996,0.0097518153488635999,0.0026396263856440002
6366_01,1,0.65004062652587891,0.65738785266876221,0.78551614284515381,0.67948704957962036
6367_01,3,0.042239785194396903,0.0298874694854021,0.0290420483797788,0.017044905573129598
6367_02,3,0.65511065721511841,0.69576430320739746,0.72599077224731445,0.87558913230895996
6368_01,5,0.56850111484527588,0.49001821875572199,0.51976156234741211,0.32438367605209351
6369_01,2,0.14210519194602961,0.189088225364685,0.14720514416694641,0.430419921875
6370_01,4,0.9960237145423888,0.99561965465545643,0.99661147594451904,0.99865978956222523
6371_01,3,0.17131790518760681,0.1553804278373718,0.1264318376779556,0.1280623376369476
6372_01,2,0.86684966087341309,0.90083765983581543,0.85745680332183838,0.88562071323394775
6372_02,2,0.36550194025039667,0.25351068377494812,0.39512351155281061,0.23940762877464289
6372_03,2,0.6425020694732666,0.6584351658821106,0.66550517082214355,0.70112478733062744
6372_04,2,0.99561113119125355,0.99467390775680542,0.99521017074584961,0.99368840456008922
6373_01,4,0.14776624739170069,0.18302242457866669,0.14448700845241541,0.70781159400939941
6374_01,2,0.10587570816278449,0.090158239006996099,0.096671953797340393,0.069884620606899206
6376_01,5,0.99802243709564198,0.99577552080154419,0.99832403659820557,0.99502676725387562
6378_01,4,0.99838960170745839,0.99783533811569203,0.99804359674453735,0.99891579151153564
6380_01,5,0.20005927979946131,0.1998891681432724,0.226733848452568,0.1732869744300842
6380_02,5,0.7203594446182251,0.71813768148422241,0.73790132999420166,0.74639976024627686
6380_03,5,0.066302403807640006,0.073077157139778096,0.058357477188110303,0.0484243221580982
6381_01,4,0.20673736929893491,0.19992665946483609,0.18431356549263,0.13715533912181849
6385_01,4,0.2124639749526977,0.21549141407012939,0.2043346613645553,0.16972933709621429
6388_01,1,0.13616278767585749,0.12712159752845761,0.158055305480957,0.45889449119567871
6390_01,1,0.99402570724487305,0.99147439002990723,0.99260008335113525,0.9966675639152528
6394_01,5,0.99359202384948719,0.99491780996322643,0.99374401569366455,0.99708557128906239
6394_02,5,0.99655389785766602,0.99620676040649403,0.99625337123870839,0.99749964475631725
6394_03,5,0.99634146690368641,0.99620246887207042,0.99610430002212524,0.99799168109893799
6394_04,5,0.0022865084465593,0.00095027789939189995,0.00077508838148779996,0.0004798808949999
6396_01,3,0.63358283042907715,0.60578936338424683,0.55117201805114746,0.47667887806892389
6397_01,5,0.59665954113006592,0.58252346515655518,0.64654260873794556,0.78891575336456299
6398_01,5,0.76172661781311035,0.76960194110870361,0.76615232229232788,0.76993024349212646
6399_01,3,0.50755012035369873,0.5605013370513916,0.4754638671875,0.43952798843383789
6400_01,3,0.57807052135467529,0.61747646331787109,0.60656440258026123,0.62736570835113525
6400_02,3,0.00050513667520130003,0.00038174143992359999,0.00023194881214289999,8.2396392826922238e-05
6402_01,5,0.41341638565063471,0.4416959285736084,0.4256245493888855,0.43903249502182001
6402_02,5,0.46530053019523621,0.47286680340766901,0.43995791673660278,0.46038267016410828
6402_03,5,0.62254011631011963,0.66033673286437988,0.63193833827972412,0.68668615818023682
6402_04,5,0.88780522346496582,0.88312673568725586,0.8875996470451355,0.92188388109207164
6402_05,5,0.50124937295913696,0.48982292413711548,0.48861619830131531,0.48772996664047241
6404_01,2,0.99583208560943604,0.99503201246261597,0.99520111083984375,0.99466240406036377
6405_01,1,0.13808970153331751,0.14826756715774531,0.1899560391902923,0.2716774046421051
6405_02,1,0.65826165676116943,0.64276325702667236,0.64976644515991211,0.54499310255050659
6405_03,1,0.99254202842712402,0.98805403709411621,0.98951810598373402,0.99474799633026123
6405_04,1,0.97458726167678844,0.98186552524566639,0.97666281461715698,0.98851507902145397
6406_01,3,0.99075984954833984,0.99206513166427601,0.98950958251953125,0.99483811855316162
6406_02,3,0.99956035614013683,0.99955511093139637,0.99957525730133057,0.99983942508697521
6407_01,4,0.6650574803352356,0.70034241676330566,0.64557194709777832,0.70525634288787842
6408_01,4,0.1901018619537353,0.2217392027378082,0.2067514955997467,0.2009294778108596
6409_01,5,0.13579010963439939,0.12587413191795349,0.097694396972656194,0.092529304325580597
6411_01,1,0.46476686000823969,0.40679922699928278,0.43613919615745539,0.43122231960296631
6412_01,4,0.056125525385141303,0.029064808040857301,0.031080346554517701,0.019559275358915301
6413_01,1,0.3246033787727356,0.30077546834945679,0.39783287048339838,0.28706276416778559
6414_01,1,0.97734785079956044,0.97104310989379883,0.97064608335494995,0.96824061870574962
6415_01,1,0.99361306428909302,0.99157428741455078,0.99314624071121216,0.99514007568359375
6416_01,2,0.13105037808418271,0.13442569971084589,0.1270071268081665,0.15625
6418_01,3,0.10223948210477821,0.0502412617206573,0.0566394701600074,0.0085526350885628995
6419_01,2,0.55593633651733398,0.70311355590820312,0.62253594398498535,0.97386252880096436
6421_01,4,0.99734568595886242,0.99372506141662598,0.99672818183898915,0.99642705917358398
6421_02,4,0.00048944243462749999,0.00040193338645619998,0.00025352346710859997,0.00026098455418829998
6422_01,4,0.1018325537443161,0.076707646250724695,0.084227651357650701,0.052705585956573403
6422_02,4,0.98816168308258057,0.98946785926818837,0.98834210634231556,0.98684686422348022
6422_03,4,0.1470479071140289,0.12786370515823359,0.12786169350147239,0.1073120832443237
6422_04,4,0.041476801037788301,0.0210798121988773,0.0267370976507663,0.021238921210169699
6424_01,5,0.1155390739440918,0.095657445490360204,0.081736847758293096,0.068442977964877999
6428_01,2,0.99661171436309803,0.99688327312469482,0.99695920944213878,0.99566811323165882
6428_02,2,0.99453055858612061,0.99593317508697521,0.99539172649383545,0.99534994363784801
6430_01,2,0.55879402160644531,0.5759352445602417,0.57203876972198486,0.57575428485870361
6431_01,3,0.1306296437978744,0.068459063768386799,0.10367993265390391,0.053448472172021803
6431_02,3,0.64542752504348755,0.68440806865692139,0.65185534954071045,0.67626953125
6431_03,3,0.62208414077758789,0.62504249811172485,0.6292988657951355,0.624267578125
6432_01,5,0.00093735969858239996,0.00026698500732889998,0.00033337558852500001,5.7634348195279017e-05
6433_01,1,0.77348208427429199,0.78761374950408936,0.76094472408294678,0.84957265853881836
6433_02,1,0.99113672971725464,0.99212181568145763,0.98550111055374157,0.99671506881713878
6434_01,4,0.70198220014572144,0.70298123359680176,0.68668806552886963,0.713623046875
6436_01,4,0.6286613941192627,0.60449421405792236,0.62815612554550171,0.48625954985618591
6437_01,1,0.1033105924725532,0.091899730265140506,0.1112354695796966,0.1130034923553466
6439_01,1,0.99348920583724976,0.99135804176330555,0.99137747287750244,0.99637222290039062
6442_01,2,0.1374520659446716,0.099149033427238395,0.17186637222766871,0.046992782503366401
6443_01,2,0.93938207626342762,0.92548298835754395,0.9369739294052124,0.93808591365814198
6443_02,2,0.99389374256134044,0.99453502893447876,0.99294990301132202,0.9917580485343932
6443_03,2,0.94438213109970082,0.96879410743713379,0.94845342636108398,0.96426737308502197
6443_04,2,0.98931324481964122,0.99210852384567261,0.98857611417770397,0.98792773485183716
6443_05,2,0.1612158864736557,0.1680521667003631,0.1705303341150283,0.1408211886882782
6443_06,2,0.25190278887748718,0.1956006586551666,0.25989198684692377,0.13274979591369629
6443_07,2,0.98868566751480103,0.99002188444137562,0.98831158876419078,0.98782986402511597
6444_01,5,0.46482455730438232,0.53532058000564575,0.46963709592819208,0.54730069637298584
6444_02,5,0.67934530973434448,0.70255875587463379,0.67830413579940796,0.71552985906600952
6446_01,2,0.77310472726821899,0.81033331155776978,0.78708869218826294,0.72092652320861816
6446_02,2,0.99218893051147461,0.9935208559036256,0.99235397577285755,0.98950976133346558
6446_03,2,0.99349433183670044,0.99424910545349121,0.99309813976287842,0.99107259511947643
6447_01,5,0.67376577854156494,0.68467342853546143,0.67140960693359375,0.6866910457611084
6448_01,2,0.29135450720787048,0.30604848265647888,0.30123424530029291,0.30940172076225281
6449_01,3,0.16724874079227439,0.1291078776121139,0.1869751811027526,0.1609389781951904
6449_02,3,0.011519430205225899,0.0098569542169570003,0.0081860646605490996,0.0058706030249595
6450_01,2,0.0013274371158330999,0.0011182301677763,0.0010303747840225001,0.0013661452103406
6450_02,2,0.99830925464630116,0.99819970130920399,0.99827295541763317,0.99726217985153198
6451_01,2,0.14074072241783139,0.14602269232273099,0.13865917921066279,0.1998982429504394
6452_01,1,0.46609485149383539,0.44571000337600708,0.4299816489219665,0.442138671875
6452_02,1,0.37655001878738398,0.4060088694095611,0.39510470628738398,0.388671875
6452_03,1,0.61102235317230225,0.61516976356506348,0.62729525566101074,0.6103515625
6453_01,1,0.053115133196115397,0.024691894650459199,0.027796939015388399,0.0082854973152279004
6454_01,3,0.57742846012115479,0.59965145587921143,0.56871873140335083,0.57568395137786865
6455_01,1,0.33396223187446589,0.42378866672515869,0.45102566480636591,0.57966709136962891
6456_01,2,0.25642752647399902,0.2121055722236633,0.26622158288955688,0.19092020392417899
6457_01,5,0.2618758082389831,0.37111902236938471,0.50736713409423828,0.61973148584365845
6458_01,4,0.31044444441795349,0.23673303425312039,0.28537881374359131,0.28726792335510248
6459_01,1,0.73137307167053223,0.76208007335662842,0.73075371980667114,0.78710603713989258
6461_01,4,0.4519332349300384,0.43095150589942932,0.47166389226913452,0.375
6462_01,3,0.9874429702758788,0.98530733585357677,0.98779767751693714,0.98334932327270519
6462_02,3,0.29034069180488581,0.32215800881385798,0.29647940397262568,0.427978515625
6463_01,4,0.0180978532880544,0.011501865461468599,0.017100578173995001,0.0018646345706656001
6464_01,1,0.080694861710071494,0.079542942345142295,0.072301648557186099,0.070526994764804798
6468_01,3,0.97345328330993641,0.969718337059021,0.97664046287536621,0.96889793872833241
6468_02,3,0.99163907766342163,0.99228900671005238,0.99294793605804443,0.99662482738494884
6468_03,3,0.32643586397171021,0.3488860130310058,0.35422700643539429,0.32636982202529907
6468_04,3,0.087366238236427293,0.062628977000713307,0.065967805683612796,0.052519876509904799
6470_01,1,0.3170264065265655,0.34035497903823853,0.28931689262390131,0.32022771239280701
6471_01,1,0.90653431415557861,0.90057259798049927,0.9042091965675354,0.95115584135055542
6472_01,3,0.99879735708236683,0.99866831302642822,0.99877953529357921,0.99937224388122559
6472_02,3,0.99964344501495361,0.99965500831604004,0.99967300891876221,0.99990642070770264
6473_01,1,0.993080735206604,0.9913879632949828,0.99215924739837635,0.99514377117156982
6475_01,5,0.98382478952407837,0.97796565294265758,0.98427730798721325,0.9804266095161438
6477_01,1,0.0036645913496612999,0.0025536927860229999,0.0014837658964096999,0.00064658030169079995
6477_02,1,0.00062266737222670002,0.00048821541713549998,0.0001950825244421,0.000126963990624
6478_01,4,0.037184510380029602,0.018971305340528401,0.0294738002121448,0.0254934635013341
6480_01,3,0.023731380701065001,0.014681973494589299,0.0071765058673917996,0.0068887714296578997
6481_01,5,0.99016666412353516,0.98429518938064575,0.98402696847915638,0.99736624956130981
6482_01,3,0.1697517931461334,0.17107954621315,0.1740003824234008,0.2174860388040542
6482_02,3,0.99559694528579723,0.99620336294174205,0.99593532085418701,0.998335301876068
6482_03,3,0.99531763792037964,0.99593716859817505,0.99580538272857677,0.99804067611694336
6485_01,3,0.28888618946075439,0.28295591473579401,0.2355800569057464,0.26016446948051453
6485_02,3,0.39419326186180109,0.31488972902297968,0.31695878505706782,0.22846789658069611
6487_01,2,0.083216726779937703,0.067350007593631703,0.078334018588066101,0.1741816848516464
6488_01,4,0.1229902803897857,0.12540218234062189,0.10015653073787679,0.082876302301883698
6489_01,4,0.71743875741958618,0.72936290502548218,0.71752524375915527,0.75619685649871826
6490_01,3,0.99706637859344482,0.99619913101196278,0.99676144123077404,0.99697434902191162
6490_02,3,0.00043245361302969999,0.00030009442707520001,0.0001927943958435,8.0787314800545573e-05
6490_03,3,0.94207108020782482,0.94518929719924916,0.93835395574569702,0.9388505220413208
6490_04,3,0.90871089696884155,0.90455406904220581,0.92199289798736561,0.90044474601745605
6492_01,3,0.9957280158996582,0.98948889970779419,0.99276280403137196,0.99444365501403797
6493_01,3,0.64371740818023682,0.66963768005371094,0.64467531442642212,0.65950596332550049
6494_01,1,0.0037717611994594002,0.0012231983710079999,0.0017057585064321,0.00022076295863370001
6500_01,3,0.052062794566154397,0.0495650991797447,0.017465069890022202,0.0077556101605295996
6501_01,3,0.85796338319778442,0.91091227531433105,0.88638001680374146,0.92239689826965321
6502_01,1,0.89456266164779663,0.89087170362472534,0.89679443836212158,0.94397789239883423
6503_01,5,0.071157261729240404,0.073085203766822801,0.065210670232772799,0.052305325865745503
6508_01,1,0.11840015649795529,0.10874266177415839,0.1121883988380432,0.12763470411300659
6509_01,1,0.16883549094200129,0.16020381450653071,0.21360825002193451,0.21505476534366599
6510_01,2,0.0011290262918919,0.00060817244229830001,0.00097103801090269999,0.00071607739664610005
6511_01,5,0.092460647225379902,0.080344453454017598,0.047552023082971497,0.053145982325077001
6511_02,5,0.60084229707717896,0.62933212518692017,0.59045547246932983,0.61018115282058716
6511_03,5,0.84002578258514404,0.85593509674072266,0.85657769441604614,0.85498046875
6512_01,1,0.86830002069473267,0.91315096616744995,0.87214308977127075,0.96383118629455555
6512_02,1,0.92350769042968761,0.94292509555816639,0.92818272113800038,0.95544981956481922
6512_03,1,0.0034700226970015998,0.0014482585247606,0.0015782631235197,0.00097070628544310004
6513_01,1,0.78085732460021973,0.77367353439331055,0.815174400806427,0.812255859375
6514_01,1,0.059050489217042902,0.045439690351486199,0.040403239428996998,0.019226688891649201
6514_02,1,0.0002034188219113,0.0001009712723316,8.473302295897156e-05,8.1441387010272592e-05
6517_01,3,0.17504744231700889,0.1145156025886535,0.23838150501251221,0.036724306643009103
6520_01,5,0.080485023558139801,0.084320291876792894,0.044980812817811897,0.067210219800472204
6522_01,5,0.66758042573928833,0.6906968355178833,0.74506700038909912,0.71465188264846802
6523_01,1,0.72263050079345703,0.7206655740737915,0.72772932052612305,0.7418556809425354
6525_01,3,0.29168969392776489,0.3849482536315918,0.3111204206943512,0.23334994912147519
6525_02,3,0.99448895454406738,0.98788797855377197,0.9905390739440918,0.99198317527770996
6525_03,3,0.99569869041442882,0.98869115114212036,0.99252206087112438,0.99172008037567139
6526_01,4,0.590279221534729,0.62499964237213135,0.58351337909698486,0.63956880569458008
6526_02,4,0.57832062244415283,0.60856133699417114,0.56813251972198486,0.57764238119125366
6529_01,4,0.99646115303039562,0.99396985769271839,0.99512022733688354,0.99739402532577515
6530_01,3,0.35164555907249451,0.31227797269821161,0.31239539384841919,0.30598288774490351
6531_01,2,0.99607807397842396,0.99584275484085083,0.99537760019302357,0.99396240711212158
6535_01,3,0.034516319632530199,0.027201540768146501,0.0285343136638402,0.063406012952327701
6539_01,5,0.1799953281879425,0.27810958027839661,0.15555228292942039,0.25067123770713801
6540_01,4,0.51730120182037354,0.57130634784698486,0.53573912382125854,0.63704836368560791
6541_01,3,0.52009570598602295,0.45926833152770991,0.45532146096229548,0.38371762633323669
6544_01,3,0.98611891269683838,0.96972566843032837,0.98353093862533558,0.9497997760772704
6545_01,5,0.10592213273048399,0.1142036616802215,0.088287949562072698,0.086394816637039101
6546_01,1,0.25661569833755488,0.26243281364440918,0.28284958004951471,0.21230125427246091
6547_01,3,0.21068146824836731,0.23211252689361569,0.27249297499656677,0.43073597550392151
6548_01,2,0.91675865650177002,0.86686784029006958,0.90838468074798584,0.7378990650177002
6549_01,1,0.041997931897640201,0.051786620169877999,0.0581960752606391,0.1005447804927825
6549_02,1,0.1761001646518707,0.20815727114677429,0.16332376003265381,0.2306258678436279
6552_01,3,0.2781174480915069,0.22185596823692319,0.2258510887622833,0.1831572949886322
6553_01,2,0.10209152847528449,0.088733091950416496,0.096219241619110094,0.059832684695720603
6556_01,5,0.9732060432434082,0.97303873300552357,0.97674882411956798,0.96615290641784679
6556_02,5,0.99378287792205799,0.99000817537307739,0.99398642778396595,0.98951947689056396
6557_01,4,0.0018644799711182,0.00086805748287579999,0.00065816071582950003,0.00019683508435259999
6558_01,4,0.096070706844329806,0.1563559472560882,0.14240238070487971,0.22854495048522949
6560_01,3,0.1445576846599578,0.27709585428237909,0.22911214828491211,0.65046226978302002
6561_01,1,0.00023298567975869999,0.0001140405802289,0.0001058574998751,7.3545576015021652e-05
6561_02,1,0.91677832603454601,0.91342926025390625,0.93610668182373036,0.94321411848068237
6562_01,2,0.090167045593261705,0.072399884462356498,0.084778703749179798,0.049316402524709702
6563_01,4,0.14601331949234009,0.16165879368782041,0.1577650308609008,0.30680149793624878
6563_02,4,0.58432549238204956,0.54422616958618164,0.52372574806213379,0.4784502387046814
6565_01,2,0.059413474053144399,0.033023737370967803,0.046718314290046602,0.022578340023755999
6565_02,2,0.054630972445011097,0.055687569081783198,0.054281312972307198,0.093267977237701402
6567_01,5,0.58991396427154541,0.62398225069046021,0.59402114152908325,0.6103515625
6567_02,5,0.096030011773109394,0.1146793439984321,0.1113867685198783,0.1118175238370895
6568_01,3,0.15845182538032529,0.1103333309292793,0.1064698472619056,0.071011900901794406
6569_01,1,0.76674509048461914,0.77517163753509521,0.76435548067092896,0.76519405841827393
6570_01,5,0.2851074337959289,0.22628012299537659,0.1873622834682464,0.1197065636515617
6572_01,2,0.2603757381439209,0.267497569322586,0.27059701085090632,0.19414103031158439
6573_01,5,0.62885832786560059,0.54248201847076416,0.60819286108016968,0.57674568891525269
6574_01,5,0.0073096938431261999,0.0029533139895647001,0.0058728284202516001,0.00052223668899379998
6578_01,5,0.47342061996459961,0.46989312767982477,0.48931851983070368,0.4717327356338501
6578_02,5,0.99707150459289562,0.99403929710388184,0.99750328063964844,0.99317383766174316
6580_01,4,0.35274004936218262,0.40037268400192261,0.3760563433170318,0.35458555817604059
6582_01,5,0.46317839622497559,0.45493867993354797,0.44527512788772577,0.3950913250446319
6583_01,5,0.9868207573890686,0.9890540838241576,0.98757046461105358,0.99178540706634521
6583_02,5,0.94990503787994385,0.88740628957748413,0.92503106594085682,0.98213654756546021
6585_01,4,0.98813861608505238,0.9822680950164796,0.98473465442657482,0.99007940292358398
6585_02,4,0.59131044149398804,0.65033936500549316,0.6653246283531189,0.82099300622940063
6588_01,3,0.73724764585494995,0.69858324527740479,0.73057729005813599,0.75979864597320557
6588_02,3,0.99104350805282604,0.97798782587051403,0.9856795072555542,0.98342859745025635
6590_01,3,0.96412229537963878,0.95357924699783325,0.96606427431106556,0.95749050378799438
6590_02,3,0.48101687431335449,0.61361950635910034,0.479263424873352,0.4642367959022522
6591_01,2,0.1433193087577819,0.14973592758178711,0.1429367512464523,0.1182491555809974
6592_01,5,0.99449998140335083,0.99180108308792125,0.99512934684753418,0.98953938484191895
6593_01,4,0.54017841815948486,0.4997264146804809,0.5130770206451416,0.44732803106307978
6593_02,4,0.28603199124336243,0.2865533828735351,0.29345548152923578,0.27485606074333191
6594_01,5,0.75571167469024658,0.76285290718078613,0.7506251335144043,0.77089130878448486
6595_01,5,0.995885729789734,0.98770582675933838,0.99334901571273804,0.99715399742126465
6598_01,2,0.98840785026550282,0.99086880683898915,0.99006879329681396,0.98927289247512817
6599_01,5,0.99935495853424083,0.99832445383071899,0.99938076734542836,0.99857366085052479
6601_01,2,0.090651489794254303,0.062342636287212302,0.080484047532081604,0.060331299901008599
6602_01,3,0.80429625511169434,0.85796713829040527,0.81921923160552979,0.81664532423019409
6603_01,5,0.97862362861633301,0.98853772878646839,0.98074400424957275,0.99702250957489003
6604_01,2,0.99742650985717762,0.99747133255004883,0.99738180637359619,0.99623918533325195
6606_01,2,0.41318809986114502,0.4370890855789184,0.4055486917495727,0.49480697512626648
6608_01,1,0.040985606610774897,0.026369335129857001,0.038205858319997697,0.021056285127997398
6609_01,4,0.48365798592567438,0.47672662138938898,0.50717180967330933,0.58530628681182861
6611_01,5,0.92738807201385498,0.95389539003372203,0.9720802903175354,0.96501260995864879
6611_02,5,0.60760498046875,0.64682853221893311,0.61462348699569702,0.65771216154098511
6611_03,5,0.5218808650970459,0.50023239850997925,0.52551800012588501,0.5548698902130127
6613_01,1,0.98967909812927235,0.98511886596679676,0.9820757508277892,0.99334573745727539
6614_01,1,0.99015259742736816,0.98831695318222035,0.9893636703491212,0.99174451828002919
6616_01,1,0.084246262907981803,0.083427593111991799,0.1099923327565193,0.4284320175647735
6618_01,2,0.99977028369903564,0.99980676174163818,0.99986034631729115,0.9997318983078004
6620_01,1,0.84255987405776978,0.81323164701461792,0.75684267282485962,0.82382327318191528
6621_01,3,0.42437839508056641,0.37671154737472529,0.4046623706817627,0.404296875
6622_01,3,0.14040195941925049,0.11472981423139569,0.1043849289417266,0.10845620930194851
6622_02,3,0.78937846422195435,0.78808480501174927,0.7849571704864502,0.771484375
6623_01,2,0.97755825519561756,0.97044914960861195,0.97806942462921143,0.9854869246482848
6624_01,5,0.0261856168508529,0.031294301152229302,0.0180914774537086,0.019005030393600401
6625_01,5,0.64876288175582886,0.68460738658905029,0.65419650077819824,0.67391085624694824
6625_02,5,0.47396472096443171,0.49366700649261469,0.48454535007476801,0.46941331028938288
6626_01,3,0.52844041585922241,0.56024008989334106,0.52838540077209473,0.54223835468292236
6628_01,3,0.094992041587829507,0.059758514165878199,0.058824628591537399,0.039195302873849799
6630_01,5,0.6517336368560791,0.67662537097930908,0.71218597888946533,0.9348955750465392
6631_01,2,0.17701646685600281,0.088904641568660694,0.17416097223758689,0.095191597938537598
6633_01,5,0.97800439596176159,0.968317210674286,0.97874617576599121,0.98264753818511963
6634_01,2,0.99511992931365956,0.99487155675888062,0.9945141077041626,0.99369370937347401
6634_02,2,0.87085068225860596,0.86290520429611206,0.87630140781402588,0.86302691698074341
6635_01,2,0.67661696672439575,0.60448724031448364,0.71092796325683594,0.64119195938110352
6635_02,2,0.13413675129413599,0.073723755776882102,0.12621314823627469,0.063764989376068101
6637_01,4,0.1101073175668716,0.1146969050168991,0.11388484388589851,0.047534763813018799
6638_01,5,0.5900389552116394,0.60827082395553589,0.59348040819168091,0.59040367603302002
6639_01,5,0.67596340179443359,0.70033693313598633,0.67423492670059204,0.68155699968338013
6641_01,5,0.99932062625884999,0.99840301275253296,0.99936276674270641,0.99872928857803345
6641_02,5,0.99980849027633678,0.99936211109161377,0.99984228610992443,0.99951195716857921
6642_01,3,0.99239051342010498,0.98299264907836925,0.98695677518844604,0.98894232511520397
6643_01,2,0.13662102818489069,0.1247963011264801,0.13675183057785029,0.10709709674119949
6645_01,1,0.99271517992019642,0.99020117521286,0.98758333921432495,0.99505269527435303
6646_01,2,0.98377329111099243,0.98584258556365956,0.9829639196395874,0.9812459945678712
6647_01,3,0.66290056705474854,0.71096527576446533,0.66715478897094727,0.67382079362869263
6649_01,2,0.2514197826385498,0.28326684236526489,0.25177469849586481,0.27342721819877619
6650_01,2,0.17315632104873649,0.1274114102125167,0.1504463255405426,0.1108670681715011
6652_01,1,0.12832778692245481,0.13325896859169001,0.12290596961975089,0.1116840541362762
6654_01,2,0.98658913373947144,0.98776656389236439,0.98530107736587524,0.98697084188461304
6654_02,2,0.97709453105926525,0.98146355152130116,0.97567319869995117,0.97780352830886841
6654_03,2,0.98449718952178955,0.98652565479278564,0.98563873767852783,0.98641836643219005
6655_01,5,0.31742489337921143,0.33917275071144098,0.32863306999206537,0.35465633869171143
6656_01,3,0.9754827618598938,0.96401578187942505,0.97358244657516479,0.96158725023269642
6659_01,5,0.85436278581619263,0.83542889356613159,0.86137259006500244,0.86978793144226074
6660_01,1,0.0913815721869468,0.084349237382411901,0.068225771188735906,0.065112590789794894
6662_01,3,0.97072327136993397,0.9456859827041626,0.96178406476974476,0.94430673122405995
6662_02,3,0.95406663417816162,0.91581279039382923,0.94727396965026855,0.90777480602264404
6662_03,3,0.99231958389282238,0.98242431879043579,0.98860430717468262,0.98492681980133057
6663_01,5,0.12607809901237479,0.12678390741348261,0.083723157644271795,0.087231606245040894
6663_02,5,0.248218297958374,0.24950654804706571,0.2199026495218277,0.20156893134117121
6664_01,2,0.98934912681579601,0.9912891387939452,0.99018442630767822,0.99200224876403797
6665_01,3,0.99805933237075795,0.99737954139709484,0.99796253442764282,0.99897700548171997
6665_02,3,0.66579151153564453,0.73364883661270142,0.67577236890792847,0.74716204404830933
6665_03,3,0.43205991387367249,0.54811036586761475,0.47772407531738281,0.59172213077545166
6665_04,3,0.0084626218304037996,0.0050158146768808001,0.0051486631855367998,0.0014490378089249
6667_01,4,0.99974632263183605,0.99958193302154541,0.99977266788482677,0.99979066848754883
6668_01,3,0.87397366762161255,0.8218035101890564,0.87946963310241699,0.83393412828445435
6668_02,3,0.11119915544986721,0.1726336777210235,0.1027517914772033,0.10457237809896459
6669_01,2,0.95672035217285156,0.97888779640197765,0.97841596603393555,0.97250139713287365
6670_01,1,0.18538981676101679,0.15649810433387751,0.18949013948440549,0.10782520473003381
6671_01,4,0.98994100093841564,0.98981004953384399,0.99002915620803844,0.99267607927322399
6671_02,4,0.1268452107906341,0.14965768158435819,0.1387413144111633,0.13639125227928159
6671_03,4,0.069423444569110801,0.0517155341804027,0.054610617458820301,0.043067395687103202
6672_01,5,0.98910605907440197,0.98568964004516602,0.99133098125457764,0.98310911655426036
6672_02,5,0.99573802947998036,0.9927828311920166,0.996790051460266,0.99048805236816395
6672_03,5,0.56390422582626343,0.63375389575958252,0.51137387752532959,0.70893776416778564
6672_04,5,0.99429911375045776,0.99045628309249878,0.99553859233856201,0.98810529708862305
6673_01,2,0.070651754736900302,0.039067856967449098,0.056041091680526699,0.029119227081537202
6674_01,4,0.084869541227817494,0.094524227082729298,0.079714886844158103,0.087242044508457101
6674_02,4,0.92707335948944081,0.93520891666412365,0.91903585195541382,0.9306175708770752
6674_03,4,0.96086686849594116,0.96983790397644043,0.96102815866470337,0.96946477890014637
6674_04,4,0.92636966705322277,0.92869615554809559,0.92699450254440319,0.91254115104675282
6674_05,4,0.0387047156691551,0.037462323904037399,0.0295730531215667,0.0281191170215606
6675_01,4,0.085124745965003898,0.1001564711332321,0.084024071693420396,0.052691414952278103
6675_02,4,0.2166938781738281,0.2163046449422836,0.2158790379762649,0.1381286084651947
6676_01,5,0.99622291326522838,0.99403584003448475,0.99745905399322521,0.99116188287734996
6680_01,2,0.48657876253128052,0.48911857604980469,0.47911006212234492,0.559326171875
6681_01,5,0.71862697601318359,0.71336734294891357,0.68471568822860718,0.70938205718994141
6683_01,1,0.71751290559768677,0.73274886608123779,0.70463204383850098,0.72176831960678101
6684_01,5,0.000147751532495,0.00012317691289350001,6.633521115873009e-05,3.9993112295633182e-05
6684_02,5,0.21251398324966431,0.23526525497436521,0.20343212783336639,0.1599782705307006
6684_03,5,0.0023374441079795001,0.0020135885570197998,0.00097193545661859997,0.00012297852663320001
6691_01,3,0.41909042000770569,0.56355232000350952,0.56786644458770752,0.89423036575317383
6692_01,3,0.99950945377349842,0.99948179721832275,0.99951094388961803,0.9998495578765868
6693_01,1,0.3285111784934997,0.24161252379417419,0.26520374417304993,0.20097449421882629
6694_01,1,0.61010730266571045,0.60906869173049927,0.6095348596572876,0.59382462501525879
6697_01,1,0.1141462326049804,0.098240956664085305,0.069738864898681599,0.075796410441398607
6698_01,1,0.13214787840843201,0.1222197860479354,0.11265939474105829,0.092654578387737205
6699_01,1,0.1184954717755317,0.1211750209331512,0.1034960448741912,0.098034426569938604
6702_01,2,0.5235600471496582,0.53218197822570801,0.53164809942245483,0.50677454471588135
6706_01,3,0.96615546941757202,0.95456087589263916,0.96846681833267201,0.96067893505096436
6706_02,3,0.97115999460220337,0.96093225479125977,0.97211205959320079,0.96334934234619141
6707_01,2,0.97713297605514515,0.98032999038696278,0.97685909271240245,0.97277510166168202
6708_01,2,0.83432924747467041,0.75094038248062134,0.839893639087677,0.81699144840240479
6708_02,2,0.83327251672744751,0.76160043478012085,0.84159588813781738,0.81264495849609375
6708_03,2,0.064966887235641396,0.043762717396020799,0.056819714605808203,0.040651381015777498
6708_04,2,0.9364336133003236,0.93433022499084484,0.94500422477722157,0.92863976955413818
6708_05,2,0.93718588352203358,0.93513846397399902,0.94330465793609619,0.92818045616149902
6708_06,2,0.92948830127716064,0.92552292346954357,0.93478453159332275,0.90928453207016002
6709_01,3,0.98682796955108643,0.97215861082077037,0.9819762110710144,0.97830659151077282
6711_01,5,0.54798120260238647,0.51575684547424316,0.53613382577896118,0.506591796875
6713_01,2,0.11729654669761649,0.099571883678436196,0.1104527413845062,0.084660924971103599
6718_01,3,0.1174289882183075,0.077914856374263694,0.0800159871578216,0.026988081634044599
6718_02,3,0.52273893356323242,0.62204635143280029,0.53331053256988525,0.58161664009094238
6718_03,3,0.53657597303390503,0.59792375564575195,0.55062592029571533,0.59538477659225464
6719_01,3,0.98089611530303955,0.97539234161376964,0.98077011108398438,0.98049843311309803
6720_01,3,0.39150524139404291,0.40912544727325439,0.4233653843402862,0.39518719911575317
6721_01,5,0.95159608125686646,0.96172034740447998,0.94722998142242443,0.96947532892227162
6722_01,5,0.993152916431427,0.99065488576889038,0.99430453777313244,0.98909306526184082
6722_02,5,0.0042259078472851996,0.0017754114232957001,0.0016669750912114,0.00041589097236280001
6722_03,5,0.99524438381195079,0.99286234378814697,0.99619168043136597,0.99281585216522217
6724_01,2,0.99751621484756481,0.99772310256957997,0.99779069423675537,0.99650776386260997
6724_02,2,0.99877816438674916,0.99886476993560802,0.99894559383392323,0.997994065284729
6725_01,5,0.00058937026187769995,0.00039022957207629998,0.00021367128647389999,4.6340424887603149e-05
6726_01,2,0.34047263860702509,0.35038098692893982,0.3458879292011261,0.3451346755027771
6727_01,5,0.16750408709049219,0.21659786999225611,0.34254848957061768,0.37384474277496338
6729_01,3,0.1183879598975181,0.15428751707077021,0.1218745484948158,0.1051709577441215
6729_02,3,0.98032450675964355,0.97251379489898682,0.98058485984802235,0.97160673141479481
6729_03,3,0.074729919433593694,0.085538610816001795,0.078984901309013297,0.1305655837059021
6730_01,3,0.97417259216308605,0.96763622760772705,0.97693228721618641,0.96392631530761719
6731_01,4,0.049831964075565303,0.023166213184595101,0.042379714548587799,0.0080573679879307001
6734_01,5,0.99947106838226318,0.99844950437545776,0.99954915046691895,0.99981343746185303
6734_02,5,0.99968045949935924,0.99922353029251099,0.99973225593566895,0.99933034181594838
6734_03,5,0.99975681304931641,0.99932211637496959,0.99979591369628917,0.99948221445083618
6734_04,5,0.99979174137115479,0.99939262866973877,0.99983775615692139,0.99952173233032238
6736_01,1,0.037432510405778802,0.071668289601802798,0.137884646654129,0.29043793678283691
6739_01,1,0.99425041675567638,0.99330955743789684,0.9919971227645874,0.99488645792007435
6741_01,2,0.52372509241104126,0.54779034852981567,0.53512042760848999,0.551513671875
6741_02,2,0.067630857229232705,0.065558873116970007,0.066880643367767306,0.083398513495922005
6742_01,5,0.090828381478786399,0.11059188097715369,0.0970520600676536,0.26986891031265259
6744_01,3,0.18804931640625,0.1274496912956237,0.124311938881874,0.0620700903236866
6744_02,3,0.081311546266078893,0.059626221656799303,0.053612884134054101,0.061485983431339201
6744_03,3,0.47376424074172968,0.4650347232818603,0.448261559009552,0.32569655776023859
6744_04,3,0.60313808917999268,0.6052325963973999,0.59437358379364014,0.75004911422729492
6744_05,3,0.1287235021591186,0.088017523288726807,0.088910117745399406,0.050208523869514403
6745_01,2,0.19334441423416129,0.2090438157320022,0.2006244957447052,0.22442002594470969
6746_01,3,0.50845295190811157,0.54940545558929443,0.51554793119430542,0.52117645740509033
6747_01,5,0.97146528959274281,0.98339587450027477,0.97135066986083984,0.98443192243576039
6748_01,2,0.97903013229370117,0.983587086200714,0.98105931282043457,0.97665739059448242
6748_02,2,0.98734194040298462,0.98569607734680176,0.9869084358215332,0.97488796710968018
6748_03,2,0.1063235700130462,0.1042800843715667,0.1055419594049453,0.15058991312980649
6748_04,2,0.13582459092140189,0.1363168656826019,0.1361898183822631,0.1490026712417602
6749_01,1,0.86523240804672241,0.87404698133468628,0.85785526037216187,0.89431291818618774
6750_01,3,0.30532747507095331,0.27107501029968262,0.2667811512947082,0.14702285826206199
6751_01,1,0.98225390911102295,0.98308092355728161,0.98303544521331798,0.98909926414489757
6751_02,1,0.5131988525390625,0.61722385883331299,0.52531462907791138,0.61508423089981079
6753_01,5,0.96229034662246704,0.97534018754959118,0.96560591459274281,0.97647225856780995
6753_02,5,0.56246703863143921,0.51344394683837891,0.56608939170837402,0.48151004314422607
6754_01,2,0.99967128038406361,0.99974757432937622,0.99979108572006237,0.99975109100341797
6756_01,2,0.081955835223197895,0.067213609814643804,0.076973423361778204,0.061393868178129099
6756_02,2,0.4832434356212616,0.45693334937095642,0.49129247665405268,0.51593184471130371
6756_03,2,0.59016668796539307,0.58599686622619629,0.58469295501708984,0.59375
6757_01,2,0.090724028646945898,0.076984792947769096,0.10173112899065009,0.0544113889336586
6758_01,4,0.27654829621315002,0.27525311708450317,0.26402890682220459,0.21122975647449491
6760_01,2,0.58429020643234253,0.56747335195541382,0.56976354122161865,0.552387535572052
6761_01,3,0.97616159915924083,0.96371018886566162,0.97733283042907715,0.97305583953857422
6761_02,3,0.1390663683414459,0.085605219006538294,0.14492298662662501,0.077796161174774101
6762_01,1,0.7105293869972229,0.67327678203582764,0.71489882469177246,0.60710310935974121
6763_01,2,0.34151476621627808,0.4447739422321319,0.36393922567367548,0.7317802906036377
6764_01,5,0.051079418510198503,0.042735517024993799,0.027789007872343001,0.0322404243052005
6764_02,5,0.49730253219604492,0.57094252109527588,0.54680025577545166,0.65356636047363281
6765_01,4,0.99317920207977295,0.99025642871856678,0.99383729696273804,0.99480265378952037
6766_01,2,0.1248248219490051,0.1016803607344627,0.1189365908503532,0.080610007047653198
6766_02,2,0.66135841608047485,0.65844458341598511,0.6561506986618042,0.66780924797058105
6766_03,2,0.61429595947265625,0.61977452039718628,0.61617362499237061,0.614990234375
6773_01,4,0.0026196979451923999,0.0019413725240156,0.0015392887871712,0.00042515742825339998
6774_01,1,0.57568538188934326,0.600055992603302,0.58480250835418701,0.62085366249084473
6774_02,1,0.50532436370849609,0.50666838884353638,0.50924885272979736,0.49603134393692011
6774_03,1,0.53408652544021606,0.47968924045562739,0.56019484996795654,0.4833984375
6775_01,5,0.99359261989593517,0.99337470531463623,0.99202072620391835,0.99468332529068004
6776_01,5,0.1026546359062194,0.075337566435336997,0.049255415797233498,0.057074498385190901
6778_01,2,0.1112130135297775,0.097431629896163899,0.1108261868357658,0.072437718510627705
6779_01,2,0.99970334768295277,0.99983048439025879,0.99978286027908325,0.99987661838531483
6779_02,2,0.99959522485733043,0.99967098236083984,0.99968981742858876,0.9995928406715392
6779_03,2,0.99932610988616943,0.99922823905944824,0.99943757057189941,0.99920660257339478
6779_04,2,0.99472522735595703,0.99621719121932983,0.99632775783538818,0.99731451272964478
6780_01,2,0.99970221519470204,0.99976623058319081,0.9998331069946288,0.9996982216835022
6780_02,2,0.7835422158241272,0.80819809436798096,0.77763748168945312,0.87573534250259399
6782_01,4,0.2701133787631988,0.26251864433288569,0.27004438638687128,0.2764582633972168
6784_01,1,0.39044177532196039,0.42705976963043207,0.36986261606216431,0.36865234375
6784_02,1,0.76594114303588867,0.78263241052627563,0.74143373966217041,0.77357900142669678
6786_01,4,0.1021391451358795,0.1172012463212013,0.1126444190740585,0.084272906184196403
6787_01,4,0.42852693796157831,0.393231451511383,0.42042693495750427,0.40276896953582758
6787_02,4,0.5451359748840332,0.52378815412521362,0.5432429313659668,0.5322265625
6787_03,4,0.65326124429702759,0.68179053068161011,0.69277918338775635,0.72412109375
6787_04,4,0.57337367534637451,0.52284121513366699,0.55242782831192017,0.48650181293487549
6787_05,4,0.66462981700897217,0.64074432849884033,0.66874229907989502,0.62980318069458008
6787_06,4,0.67781716585159302,0.64223164319992065,0.68096721172332764,0.61881327629089355
6787_07,4,0.099562533199787098,0.1074228137731552,0.089443989098071996,0.078809186816215501
6788_01,2,0.33231747150421143,0.33841398358345032,0.36466607451438898,0.28890267014503479
6789_01,3,0.16275563836097709,0.1692850589752197,0.19785049557685849,0.23296342790126801
6792_01,5,0.57924175262451172,0.57122403383255005,0.58387023210525513,0.64753496646881104
6794_01,1,0.74887019395828247,0.78264158964157104,0.74128437042236328,0.78336703777313232
6796_01,4,0.1221128404140472,0.14374905824661249,0.13001099228858939,0.12101170420646661
6798_01,5,0.097513861954212105,0.1590906083583831,0.27234539389610291,0.50835698843002319
6799_01,2,0.99977838993072521,0.99977010488510121,0.99986016750335682,0.99974024295806885
6800_01,3,0.65452206134796143,0.67012685537338257,0.65490418672561646,0.655029296875
6801_01,5,0.99960577487945557,0.99878633022308361,0.99971675872802723,0.9997442364692688
6802_01,5,0.14189374446868891,0.1652339696884155,0.1268876641988754,0.24575279653072349
6805_01,4,0.18131387233734131,0.21633464097976679,0.17092388868331909,0.2129367589950561
6806_01,2,0.98054486513137817,0.979453444480896,0.97562426328659058,0.97737103700637817
6808_01,1,0.12849198281764981,0.114291176199913,0.1184950619935989,0.075718477368354797
6810_01,1,0.45822304487228388,0.59056031703948975,0.48242363333702087,0.61247265338897705
6810_02,1,0.49677947163581848,0.44783750176429749,0.6292080283164978,0.56723117828369141
6810_03,1,0.92802661657333363,0.97280937433242798,0.92233389616012562,0.99302589893341064
6810_04,1,0.76726639270782471,0.81493622064590454,0.75344407558441162,0.83954858779907227
6810_05,1,0.66046231985092163,0.73557835817337036,0.67152905464172363,0.72005784511566162
6813_01,5,0.16291254758834839,0.16479185223579401,0.22622567415237421,0.212158203125
6814_01,2,0.97205716371536244,0.96873247623443604,0.96545910835266124,0.96666419506072998
6816_01,5,0.65655434131622314,0.69470393657684326,0.66933244466781616,0.66789084672927856
6816_02,5,0.10164210200309751,0.1323108226060867,0.080901794135570498,0.10601397603750221
6816_03,5,0.61685717105865479,0.67820167541503906,0.60754561424255371,0.64509487152099609
6816_04,5,0.37402439117431641,0.39581203460693359,0.3836815357208252,0.37467977404594421
6816_05,5,0.79823935031890869,0.82276827096939087,0.80992579460144043,0.806396484375
6816_06,5,0.4984725415706634,0.5223388671875,0.47482448816299438,0.5130046010017395
6817_01,4,0.1185716614127159,0.094728410243987995,0.1007407084107399,0.029636971652507699
6818_01,5,0.68101209402084351,0.77960312366485596,0.77178496122360229,0.86418825387954712
6820_01,1,0.0468611940741539,0.0559920966625213,0.063815437257289803,0.09033203125
6821_01,1,0.2672992050647735,0.23672008514404291,0.24207517504692069,0.18868629634380341
6822_01,4,0.2665190696716308,0.24120944738388059,0.23830530047416679,0.22352960705757141
6824_01,2,0.26686903834342951,0.38618084788322449,0.301037847995758,0.4691237211227417
6825_01,1,0.98394072055816639,0.98510414361953735,0.98399245738983165,0.99140024185180664
6825_02,1,0.020742084830999302,0.0174991898238658,0.0095356991514563005,0.015134216286242
6826_01,3,0.0797467231750488,0.085620656609535203,0.050464514642953803,0.036479733884334502
6827_01,4,0.0019324671011418,0.0012119407765566999,0.00056657800450919996,0.0003801194252446
6827_02,4,0.98791080713272095,0.99144983291625977,0.99094378948211681,0.99176555871963501
6827_03,4,0.98753476142883301,0.99048691987991322,0.989216148853302,0.99088895320892323
6827_04,4,0.84808319807052612,0.86633491516113281,0.85200285911560059,0.88519817590713501
6829_01,5,0.5804179310798645,0.61281263828277588,0.59399574995040894,0.5974891185760498
6829_02,5,0.27194526791572571,0.25149649381637568,0.21678633987903589,0.169921875
6829_03,5,0.6115955114364624,0.6604619026184082,0.6083986759185791,0.66804826259613037
6831_01,3,0.53564453125,0.59320110082626343,0.54977738857269287,0.57575356960296631
6832_01,1,0.98285537958145142,0.97297221422195435,0.97834664583206177,0.97852301597595204
6833_01,2,0.091235637664794894,0.14342895150184631,0.097033388912677696,0.2204965651035308
6834_01,5,0.96539145708084118,0.98282098770141602,0.96534794569015503,0.98221081495285045
6837_01,5,0.34527587890625,0.37009674310684199,0.37414249777793879,0.38932803273200989
6839_01,2,0.097824618220329201,0.069425314664840698,0.093399353325366904,0.066653087735176003
6840_01,3,0.97903954982757557,0.96696144342422485,0.97858226299285878,0.97615456581115723
6841_01,5,0.61425650119781494,0.59393274784088135,0.60520040988922119,0.586181640625
6843_01,2,0.99879342317581177,0.99882888793945324,0.99907487630844116,0.9987393021583556
6843_02,2,0.99970316886901855,0.99968218803405762,0.99977016448974598,0.99966251850128163
6844_01,5,0.25020012259483337,0.30823510885238647,0.26308181881904602,0.28361451625823969
6848_01,4,0.98818123340606678,0.98828631639480602,0.98950797319412243,0.9924222230911256
6850_01,5,0.1845449954271316,0.1828849911689758,0.15315404534339899,0.12009478360414499
6850_02,5,0.65814155340194702,0.70121055841445923,0.65480458736419678,0.67293143272399902
6850_03,5,0.1406563520431518,0.091449886560439994,0.065293945372104603,0.063264101743698106
6851_01,4,0.47796148061752319,0.4605510532855987,0.46384322643280029,0.488037109375
6853_01,3,0.061666764318943003,0.12021679431200021,0.059602316468954003,0.103271447122097
6854_01,1,0.1298046261072158,0.1127183139324188,0.19295874238014221,0.061254017055034603
6857_01,5,0.48286184668540949,0.50409060716629028,0.50537014007568359,0.49542415142059321
6858_01,5,0.94430053234100342,0.97641575336456299,0.95234066247940063,0.97736960649490356
6858_02,5,0.98031753301620483,0.98749816417694081,0.98372608423233043,0.99073255062103283
6858_03,5,0.00078965956345199997,0.00049663480604059996,0.00050367234507570004,4.5923276047687978e-05
6858_04,5,0.97258925437927235,0.97377353906631481,0.98068046569824219,0.98276352882385243
6859_01,5,0.97475278377532959,0.98848682641983043,0.9701198935508728,0.98988229036331177
6861_01,3,0.98209112882614136,0.96758490800857544,0.97649216651916504,0.97422540187835682
6862_01,5,0.95848047733306885,0.98578572273254395,0.95522075891494762,0.99196982383728038
6862_02,5,0.77779436111450195,0.90959548950195324,0.7657427191734314,0.89523541927337646
6863_01,3,0.58546626567840576,0.61995100975036621,0.60003608465194702,0.5423089861869812
6864_01,2,0.92535161972045898,0.91977357864379883,0.93258136510848999,0.91112816333770763
6864_02,2,0.94458764791488636,0.9399263858795166,0.9531172513961792,0.93434369564056396
6865_01,5,0.0002245656796731,9.9058670457452536e-05,0.00010371711687179999,5.0840055337175727e-05
6865_02,5,0.99712949991226196,0.99560087919235241,0.99820184707641602,0.99314707517623901
6866_01,4,0.99954473972320557,0.99956738948822021,0.99963098764419556,0.99928903579711925
6866_02,4,0.00078296562423919999,0.00027903460431840001,0.00035559659590940002,0.0001601915864739
6868_01,2,0.026235256344079898,0.019986433908343301,0.029738787561654999,0.023768913000822001
6869_01,3,0.56007611751556396,0.56500601768493652,0.56442552804946899,0.61517101526260376
6871_01,1,0.81739461421966553,0.83869969844818115,0.76509833335876465,0.7851671576499939
6873_01,3,0.22760097682476041,0.29819941520690918,0.300942063331604,0.42666506767272949
6879_01,1,0.96309423446655285,0.95899236202240001,0.94755691289901722,0.971701979637146
6880_01,4,0.041447374969720799,0.043684922158718102,0.037312783300876597,0.016665270552039101
6880_02,4,0.51930129528045654,0.4622326791286468,0.51921135187149048,0.42204630374908447
6882_01,2,0.98891586065292358,0.9904170036315918,0.98924165964126598,0.98492729663848877
6882_02,2,0.14973917603492731,0.16243484616279599,0.13046260178089139,0.15917967259883881
6883_01,5,0.41201579570770258,0.45130875706672668,0.39284378290176392,0.27724885940551758
6885_01,3,0.98709511756896962,0.98557019233703602,0.98718744516372681,0.9826432466506958
6887_01,3,0.53872346878051758,0.55240368843078613,0.5176321268081665,0.64371186494827271
6889_01,1,0.13855001330375671,0.118382453918457,0.13242596387863159,0.086161375045776298
6891_01,4,0.39907211065292358,0.35774606466293329,0.37371677160263062,0.26626917719840998
6892_01,2,0.50114047527313232,0.51660287380218506,0.51521724462509155,0.59822845458984375
6893_01,5,0.99906492233276356,0.99752801656723022,0.99917232990264881,0.99761855602264404
6894_01,3,0.98591536283493042,0.9848637580871582,0.98610365390777599,0.9807506799697876
6894_02,3,0.99315667152404796,0.99295419454574585,0.99351847171783436,0.99537861347198475
6894_03,3,0.98563104867935181,0.98692822456359863,0.98721784353256237,0.98687303066253662
6895_01,1,0.0097257252782582994,0.0022845440544188001,0.0045031793415546001,0.0013445987133309
6896_01,1,0.093083277344703605,0.1102905720472335,0.083215698599815299,0.086886629462242099
6896_02,1,0.99060702323913563,0.98947244882583618,0.9903254508972168,0.99532383680343639
6896_03,1,0.98700797557830799,0.98493111133575439,0.98592722415924083,0.99371433258056641
6898_01,1,0.97147560119628917,0.97741442918777477,0.97146111726760864,0.9855053424835204
6899_01,1,0.30661574006080627,0.31536939740180969,0.32428228855133051,0.36603236198425287
6899_02,1,0.8375433087348938,0.83952349424362183,0.83620589971542358,0.89507341384887695
6900_01,4,0.975205898284912,0.95870393514633179,0.97063624858856201,0.98031526803970337
6901_01,1,0.53111159801483154,0.50118589401245117,0.47952541708946228,0.39702239632606501
6902_01,4,0.97378373146057118,0.9649486541748048,0.96920472383499157,0.98327529430389404
6903_01,1,0.15622745454311371,0.1993819177150726,0.1910520195960998,0.29359793663024902
6905_01,1,0.45698198676109308,0.44163447618484492,0.46096587181091309,0.39777427911758417
6905_02,1,0.040776412934064803,0.040448520332574803,0.0269675198942422,0.025455482304096201
6905_03,1,0.50596606731414795,0.49937167763710022,0.50143319368362427,0.44940102100372309
6906_01,3,0.58200943470001221,0.51189637184143066,0.52144157886505127,0.32291170954704279
6906_02,3,0.41874417662620539,0.41058298945426941,0.40950858592987061,0.48601436614990229
6906_03,3,0.99213725328445435,0.99208837747573841,0.99242889881134044,0.99703991413116455
6907_01,3,0.51797598600387573,0.54652440547943115,0.5256803035736084,0.53588783740997314
6908_01,1,0.0003375588566996,0.00018121718312609999,0.0001200798578793,8.8981716544367373e-05
6910_01,1,0.27055194973945618,0.3039993941783905,0.24389037489891049,0.2975242137908935
6911_01,3,0.4400449395179748,0.4717839360237121,0.51415926218032837,0.65630173683166504
6912_01,1,0.012490848079323699,0.0044404235668479997,0.0088804718106985005,0.0016868117963895
6913_01,5,0.99269658327102661,0.98965322971344005,0.99374455213546764,0.98552095890045155
6913_02,5,0.057422764599323203,0.070622414350509602,0.0318572260439395,0.038851637393236098
6915_01,4,0.99435555934905995,0.99183404445648204,0.99401235580444336,0.99499750137329102
6917_01,2,0.046609178185462903,0.039192732423543902,0.046857655048370299,0.0500914379954338
6918_01,4,0.95063275098800659,0.94193869829177856,0.94716906547546398,0.94788306951522838
6920_01,5,0.079974584281444494,0.0224874541163444,0.016652958467602699,0.0132851973176002
6921_01,5,0.99966585636138916,0.99891209602355957,0.99971902370452881,0.99969577789306641
6921_02,5,0.99963462352752686,0.99905866384506237,0.99966728687286377,0.99917656183242798
6921_03,5,0.99989187717437744,0.99964231252670277,0.99992460012435924,0.99985921382904042
6921_04,5,0.9997575283050536,0.99932980537414562,0.999791979789734,0.99973475933074962
6921_05,5,0.99971622228622437,0.99930441379547119,0.99977535009384155,0.99944812059402477
6921_06,5,0.00051956292008980003,0.00044499704381450002,0.0001823908096412,7.4201809184160084e-05
6924_01,4,0.64343106746673584,0.62054765224456787,0.62497806549072266,0.54583573341369629
6925_01,4,0.3581120073795318,0.35060611367225641,0.37925329804420471,0.35920321941375732
6926_01,3,0.14406582713127131,0.16507638990879059,0.1352895051240921,0.1036823466420173
6928_01,3,0.024663887917995401,0.0093369977548718001,0.0054629505611955998,0.0019664387218654
6928_02,3,0.84368711709976196,0.78747713565826416,0.84549927711486816,0.77772951126098633
6929_01,3,0.47508296370506281,0.54304909706115723,0.4886164665222168,0.53564453125
6929_02,3,0.51528894901275635,0.58427834510803223,0.52397054433822632,0.54833984375
6929_03,3,0.41761904954910278,0.36547836661338801,0.34747299551963801,0.323891282081604
6930_01,3,0.97063863277435303,0.95105344057083119,0.96392625570297241,0.95859307050704956
6931_01,5,0.99539512395858765,0.99560314416885376,0.99599421024322521,0.99467247724533081
6932_01,4,0.38669860363006592,0.30282187461853027,0.3211463987827301,0.34819242358207703
6934_01,5,0.46792924404144282,0.44318446516990662,0.58741825819015503,0.46062099933624268
6934_02,5,0.064879290759563404,0.031491402536630603,0.029522020369768101,0.0204132348299026
6937_01,2,0.7979009747505188,0.82103335857391357,0.7979351282119751,0.82665705680847168
6939_01,4,0.1082556024193763,0.1128192320466041,0.11323362588882439,0.078817211091518402
6940_01,5,0.44649985432624811,0.45265468955039978,0.45033407211303711,0.48699408769607538
6943_01,1,0.99948698282241821,0.99924075603485119,0.99941384792327881,0.99945384263992321
6944_01,3,0.97366571426391602,0.95209455490112305,0.97288763523101796,0.95025104284286499
6945_01,1,0.99921107292175282,0.99907463788986195,0.99906891584396362,0.99912035465240479
6946_01,5,0.086512848734855596,0.069669224321842194,0.059361126273870399,0.0469788052141666
6947_01,4,0.99955719709396362,0.99961686134338379,0.99967443943023682,0.99972552061080922
6947_02,4,0.43088912963867188,0.56133449077606201,0.44509392976760859,0.50007355213165283
6949_01,4,0.63236600160598755,0.41879048943519592,0.41271513700485229,0.43156561255455012
6950_01,4,0.99976456165313721,0.99976599216461182,0.99981236457824718,0.99981981515884399
6950_02,4,0.99982053041458119,0.99983131885528564,0.99987000226974476,0.99985671043395996
6951_01,3,0.917974293231964,0.91051042079925537,0.91216796636581421,0.91579777002334595
6951_02,3,0.97782838344573964,0.97117125988006603,0.97805541753768921,0.97027403116226196
6954_01,2,0.044803556054830503,0.017403099685907301,0.038307242095470401,0.015745131298899599
6954_02,2,0.060216210782527903,0.044090431183576501,0.055397853255271898,0.0301847364753484
6957_01,2,0.98301446437835682,0.99407768249511719,0.98641121387481678,0.98848199844360363
6960_01,4,0.23155170679092399,0.20542037487030029,0.20593512058258051,0.26481923460960388
6962_01,1,0.1456761509180069,0.15889802575111389,0.096114389598369598,0.1226148903369903
6963_01,5,0.063842341303825295,0.048326592892408302,0.040389034897088998,0.039130721241235698
6964_01,5,0.61420857906341553,0.59136378765106201,0.55225419998168945,0.62133955955505371
6966_01,4,0.1149699389934539,0.1182457357645034,0.11570204794406889,0.0919068753719329
6967_01,2,0.23354323208332059,0.32256379723548889,0.26536622643470759,0.35897433757781982
6968_01,2,0.47485405206680298,0.43105936050415039,0.46679839491844177,0.411376953125
6968_02,2,0.092576615512370994,0.097095027565956102,0.095012664794921806,0.16357421875
6970_01,1,0.042197082191705697,0.042396560311317402,0.038750614970922401,0.036389809101819902
6970_02,1,0.17955286800861359,0.18019324541091919,0.14808905124664301,0.13148638606071469
6971_01,2,0.97231149673461925,0.96874427795410156,0.97221946716308605,0.97962665557861317
6971_02,2,0.97166490554809559,0.97173196077346802,0.97545456886291504,0.98157674074172963
6971_03,2,0.97253209352493275,0.98493170738220204,0.97856575250625599,0.98468303680419922
6971_04,2,0.99805516004562378,0.99827349185943604,0.99822604656219482,0.99714547395706177
6971_05,2,0.97550928592681885,0.98857969045639038,0.97552245855331421,0.99370014667510997
6971_06,2,0.033523265272378901,0.021438991650938901,0.023982226848602201,0.018408656120300199
6972_01,4,0.1042413413524627,0.12684439122676849,0.107557900249958,0.1171819940209388
6973_01,4,0.1281052827835083,0.065615743398666299,0.0693027228116989,0.082377851009368896
6976_01,1,0.65761369466781616,0.68206828832626343,0.65663760900497437,0.71980297565460205
6977_01,4,0.90576440095901478,0.88816303014755249,0.91826164722442638,0.89702391624450684
6977_02,4,0.96164315938949585,0.93805712461471558,0.96308040618896484,0.94102758169174205
6978_01,4,0.75094306468963623,0.59104406833648682,0.6151280403137207,0.44879364967346191
6979_01,3,0.068496972322463906,0.066559962928295094,0.0365459434688091,0.027889443561434701
6980_01,3,0.1192652583122253,0.21353074908256531,0.2141714990139007,0.24375972151756281
6981_01,2,0.11721565574407571,0.096330858767032596,0.1172822415828704,0.085692666471004403
6982_01,3,0.4961564838886261,0.52608084678649902,0.50460869073867798,0.4892578125
6984_01,4,0.064611330628394997,0.045315574854612302,0.0501676499843597,0.032018866389989797
6984_02,4,0.97529554367065441,0.96679872274398804,0.96578294038772583,0.95770496129989624
6984_03,4,0.025053992867469701,0.016875119879841801,0.018727082759141901,0.0078252479434013002
6985_01,5,0.3906848132610321,0.41115766763687128,0.4080474972724914,0.364990234375
6987_01,3,0.92894619703292836,0.92012333869934082,0.93273568153381359,0.92108726501464844
6988_01,3,0.052021831274032503,0.049473036080598803,0.060785308480262701,0.044636338949203401
6988_02,3,0.992173671722412,0.99054706096649159,0.99227583408355724,0.99404275417327881
6990_01,5,0.1204075440764427,0.1183596551418304,0.1203746944665908,0.10408312082290649
6991_01,5,0.012513715773820801,0.012179546058177899,0.0059260926209389999,0.0011699238093569001
6991_02,5,0.97915202379226685,0.98381924629211437,0.98193639516830444,0.9886762499809264
6992_01,5,0.56213110685348511,0.55997622013092041,0.59117531776428223,0.563720703125
6992_02,5,0.60750275850296021,0.63498830795288086,0.60205525159835815,0.60068345069885254
6992_03,5,0.61960506439208984,0.66658562421798706,0.64164054393768311,0.66153848171234131
6994_01,2,0.99871200323104858,0.99871641397476196,0.99899715185165405,0.99850082397460938
6994_02,2,0.0026850302238017,0.0013183160917833001,0.0021574469283223,0.00099741469603030009
6995_01,2,0.57322555780410767,0.55511236190795898,0.5986211895942688,0.54053723812103271
6996_01,3,0.29813191294670099,0.24134036898612971,0.2681563794612884,0.306396484375
6997_01,5,0.1243221461772918,0.1261458694934845,0.076053947210311806,0.090242788195610005
6997_02,5,0.066007196903228704,0.051390070468187297,0.046831954270601203,0.048993613570928497
6998_01,1,0.13007369637489319,0.11955425888299941,0.1012293249368667,0.091013804078102098
6999_01,5,0.024521088227629599,0.014206604100763701,0.013221269473433399,0.0133563531562685
7001_01,2,0.99607026576995839,0.99581497907638561,0.99585336446762085,0.99721014499664318
7002_01,4,0.28359237313270569,0.22989729046821589,0.24063578248023981,0.1934480220079422
7004_01,4,0.1744140088558197,0.16389051079750061,0.15825462341308591,0.1178094372153282
7005_01,4,0.65942323207855225,0.66074639558792114,0.68062710762023926,0.665283203125
7006_01,1,0.96477729082107544,0.97151780128479004,0.95935976505279541,0.97752416133880615
7007_01,5,0.82752752304077148,0.77574878931045532,0.84243100881576538,0.92646020650863636
7007_02,5,0.10012448579072949,0.1056476309895515,0.064373798668384496,0.1033101305365562
7008_01,1,0.16032642126083371,0.1619745045900344,0.1735055148601532,0.120659202337265
7010_01,4,0.39518564939498901,0.29745110869407648,0.35899728536605829,0.27962562441825861
7010_02,4,0.078721776604652405,0.080702088773250497,0.084584623575210502,0.042119264602661098
7011_01,3,0.13437262177467341,0.103092074394226,0.1003277897834777,0.079946301877498599
7013_01,5,0.93786936998367321,0.9775652289390564,0.94449645280838002,0.98041212558746338
7014_01,1,0.99730771780014038,0.99885112047195435,0.99767953157424916,0.99938046932220459
7015_01,5,0.97513085603714,0.98636764287948597,0.97715228796005238,0.98563659191131603
7016_01,1,0.71487796306610107,0.72585219144821167,0.71004748344421387,0.72249841690063477
7017_01,5,0.56813275814056396,0.60239225625991821,0.57951980829238892,0.577880859375
7018_01,4,0.19484978914260859,0.1750097572803497,0.195032924413681,0.14901414513587949
7019_01,1,0.51306438446044922,0.45432713627815241,0.51814413070678711,0.46550953388214111
7019_02,1,0.23715907335281369,0.20489403605461121,0.20713922381401059,0.21967482566833491
7020_01,1,0.91494864225387562,0.91522151231765758,0.90268391370773315,0.90597802400589
7021_01,2,0.91979032754898082,0.9200589656829834,0.92239093780517578,0.91897469758987438
7022_01,4,0.99859094619750977,0.99842149019241322,0.99814593791961681,0.99936574697494518
7022_02,4,0.089855402708053506,0.081435807049274403,0.073853984475135803,0.063656315207481301
7025_01,4,0.92152142524719238,0.88964897394180298,0.92203474044799805,0.92546463012695324
7026_01,3,0.067052133381366702,0.049192771315574597,0.039073310792446102,0.029089396819472299
7027_01,2,0.88403332233428955,0.94752281904220581,0.95675700902938843,0.96202707290649403
7028_01,2,0.72626221179962158,0.77409511804580688,0.73251968622207642,0.77059721946716309
7028_02,2,0.90030092000961304,0.91276383399963379,0.91175657510757435,0.90419059991836559
7029_01,1,0.83042913675308228,0.7981574535369873,0.83841675519943237,0.84569871425628662
7029_02,1,0.68965768814086914,0.668476402759552,0.67989140748977661,0.6748046875
7031_01,1,0.44169563055038452,0.46473732590675348,0.43863368034362787,0.46875002980232239
7032_01,1,0.30822786688804621,0.24940384924411771,0.31305000185966492,0.23686379194259641
7034_01,1,0.1076383665204048,0.10405195504426951,0.12879756093025199,0.2357858270406723
7036_01,1,0.68593180179595947,0.72030800580978394,0.68526184558868408,0.74481076002120972
7037_01,2,0.012111041694879501,0.0077360975556075001,0.013844646513462001,0.0086240917444229005
7038_01,5,0.5631263256072998,0.58389878273010254,0.5712621808052063,0.57641607522964478
7039_01,2,0.1175875589251518,0.1286817640066146,0.11317376792430869,0.1500454843044281
7040_01,1,0.93519020080566395,0.935535728931427,0.92842924594879161,0.93535888195037842
7041_01,4,0.99424481391906738,0.9918702244758606,0.99428009986877441,0.99391776323318481
7042_01,2,0.66452908515930176,0.62064433097839355,0.6702045202255249,0.58925521373748779
7044_01,4,0.11210060119628899,0.1007430255413055,0.096797727048396995,0.084762215614318806
7045_01,2,0.16135668754577631,0.150322675704956,0.15365955233573911,0.154296875
7047_01,1,0.94843310117721558,0.95010924339294445,0.94685083627700795,0.94755375385284424
7048_01,2,0.20970556139945981,0.18266093730926511,0.18596190214157099,0.17891792953014371
7049_01,5,0.92549610137939442,0.97267913818359375,0.94584906101226796,0.977869153022766
7050_01,4,0.61942660808563232,0.579506516456604,0.62759780883789062,0.58681315183639526
7051_01,2,0.16466028988361359,0.16199520230293271,0.16430388391017911,0.1883774995803833
7052_01,4,0.96297287940979004,0.97695600986480724,0.96456968784332275,0.9861627221107484
7053_01,2,0.070700205862522097,0.054741438478231402,0.065064229071140206,0.058409869670867899
7056_01,4,0.036031946539878797,0.025193993002176202,0.020376028493046702,0.014689665287733
7057_01,4,0.024653190746903399,0.016050415113568299,0.016291607171297001,0.0084160473197698003
7058_01,1,0.98780566453933716,0.98729968070983876,0.98635613918304443,0.99128437042236317
7059_01,3,0.92829787731170643,0.88289296627044678,0.9257606267929076,0.90337663888931286
7060_01,3,0.1101138666272163,0.090170964598655701,0.072505325078964206,0.1000153124332428
7061_01,4,0.87297660112380981,0.82162201404571533,0.87546682357788086,0.83378016948699951
7062_01,1,0.1022876650094986,0.1050131022930145,0.086019396781921303,0.1368575245141983
7068_01,4,0.1157232522964477,0.1081611439585685,0.11663903295993799,0.14271761476993561
7069_01,5,0.080925047397613498,0.076956160366535104,0.0429380983114242,0.0246947538107633
7069_02,5,0.94814491271972656,0.97603750228881836,0.96395605802536,0.97558504343032837
7069_03,5,0.81097662448883057,0.87816619873046875,0.85395652055740356,0.82666015625
7071_01,1,0.40847259759902949,0.37963873147964478,0.399903655052185,0.41318041086196899
7072_01,2,0.13495007157325739,0.17744684219360349,0.13406306505203239,0.18705907464027399
7073_01,2,0.78992593288421631,0.7942655086517334,0.78969764709472656,0.761474609375
7074_01,5,0.87184947729110718,0.92437452077865601,0.9042142629623412,0.92472004890441895
7074_02,5,0.095552667975425706,0.1414797753095626,0.32468459010124201,0.46928638219833368
7077_01,4,0.56745254993438721,0.49800258874893188,0.5382002592086792,0.38322716951370239
7078_01,1,0.15757045149803159,0.1458007991313934,0.16050468385219571,0.1765415221452713
7079_01,2,0.4405055940151214,0.50668627023696899,0.44303524494171143,0.61362189054489136
7080_01,5,0.70985960960388184,0.73228788375854492,0.71748960018157959,0.747314453125
7082_01,4,0.064112603664398193,0.017110724002122799,0.0203708130866289,0.015711123123764902
7083_01,5,0.99908852577209484,0.99817633628845204,0.99909758567810059,0.99832385778427124
7083_02,5,0.99934804439544678,0.99818032979965199,0.99947017431259155,0.99900150299072277
7084_01,3,0.14366322755813599,0.14590457081794739,0.1365934014320373,0.096462897956371293
7085_01,4,0.56820869445800781,0.52683901786804199,0.56728732585906982,0.43035385012626648
7085_02,4,0.9934670329093932,0.99286979436874401,0.99246966838836681,0.992145836353302
7085_03,4,0.99164873361587524,0.98991274833679199,0.99045687913894642,0.99132263660430919
7086_01,5,0.1139177232980728,0.1113140061497688,0.093174085021018899,0.087139129638671806
7087_01,5,0.58030444383621216,0.57753109931945801,0.60064709186553955,0.59699952602386475
7088_01,5,0.21495480835437769,0.2437324523925781,0.22347426414489741,0.1884765625
7089_01,5,0.3683491051197052,0.33525499701499939,0.33392572402954102,0.34098374843597412
7090_01,5,0.31083223223686218,0.26630675792694092,0.27030187845230103,0.18104609847068781
7091_01,5,0.55022513866424561,0.56947380304336548,0.54482811689376831,0.56853437423706055
7092_01,5,0.3138427734375,0.27121514081954951,0.25554478168487549,0.273193359375
7093_01,5,0.53921878337860107,0.56678998470306396,0.54652488231658936,0.54523223638534546
7094_01,2,0.90811896324157715,0.93526667356491078,0.8980414867401123,0.9722144603729248
7095_01,4,0.73292315006256104,0.71432614326477051,0.73710405826568604,0.72815924882888794
7096_01,1,0.99937409162521362,0.9991394281387328,0.99931561946868896,0.99936336278915405
7096_02,1,0.48350894451141357,0.4418523907661438,0.41662856936454767,0.44025170803070068
7096_03,1,0.99965572357177723,0.9994167685508728,0.999556005001068,0.99954277276992798
7097_01,3,0.97684776782989502,0.97613900899887085,0.97695231437683105,0.98145699501037598
7097_02,3,0.65191227197647095,0.72327554225921631,0.6808704137802124,0.669921875
7097_03,3,0.036508858203887898,0.0365926213562488,0.028589345514774302,0.0246663875877857
7097_04,3,0.064194455742835999,0.072029024362564004,0.062984906136989594,0.1162654086947441
7098_01,4,0.29446721076965332,0.27073350548744202,0.30495321750640869,0.60443717241287231
7099_01,3,0.23917552828788749,0.25536796450614929,0.26870384812355042,0.434814453125
7104_01,1,0.0002878114464692,0.00012521607277439999,9.2077636509202421e-05,7.0953305112197995e-05
7104_02,1,0.96410727500915516,0.98170942068099976,0.96775364875793457,0.98624575138092041
7105_01,4,0.378846526145935,0.39754289388656611,0.3726010918617248,0.37515822052955627
7106_01,5,0.99451053142547596,0.99146592617034923,0.99459862709045399,0.98987334966659557
7109_01,4,0.00030112051172180002,0.00021877544349989999,0.00017481876420779999,8.1919708463829011e-05
7110_01,3,0.1133828684687614,0.13240846991538999,0.1262805610895156,0.13218130171298981
7111_01,5,0.054357804358005503,0.059746455401182098,0.045504555106162997,0.059760622680187198
7113_01,5,0.086056023836135795,0.080842398107051794,0.0582886151969432,0.073802173137664795
7113_02,5,0.086730882525444003,0.071813315153121907,0.1057243719696998,0.27007505297660828
7114_01,3,0.31498363614082331,0.2656442523002624,0.2540875375270843,0.20903328061103821
7116_01,1,0.69396990537643433,0.71067696809768677,0.69266974925994873,0.70662796497344971
7117_01,5,0.99349617958068837,0.99409115314483643,0.99458909034729004,0.99369406700134277
7118_01,2,0.70174294710159302,0.74167907238006592,0.71354401111602783,0.73392051458358765
7119_01,4,0.0667409747838974,0.055452976375818197,0.064395710825920105,0.0209896173328161
7120_01,4,0.099094778299331596,0.1090580746531486,0.10485187172889709,0.28852495551109308
7121_01,3,0.99942612648010243,0.99949049949645996,0.99946653842926036,0.99983763694763184
7121_02,3,0.99949783086776722,0.99954545497894276,0.99954116344451904,0.99985218048095703
7126_01,1,0.14196737110614771,0.1583419442176818,0.1572815477848053,0.1772977262735366
7127_01,1,0.43653959035873408,0.37724873423576349,0.46283102035522461,0.53694498538970947
7127_02,1,0.97532176971435558,0.97954189777374279,0.97616136074066162,0.98399209976196278
7128_01,4,0.0001031040956149,6.5031577832996845e-05,5.460964166559279e-05,4.0559312765253708e-05
7128_02,4,0.98236286640167236,0.99679911136627197,0.98819047212600719,0.99914157390594482
7128_03,4,0.1363787949085235,0.077447667717933599,0.1074551045894622,0.055102515965700101
7132_01,1,0.27097374200820917,0.19420170783996579,0.22683659195899961,0.185302734375
7133_01,3,0.1237520352005958,0.099361434578895499,0.094130098819732597,0.065992534160614
7134_01,3,0.63431680202484131,0.64920973777770996,0.63659417629241943,0.63467645645141602
7137_01,3,0.26064950227737421,0.2069430947303772,0.22916577756404871,0.17812234163284299
7140_01,4,0.12108723819255821,0.1255940645933151,0.11206714808940881,0.070699661970138494
7142_01,4,0.32236763834953308,0.3566900491714477,0.30066871643066401,0.31461471319198608
7142_02,4,0.80571740865707397,0.73488456010818481,0.84035354852676392,0.78716164827346802
7142_03,4,0.61787581443786621,0.52610713243484497,0.62648391723632812,0.48601904511451721
7143_01,1,0.13201197981834409,0.1163471192121505,0.11834708601236341,0.083123825490474701
7144_01,4,0.53234779834747314,0.55430400371551514,0.53637248277664185,0.52875322103500366
7148_01,5,0.12601287662982941,0.1112270951271057,0.1116269454360008,0.081962794065475394
7149_01,4,0.97709387540817261,0.96296703815460205,0.96900475025177002,0.95981454849243164
7151_01,1,0.083886325359344399,0.15052911639213559,0.17756125330924979,0.13748474419116971
7152_01,5,0.6242445707321167,0.75480389595031738,0.67392122745513916,0.70014870166778564
7152_02,5,0.89249414205551147,0.94832760095596325,0.91630202531814575,0.95879966020584118
7155_01,1,0.079907149076461695,0.0670344904065132,0.054737307131290401,0.045507285743951797
7156_01,1,0.87526488304138184,0.86194300651550293,0.83520901203155518,0.93650901317596436
7156_02,1,0.1399765610694885,0.21633456647396079,0.1714378297328949,0.21416363120079041
7156_03,1,0.51464980840682983,0.63313794136047363,0.53548109531402588,0.64274311065673828
7156_04,1,0.81075471639633179,0.80618751049041748,0.77047199010848999,0.89700108766555786
7157_01,2,0.88371312618255615,0.88461601734161377,0.88867121934890747,0.89775866270065308
7157_02,2,0.12139239907264709,0.15025085210800171,0.13624611496925351,0.11151802539825439
7159_01,4,0.99922049045562744,0.9992930293083192,0.99942815303802479,0.99933755397796642
7160_01,3,0.51115494966506958,0.53100955486297607,0.52334678173065186,0.50244081020355225
7161_01,2,0.16001088917255399,0.11798219382762901,0.1537608802318573,0.064064659178256905
7162_01,2,0.082660160958766896,0.073813073337078094,0.076101303100585896,0.056543502956628799
7165_01,4,0.99291896820068359,0.98946130275726318,0.99173051118850719,0.99228370189666759
7166_01,4,0.0061998283490537999,0.0051099406555294002,0.0037186655681580002,0.00095270649762820004
7167_01,3,0.63019144535064697,0.60889697074890137,0.64272052049636841,0.63215476274490356
7168_01,1,0.7078208327293396,0.72343504428863525,0.74067968130111694,0.667724609375
7170_01,2,0.59891438484191895,0.57060128450393677,0.60109865665435791,0.5455859899520874
7171_01,1,0.5223088264465332,0.54237473011016846,0.5199427604675293,0.56005859375
7173_01,4,0.63692319393157959,0.616737961769104,0.63380807638168335,0.59912073612213135
7175_01,3,0.5278666615486145,0.48570647835731501,0.52253812551498413,0.489990234375
7176_01,2,0.99754965305328358,0.99757283926010121,0.99762725830078125,0.99615180492401123
7176_02,2,0.60941445827484131,0.71457266807556152,0.6294180154800415,0.81465911865234375
7176_03,2,0.99819952249526978,0.99869441986083984,0.99833613634109497,0.99923294782638561
7177_01,4,0.1245313882827758,0.104173369705677,0.1205864995718002,0.058752249926328597
7179_01,5,0.58861827850341797,0.64724969863891602,0.67262834310531616,0.70112216472625732
7180_01,4,0.125470370054245,0.10281760990619659,0.083456143736839294,0.1078293770551681
7181_01,3,0.98527735471725464,0.9783651828765868,0.98419839143753041,0.98354846239089955
7182_01,4,0.2308196425437927,0.23420640826225281,0.21489530801773071,0.21240234375
7184_01,3,0.83960080146789551,0.85894197225570679,0.85883045196533203,0.84388148784637451
7186_01,2,0.99188995361328125,0.99170774221420277,0.99437475204467762,0.98995620012283325
7186_02,2,0.20338383316993711,0.18009176850318909,0.20308700203895569,0.2032228410243988
7186_03,2,0.0034516106825321002,0.0017081053229048,0.0029834224842487998,0.0027914056554435998
7187_01,5,0.6160045862197876,0.63944131135940552,0.63031113147735596,0.62898504734039307
7188_01,4,0.92228955030441284,0.88294553756713867,0.93329733610153198,0.93304884433746338
7188_02,4,5.4765987442806363e-05,4.2786839912878349e-05,3.9993112295633182e-05,3.9993112295633182e-05
7188_03,4,0.99096781015396118,0.98388957977294922,0.99030774831771839,0.99068260192871083
7189_01,4,0.98983776569366455,0.97949135303497314,0.98751115798950195,0.98516756296157837
7190_01,5,0.91220438480377197,0.93212753534317017,0.93190020322799683,0.9248046875
7191_01,3,0.45956233143806458,0.47742745280265808,0.51589697599411011,0.62287271022796631
7192_01,5,0.86047428846359253,0.8995174765586853,0.89304959774017334,0.91202640533447277
7193_01,1,0.1323578208684921,0.11834532022476189,0.32209593057632441,0.4386543333530426
7194_01,4,0.11942481994628899,0.135561928153038,0.1152075231075286,0.2808835506439209
7197_01,4,0.65115922689437866,0.65100359916687012,0.66812729835510254,0.5895194411277771
7199_01,3,0.31976133584976191,0.29610827565193171,0.26178443431854248,0.2899516224861145
7200_01,1,0.99966025352478038,0.99974310398101796,0.99971818923950195,0.99981600046157837
7202_01,1,0.1249589100480079,0.1393172144889831,0.080880381166934898,0.095539800822734805
7203_01,5,0.48543444275856018,0.87766724824905396,0.71472430229187012,0.97859543561935425
7205_01,4,0.1042403802275657,0.099204026162624304,0.1019294112920761,0.040097996592521598
7206_01,3,0.14428555965423581,0.1559543758630752,0.12789559364318839,0.095240473747253404
7207_01,5,0.54122668504714966,0.55415463447570801,0.56939774751663208,0.55486476421356201
7208_01,5,0.51803749799728394,0.56037461757659912,0.53636246919631958,0.574462890625
7208_02,5,0.1246408447623252,0.144471526145935,0.107136532664299,0.10221390426158899
7210_01,4,0.55757534503936768,0.52174794673919678,0.55745029449462891,0.53344738483428955
7214_01,3,0.38287815451622009,0.38706943392753601,0.39241600036621088,0.33455356955528259
7215_01,5,0.98511785268783558,0.97950959205627441,0.98550879955291759,0.97942489385604858
7216_01,1,0.8920627236366272,0.91821277141571045,0.95696264505386364,0.96320635080337524
7217_01,2,0.2727044522762298,0.26836499571800232,0.26363611221313471,0.2469831109046936
7218_01,2,0.97869205474853516,0.98492693901062001,0.982288658618927,0.98019897937774658
7219_01,2,0.97559571266174316,0.97148895263671875,0.97879880666732799,0.98264336585998535
7219_02,2,0.96483713388443004,0.97862362861633301,0.96802884340286244,0.97976642847061157
7219_03,2,0.98156160116195679,0.98764461278915405,0.98412424325943004,0.98818415403366078
7219_04,2,0.062774389982223497,0.040601462125778198,0.059502966701984399,0.044074121862649897
7219_05,2,0.98277497291564941,0.98849070072174083,0.98483818769454956,0.98902887105941761
7219_06,2,0.00022773043019690001,0.00017193006351589999,0.0001721744629321,0.00013141029921820001
7221_01,4,0.075149923563003498,0.071241736412048298,0.083175189793109894,0.034334540367126402
7224_01,1,0.87082523107528687,0.83338487148284912,0.87004649639129639,0.8478127121925354
7225_01,3,0.23266550898551941,0.25607621669769282,0.2376498281955719,0.24301823973655701
7226_01,4,0.040115833282470703,0.0853118896484375,0.058943394571542698,0.13452149927616119
7227_01,5,0.34255090355873108,0.27530235052108759,0.28249773383140558,0.17670594155788419
7229_01,2,0.1050138622522354,0.081057645380496895,0.097471401095390306,0.1021884530782699
7230_01,2,0.75705438852310181,0.76090258359909058,0.76225316524505615,0.75522041320800781
7232_01,5,0.0187704842537641,0.0155978491529822,0.0072639300487934997,0.0024639661423861
7233_01,3,0.34781825542449951,0.36218225955963129,0.35941576957702631,0.3566067218780517
7234_01,3,0.10282737761735911,0.090441450476646396,0.079092241823673207,0.042280919849872499
7235_01,3,0.1216721683740615,0.12869438529014579,0.1075640842318534,0.077526673674583393
7236_01,5,0.6104891300201416,0.59425461292266846,0.6108018159866333,0.5947265625
7238_01,5,0.094421625137329102,0.068368315696716295,0.065997682511806405,0.038438688963651602
7240_01,3,0.73303508758544922,0.74386882781982422,0.74036312103271484,0.748046875
7240_02,3,0.87330436706542969,0.87533557415008545,0.87125968933105469,0.85953569412231445
7242_01,5,0.99960422515869141,0.99872475862503041,0.99966013431549083,0.99888628721237183
7246_01,5,0.0426597222685813,0.045752901583909898,0.036987390369176802,0.047607954591512597
7247_01,4,0.094041466712951605,0.1152537912130355,0.098524242639541598,0.15782821178436279
7249_01,3,0.032437771558761597,0.025364866480231198,0.019517064094543402,0.0160793550312519
7249_02,3,0.9912354350090028,0.98730707168579102,0.99061846733093262,0.99297082424163818
7250_01,5,0.91223371028900158,0.91780507564544678,0.87242084741592407,0.96576756238937378
7252_01,4,0.31408631801605219,0.32791280746459961,0.26276141405105591,0.28801563382148743
7253_01,1,0.31232312321662897,0.39775630831718439,0.37317526340484619,0.53052210807800293
7255_01,3,0.42478740215301508,0.46171414852142328,0.45370286703109741,0.4619140625
7256_01,1,0.3841049969196319,0.39475193619728088,0.30211222171783447,0.30610591173171992
7257_01,3,0.84251880645751953,0.82329297065734863,0.84372717142105103,0.815868079662323
7257_02,3,0.066029198467731406,0.0312227979302406,0.0144198155030608,0.0089973071590065002
7258_01,1,0.42675873637199402,0.42276680469512939,0.45336112380027771,0.56534290313720703
7259_01,3,0.14924374222755429,0.10051966458559029,0.10972870886325831,0.094592936336994102
7260_01,3,0.11508519947528829,0.1374505460262298,0.096726767718791906,0.14954613149166099
7261_01,2,0.599365234375,0.57040894031524658,0.59497231245040894,0.5520709753036499
7267_01,2,0.99936598539352417,0.99934434890747081,0.9996131658554076,0.99929833412170399
7267_02,2,0.97851306200027477,0.98518925905227661,0.97856152057647705,0.98349106311798096
7268_01,1,0.1383768767118454,0.097022123634815202,0.072251528501510606,0.064378499984741197
7270_01,4,0.48980671167373657,0.51609766483306885,0.49929940700531,0.483642578125
7271_01,3,0.1802957206964492,0.1524469256401062,0.15656217932701111,0.138427734375
7273_01,2,0.3731119036674499,0.39186137914657593,0.37705573439598078,0.39241176843643188
7274_01,4,0.221140056848526,0.2393213808536529,0.21824696660041809,0.19282029569149009
7276_01,4,0.40105998516082758,0.42143130302429199,0.39699059724807739,0.3500097393989563
7277_01,5,0.79671555757522583,0.84219235181808472,0.83898836374282837,0.85904383659362793
7278_01,5,0.50242328643798828,0.47526165843009949,0.50353366136550903,0.53033840656280518
7279_01,5,0.99578279256820679,0.99586361646652222,0.99623072147369385,0.99549806118011475
7280_01,1,0.0070644500665365999,0.0048123872838914004,0.0041897743940353003,0.0011714663123711
7283_01,5,0.89614927768707275,0.8933834433555603,0.91105604171752919,0.93090891838073719
7284_01,1,0.27353006601333618,0.27810448408126831,0.27172198891639709,0.254638671875
7285_01,2,0.78844064474105835,0.78160476684570312,0.79814809560775757,0.75248837471008301
7289_01,2,0.1855945885181427,0.20186685025691981,0.1978563666343689,0.21274951100349421
7290_01,1,0.99076271057128917,0.99491363763809204,0.990040123462677,0.99675774574279796
7290_02,1,0.9893127679824828,0.99359399080276478,0.98665034770965576,0.99538660049438477
7290_03,1,0.98793166875839245,0.99251776933670044,0.98784923553466797,0.99516767263412476
7290_04,1,0.0442681014537811,0.058215316385030698,0.059925712645053801,0.037144977599382401
7290_05,1,0.47722023725509638,0.54004740715026855,0.5565185546875,0.69665402173995972
7292_01,4,0.20294113457202911,0.20998486876487729,0.22793763875961301,0.2098051309585571
7296_01,1,0.124844305217266,0.14693905413150779,0.097239613533020006,0.1296984851360321
7297_01,5,0.26236617565155029,0.19953761994838709,0.24798883497714991,0.18046396970748901
7298_01,3,0.17885482311248779,0.151557981967926,0.15805384516716001,0.091983877122402094
7300_01,4,0.8378981351852417,0.79809516668319702,0.85214322805404663,0.85210150480270386
7301_01,2,0.98037195205688477,0.98561066389083862,0.98331940174102783,0.98306417465209961
7302_01,1,0.048834048211574499,0.058020740747451699,0.041904449462890597,0.0580324977636337
7303_01,3,0.031911242753267198,0.017355654388666101,0.0055651282891630996,0.0038936322089283999
7304_01,4,0.98809170722961437,0.98836517333984375,0.98645401000976562,0.98743563890457164
7305_01,5,0.75596296787261963,0.77344542741775513,0.79520702362060547,0.76475232839584351
7306_01,2,0.85322260856628418,0.91988152265548717,0.92519468069076538,0.96183830499649037
7307_01,5,0.1035630851984024,0.081446558237075806,0.062043108046054798,0.057665087282657602
7309_01,5,0.1671485900878906,0.15030437707901001,0.2371335625648498,0.20539586246013641
7310_01,3,0.080284461379051195,0.0441172271966934,0.051319897174835198,0.033337995409965501
7311_01,1,0.57846593856811523,0.5489501953125,0.56211048364639282,0.54676437377929688
7313_01,3,0.0967466086149215,0.069644868373870794,0.079211391508579199,0.073975406587123801
7314_01,3,0.93470305204391479,0.90453135967254639,0.92997407913207997,0.89176368713378906
7320_01,4,0.1103651151061058,0.1157292798161506,0.12215897440910339,0.086995162069797502
7321_01,4,0.98600143194198597,0.980743408203125,0.98262238502502441,0.97306978702545155
7322_01,5,0.042488574981689398,0.034823734313249498,0.0294903442263603,0.011965770274400701
7323_01,3,0.13114944100379941,0.1248019635677337,0.13139079511165619,0.074021205306053106
7324_01,3,0.8357388973236084,0.86976170539855957,0.87376481294631958,0.89840972423553467
7326_01,5,0.0498372167348861,0.028568271547555899,0.042665231972932802,0.0144193712621927
7327_01,4,0.1346313059329986,0.1170988455414772,0.13141819834709159,0.13750527799129481
7328_01,4,0.094678342342376695,0.088256329298019395,0.089416779577732003,0.053751654922962099
7330_01,3,0.34099242091178888,0.36420747637748718,0.35934704542160029,0.438720703125
7331_01,3,0.1026947051286697,0.074149087071418707,0.094679445028304998,0.091990895569324493
7332_01,3,0.044234670698642703,0.024657998234033501,0.0093358512967823999,0.0064897416159509997
7334_01,1,0.5456203818321228,0.56383299827575684,0.50430953502655029,0.5288156270980835
7336_01,4,0.087047159671783406,0.096287958323955494,0.086767420172691304,0.056236322969198199
7336_02,4,0.61350089311599731,0.56890863180160522,0.59494775533676147,0.58683896064758301
7337_01,1,0.00046665745321659998,0.00028381810989229998,0.00019509078992990001,0.00056686461903150004
7338_01,2,0.16699628531932831,0.16580933332443229,0.1538728177547454,0.13934285938739771
7339_01,3,0.00076361140236249996,0.00049425219185650002,0.0004059522470925,0.00035950835444960002
7340_01,4,0.037645075470209101,0.043106921017169897,0.030530508607625899,0.054960738867521203
7341_01,3,0.90787297487258922,0.89283108711242676,0.92236173152923584,0.87491714954376221
7342_01,2,0.096312671899795504,0.1085272952914238,0.10197596251964559,0.35501587390899658
7343_01,1,0.083333767950534807,0.076079815626144395,0.064494036138057695,0.052726902067661202
7344_01,2,0.1107987463474273,0.1000125706195831,0.10437048226594919,0.086128681898116996
7346_01,2,0.16907972097396851,0.17104335129261011,0.1532237827777862,0.1776388883590698
7347_01,3,0.25142604112625122,0.20246540009975431,0.26197159290313721,0.26574069261550898
7350_01,5,0.74622589349746704,0.76472318172454834,0.78659749031066895,0.74004638195037842
7351_01,2,0.99793976545333862,0.99791806936264038,0.99773401021957397,0.99797546863555919
7353_01,2,0.047744464129209498,0.061431344598531702,0.055565483868122101,0.066104047000408103
7353_02,2,0.99948519468307495,0.99946296215057362,0.99965876340866078,0.99940758943557739
7353_03,2,0.131529301404953,0.098372548818588201,0.12664768099784851,0.1029474586248397
7356_01,3,0.47891080379486078,0.52537477016448975,0.49713176488876343,0.49700802564620972
7356_02,3,0.55061489343643188,0.60176771879196167,0.56133913993835449,0.58349609375
7358_01,4,0.1232419908046722,0.1008155941963195,0.1005111038684845,0.043428044766187598
7359_01,2,0.95420229434967041,0.94888347387313843,0.9781261682510376,0.99603587388992321
7360_01,4,0.83463960886001587,0.82661020755767822,0.8504529595375061,0.85034185647964478
7361_01,5,0.99609309434890758,0.99581068754196156,0.99652403593063354,0.99487197399139404
7361_02,5,0.99742794036865245,0.99701172113418579,0.99775648117065441,0.99679660797119141
7365_01,5,0.39510372281074518,0.4521651566028595,0.40351215004920959,0.43781009316444391
7366_01,4,0.10102711617946621,0.10096451640129089,0.089849919080734197,0.068443439900874994
7367_01,3,0.062529630959033897,0.0427134186029434,0.066386297345161396,0.061739802360534599
7367_02,3,0.13315294682979581,0.1276939511299133,0.1353323757648468,0.3438038825988769
7370_01,1,0.13661763072013849,0.13537889719009399,0.12959617376327509,0.1105144247412681
7371_01,1,0.72606813907623291,0.73819315433502197,0.73345494270324707,0.72427535057067871
7372_01,5,0.0057906345464288998,0.0024272438604384002,0.0033302269876003001,0.00069192936643950004
7374_01,5,0.98611778020858765,0.98310905694961559,0.98686861991882324,0.98044627904891957
7376_01,3,0.9546796679496764,0.93521147966384877,0.95714902877807617,0.92284023761749279
7377_01,1,0.65848755836486816,0.66912746429443359,0.66198581457138062,0.66861939430236816
7379_01,4,0.85838675498962402,0.85868912935256958,0.86322999000549316,0.9202786684036256
7385_01,1,0.086180061101913397,0.075814470648765495,0.063034065067768097,0.053560014814138399
7387_01,5,0.99845868349075317,0.9976235032081604,0.99928480386733998,0.99969410896301281
7388_01,5,0.76606416702270508,0.75326079130172729,0.7754281759262085,0.72500741481781006
7390_01,1,0.061748497188091202,0.060060307383537202,0.044293120503425598,0.066799752414226504
7391_01,1,0.561767578125,0.59016680717468262,0.57774102687835693,0.59967947006225586
7392_01,5,0.49687141180038452,0.50451648235321045,0.4974528551101684,0.51293653249740601
7393_01,3,0.1043283343315124,0.073548249900341006,0.021774699911475098,0.0098446859046815993
7394_01,2,0.61702430248260498,0.64276283979415894,0.60803055763244629,0.65755605697631836
7395_01,2,0.99963349103927601,0.99966096878051758,0.99972897768020641,0.99953842163085938
7395_02,2,0.99902868270874023,0.99897515773773204,0.99922686815261841,0.99879485368728638
7395_03,2,0.1084518879652023,0.073580920696258503,0.10938983410596841,0.0378625094890594
7395_04,2,0.14313888549804679,0.1083162724971771,0.14213162660598749,0.051722221076488398
7396_01,4,0.99969291687011719,0.99970233440399159,0.99974155426025402,0.99962925910949718
7396_02,4,0.99961733818054199,0.99944913387298584,0.9996483325958252,0.99959158897399902
7396_03,4,0.99903875589370716,0.9990590214729308,0.99931424856185924,0.99937546253204357
7398_01,2,0.12241712957620619,0.16139030456542969,0.12232166528701779,0.49931678175926208
7399_01,1,0.1184907332062721,0.1124474853277206,0.1094569787383079,0.089350946247577598
7401_01,2,0.6187329888343811,0.53772097826004028,0.60351920127868652,0.582763671875
7402_01,4,0.95456433296203602,0.96955502033233643,0.96445721387863159,0.91755259037017822
7402_02,4,0.9998822808265686,0.99987912178039562,0.99990737438201904,0.99992477893829357
7403_01,2,0.32106205821037292,0.28591346740722651,0.30574542284011841,0.319091796875
7405_01,4,0.82663887739181519,0.7923586368560791,0.80279839038848877,0.85138058662414551
7406_01,1,0.62888813018798828,0.59918415546417236,0.63948261737823486,0.64713066816329956
7408_01,4,0.54405617713928223,0.49623149633407593,0.5203101634979248,0.47624623775482178
7410_01,5,0.7594534158706665,0.71812069416046143,0.75749742984771729,0.755859375
7411_01,4,0.14119666814804069,0.1268601715564727,0.13651737570762629,0.0521734319627285
7416_01,1,0.0091381082311271997,0.0041026421822606997,0.0052909278310834997,0.0016167979920281999
7418_01,5,0.98069429397582997,0.9714837074279784,0.98508721590042125,0.97224223613739003
7419_01,4,0.43969815969467158,0.4611378014087677,0.4412749707698822,0.40055879950523371
7419_02,4,0.47900390625,0.46653497219085688,0.48634091019630432,0.45183765888214111
7422_01,5,0.15889894962310791,0.109396144747734,0.1164751052856445,0.1357468962669372
7425_01,4,0.52064645290374756,0.55565255880355835,0.53076136112213135,0.49981853365898132
7425_02,4,0.097384691238403306,0.097244411706924397,0.085646741092205006,0.060834243893623297
7427_01,4,0.9438244104385376,0.93118959665298462,0.93723547458648682,0.96230483055114757
7428_01,4,0.087689571082591997,0.090777494013309395,0.088944353163242298,0.059426687657833099
7429_01,5,0.083984881639480494,0.095636934041976901,0.067253641784191104,0.1116796359419822
7430_01,1,0.3438715934753418,0.24369716644287109,0.34147918224334711,0.19677737355232239
7431_01,3,0.46347615122795099,0.4393139779567718,0.46368178725242609,0.4304928183555603
7432_01,5,0.94159418344497681,0.94018220901489258,0.95046263933181763,0.95456141233444203
7435_01,5,0.99303019046783436,0.99366915225982677,0.99414718151092518,0.99277436733245839
7436_01,5,0.37447714805603027,0.40082237124443049,0.39969965815544128,0.4096663892269134
7437_01,3,0.99940621852874756,0.99940967559814442,0.99938559532165516,0.99982136487960815
7437_02,3,0.99864721298217762,0.9985761046409608,0.99861913919448841,0.99944114685058605
7437_03,3,0.99874478578567505,0.99881076812744141,0.99867504835128784,0.99938422441482544
7438_01,4,0.81468510627746582,0.98350584506988525,0.96472090482711803,0.970947265625
7442_01,4,0.49610176682472229,0.87635165452957153,0.87486213445663452,0.74643921852111816
7442_02,4,0.74700462818145752,0.72497546672821045,0.739967942237854,0.70210254192352295
7444_01,3,0.69453698396682739,0.65510821342468262,0.68064427375793457,0.643310546875
7445_01,1,0.81261193752288818,0.78625673055648804,0.81269329786300659,0.77841567993164062
7446_01,2,0.1050890758633613,0.090438067913055406,0.1108209937810897,0.074969127774238503
7447_01,5,0.1168831884860992,0.088549166917800903,0.13433666527271271,0.094321280717849704
7448_01,5,0.1180431768298149,0.103835716843605,0.0927601158618927,0.068364545702934196
7449_01,4,0.099120229482650701,0.1021375283598899,0.1096865832805633,0.031308732926845502
7450_01,5,0.13897658884525299,0.13985808193683619,0.2036314904689788,0.21747717261314389
7452_01,3,0.99830508232116699,0.99836373329162598,0.99817848205566395,0.99924165010452282
7452_02,3,0.8523680567741394,0.81871402263641357,0.8403363823890686,0.81884056329727173
7452_03,3,0.99935442209243763,0.99934542179107677,0.99936872720718384,0.99973690509796143
7453_01,4,0.99986159801483165,0.99981778860092163,0.99988448619842518,0.99989283084869385
7455_01,2,0.186999887228012,0.19093948602676389,0.19817090034484861,0.1551682651042938
7456_01,5,0.69014608860015869,0.66788852214813232,0.67822062969207764,0.6943359375
7457_01,3,0.026793705299496599,0.0101240566000342,0.0082743540406227008,0.004276602063328
7458_01,1,0.78488874435424805,0.74276161193847656,0.78497457504272461,0.75
7459_01,4,0.13368022441864011,0.2088596522808075,0.15254895389080039,0.163818359375
7460_01,2,0.1039360910654068,0.12420351803302759,0.095512144267558996,0.1220968216657638
7461_01,4,0.99878782033920277,0.99802488088607799,0.99861085414886475,0.99943315982818604
7462_01,2,0.72733229398727417,0.69764751195907593,0.71549391746520996,0.69719171524047852
7464_01,1,0.44489780068397522,0.4446270763874054,0.46566423773765558,0.41619017720222468
7472_01,1,0.96424305438995361,0.96884256601333618,0.95871663093566895,0.97710824012756359
7475_01,4,0.97908174991607677,0.9762052893638612,0.97593253850936879,0.97627443075180043
7475_02,4,0.98465663194656361,0.98200047016143799,0.98219287395477295,0.98105925321578979
7477_01,5,0.1044236943125724,0.087460532784461906,0.060592986643314299,0.067678876221179907
7478_01,2,0.99987471103668202,0.99988794326782238,0.99992096424102783,0.99990695714950562
7479_01,5,0.99304372072219838,0.98900872468948364,0.99230206012725841,0.98616683483123779
7481_01,3,0.044878523796796799,0.028725996613502499,0.020417042076587601,0.013141642324626401
7483_01,5,0.093797273933887398,0.13377583026885981,0.1719898432493209,0.1074481010437011
7484_01,1,0.83162909746170044,0.82996755838394165,0.85788756608963013,0.82402324676513672
7485_01,3,0.1913852840662002,0.20137304067611689,0.1720053553581237,0.148823857307434
7486_01,1,0.0499485060572624,0.045237496495246797,0.040811128914356197,0.021190803498029698
7487_01,1,0.53400909900665283,0.45357036590576172,0.57493245601654053,0.36312428116798401
7488_01,3,0.0230674352496862,0.012280644848942699,0.011662397533655101,0.0038627965841442
7488_02,3,0.61850368976593018,0.67791372537612915,0.64769506454467773,0.57505488395690918
7490_01,2,0.76323199272155762,0.73661822080612183,0.76475828886032104,0.68676900863647461
7492_01,3,0.96710216999053955,0.94699430465698242,0.95356625318527222,0.95447361469268799
7494_01,1,0.29165071249008179,0.2191327214241027,0.24638271331787109,0.13542576134204859
7495_01,2,0.64695096015930176,0.66291928291320801,0.65938162803649902,0.69441330432891846
7496_01,5,0.99928158521652222,0.99830508232116699,0.99957954883575439,0.9997408390045166
7498_01,1,0.081907697021961198,0.093265302479267106,0.0616236589848995,0.047706183046102503
7498_02,1,0.99297112226486195,0.98980242013931286,0.99238854646682739,0.99405390024185181
7498_03,1,0.56918931007385254,0.47068536281585688,0.57448089122772217,0.58512675762176514
7499_01,4,0.69518554210662842,0.71598130464553833,0.71899420022964478,0.77871298789978027
7500_01,1,0.092876464128494193,0.094761297106742803,0.074387826025485895,0.075439453125
7501_01,5,0.088076740503311102,0.087515026330947807,0.065702535212039906,0.057601224631071
7502_01,5,0.99713438749313354,0.99712860584259044,0.9983525276184082,0.99977385997772217
7503_01,4,0.99856656789779663,0.9985678195953368,0.99844968318939198,0.99903219938278198
7503_02,4,0.7019418478012085,0.82995855808258057,0.72594141960144043,0.74201589822769165
7504_01,3,0.1092341542243957,0.084569841623306205,0.10319372266530991,0.083574041724205003
7505_01,1,0.00071089051198209999,0.0003503851767163,0.00033515557879579998,0.00025817955611269998
7505_02,1,0.99369877576828003,0.99072265625,0.99280321598052979,0.99449992179870605
7505_03,1,0.99419015645980835,0.99191856384277344,0.99397873878479004,0.99520635604858398
7506_01,1,0.12874573469161979,0.12177802622318259,0.12108601629734039,0.16631330549716949
7507_01,3,0.74038517475128174,0.75473099946975708,0.7196580171585083,0.72502553462982178
7507_02,3,0.64210110902786255,0.66732025146484375,0.65122425556182861,0.646240234375
7507_03,3,0.75799167156219482,0.74304324388504028,0.73294132947921753,0.75775337219238281
7508_01,2,0.093306176364421803,0.058937132358550998,0.089934326708316803,0.038330450654029798
7509_01,3,0.1042340695858001,0.082922212779521901,0.093112654983997303,0.092113271355628898
7510_01,2,0.1199359595775604,0.1939485967159271,0.1160829216241836,0.2229326516389846
7512_01,2,0.60594093799591064,0.59124863147735596,0.61452066898345947,0.54296875
7513_01,5,0.51715290546417236,0.62889182567596436,0.50894147157669067,0.54915034770965576
7514_01,1,0.019978029653429898,0.026523109525442099,0.0224909987300634,0.062798969447612693
7515_01,5,0.99336272478103638,0.98841041326522838,0.99320411682128917,0.98586249351501465
7515_02,5,0.99631190299987804,0.99423146247863758,0.99627035856246959,0.99241983890533436
7517_01,5,0.1111122518777847,0.1123252362012863,0.1138175502419471,0.12863285839557639
7518_01,4,0.98268562555313121,0.98318958282470703,0.97939825057983398,0.98832547664642323
7518_02,4,0.00046757611562489999,0.00020020431838920001,0.0001916629553306,0.00014383395318870001
7520_01,1,0.13521166145801539,0.14377552270889279,0.13398489356040949,0.088623061776161194
7521_01,1,0.14876474440097809,0.1470898240804672,0.15051591396331779,0.1122534573078155
7522_01,2,0.076427802443504306,0.059695754200220101,0.078911393880844102,0.079964980483055101
7523_01,2,0.43041425943374628,0.43391382694244379,0.43815320730209351,0.4616060853004455
7524_01,2,0.46293532848358149,0.47885197401046747,0.47877398133277888,0.460693359375
7524_02,2,0.60550594329833984,0.5961308479309082,0.60741609334945679,0.584228515625
7525_01,5,0.00048479193355880002,0.00050937535706899997,0.00020394101738919999,7.1489645051769912e-05
7525_02,5,0.99980372190475464,0.9994041919708252,0.99985140562057495,0.99950373172759999
7527_01,4,0.29213264584541321,0.35321280360221857,0.32144913077354431,0.31681716442108149
7529_01,1,0.7861325740814209,0.75567388534545898,0.77221876382827759,0.73159778118133545
7531_01,4,0.99712586402893078,0.99685239791870117,0.99660754203796398,0.99567675590515137
7531_02,4,0.99977779388427723,0.99980616569519043,0.99983417987823475,0.999861180782318
7533_01,2,0.53231954574584961,0.54540330171585083,0.54188829660415649,0.49566996097564697
7534_01,2,0.22963866591453549,0.27361679077148438,0.22192840278148651,0.36083984375
7535_01,2,0.075066126883029896,0.052272271364927202,0.069195613265037495,0.074363440275192205
7536_01,2,0.98358523845672596,0.98203867673873901,0.98551177978515625,0.98038649559020996
7538_01,2,0.00038061832310630001,0.0002735355228651,0.0002607642672955,0.00019694949151010001
7538_02,2,0.19702121615409851,0.17209562659263611,0.19644704461097709,0.13693277537822721
7542_01,5,0.094361305236816406,0.088689930737018502,0.081765502691268893,0.076632678508758503
7543_01,2,0.39611935615539551,0.29865100979804993,0.40049189329147339,0.31721591949462891
7544_01,2,0.057043924927711397,0.033976592123508398,0.043021705001592601,0.016094151884317301
7545_01,1,0.75093090534210205,0.73873794078826904,0.73960548639297485,0.7031286358833313
7549_01,5,0.58662903308868408,0.75311124324798584,0.55802333354949951,0.75363314151763916
7550_01,2,0.61523920297622681,0.57718247175216675,0.61031019687652588,0.5770798921585083
7552_01,3,0.41112866997718811,0.41323226690292358,0.37795379757881159,0.35823208093643188
7553_01,1,0.1104073375463485,0.106106124818325,0.11509025096893311,0.086614780128002097
7559_01,3,0.15125617384910581,0.100513145327568,0.1022765934467315,0.031316012144088697
7560_01,3,0.94317454099655162,0.90339487791061401,0.94672858715057362,0.89526700973510742
7561_01,5,0.108601689338684,0.1050149798393249,0.098166257143020602,0.12921303510665891
7563_01,5,0.99368000030517578,0.99004757404327404,0.99388331174850464,0.98917496204376221
7565_01,4,0.84501415491104126,0.89164477586746216,0.84714329242706299,0.93965530395507801
7565_02,4,0.99798113107681286,0.99799478054046642,0.99789881706237804,0.99872595071792603
7565_03,4,0.00067344115814189996,0.00025063139037220003,0.00017621880397199999,6.3414954638574272e-05
7565_04,4,0.94209712743759155,0.935796558856964,0.94745767116546642,0.96015322208404541
7567_01,2,0.86361479759216309,0.83687329292297363,0.8627515435218811,0.81626176834106445
7568_01,5,0.208802044391632,0.18540418148040769,0.1511835902929306,0.1183518022298812
7569_01,3,0.045079410076141302,0.068561345338821397,0.066916130483150399,0.15512748062610621
7569_02,3,0.045835837721824597,0.037364080548286403,0.053218867629766402,0.0321527644991874
7572_01,5,0.70103079080581665,0.65505003929138184,0.70029854774475098,0.68091380596160889
7573_01,3,0.64025890827178955,0.63828307390213013,0.642844557762146,0.6261293888092041
7574_01,2,0.9996182918548584,0.9995800256729126,0.9996943473815918,0.9994683861732484
7576_01,1,0.72704571485519409,0.75877761840820312,0.74910932779312134,0.83609133958816528
7576_02,1,0.16221770644187919,0.2308447659015655,0.19134101271629331,0.23065657913684839
7577_01,2,0.16490235924720761,0.20153169333934781,0.14159323275089261,0.208446055650711
7578_01,2,0.1150444149971008,0.098758861422538702,0.1094698011875152,0.066502459347247994
7579_01,1,0.094488859176635701,0.069615907967090607,0.087782926857471397,0.0605894848704338
7580_01,2,0.69028645753860474,0.66098880767822266,0.7010313868522644,0.6626778244972229
7583_01,1,0.83315485715866089,0.77109682559967041,0.83237791061401367,0.86060327291488647
7584_01,3,0.99333101511001598,0.9919089674949646,0.99225169420242321,0.9964616298675536
7584_02,3,0.99839681386947643,0.99829328060150158,0.99824702739715576,0.99918758869171143
7584_03,3,0.30343306064605707,0.31073206663131708,0.34189915657043451,0.30975145101547241
7585_01,1,0.99960881471633922,0.9994717240333556,0.99953639507293701,0.99954181909561157
7585_02,1,0.0023191934451460001,0.0013080850476398999,0.00094910117331889997,0.00056954915635279999
7585_03,1,0.99969780445098877,0.99975490570068359,0.99973005056381237,0.99982947111129761
7585_04,1,0.99943888187408436,0.99911087751388561,0.99926745891571045,0.99920868873596203
7586_01,1,0.16140025854110709,0.18418082594871521,0.18806165456771851,0.25888797640800471
7588_01,4,0.71171271800994873,0.71207094192504883,0.71120774745941162,0.713134765625
7588_02,4,0.53654778003692627,0.55617070198059082,0.55170726776123047,0.6796875
7592_01,4,0.0502041205763816,0.059132177382707499,0.049927644431590999,0.028704706579446699
7594_01,2,0.99974745512008678,0.99973595142364502,0.99983787536621083,0.99966716766357422
7595_01,3,0.391050785779953,0.33577784895896912,0.38433954119682312,0.280517578125
7596_01,4,0.99984717369079601,0.99981510639190685,0.99986201524734497,0.99990761280059803
7596_02,4,0.99961030483245839,0.99962735176086437,0.99968600273132324,0.99972331523895264
7598_01,3,0.66286349296569824,0.67298364639282227,0.66540426015853882,0.645263671875
7599_01,4,0.24969503283500671,0.073542453348636599,0.071318447589874198,0.11881132423877711
7601_01,2,0.24460698664188379,0.22944074869155881,0.2462155222892761,0.24091444909572601
7604_01,3,0.97951799631118763,0.97470742464065563,0.98393106460571278,0.97588217258453358
7604_02,3,0.3249499499797821,0.28961685299873352,0.35675048828125,0.13368330895900721
7605_01,1,0.050856437534093801,0.046247955411672502,0.033372089266776997,0.084063686430454199
7606_01,4,0.98344045877456676,0.97460150718688965,0.97916346788406361,0.98233973979949962
7608_01,4,0.98749655485153198,0.97982889413833618,0.98180937767028797,0.98407036066055298
7609_01,2,0.017375089228153201,0.012713303789496399,0.0170747525990009,0.0115867769345641
7609_02,2,0.88864588737487793,0.88874644041061401,0.89244502782821655,0.88535904884338379
7614_01,3,0.99687588214874279,0.99489891529083241,0.99632453918457042,0.99525690078735363
7616_01,4,0.53820741176605225,0.5166504979133606,0.5258333683013916,0.47111624479293818
7618_01,4,0.13609066605567929,0.13331285119056699,0.1280728280544281,0.084575928747653906
7620_01,2,0.11231169104576109,0.087802357971668202,0.1021929308772087,0.11013504862785339
7621_01,1,0.99059373140335083,0.99013644456863403,0.98752695322036743,0.99228978157043457
7622_01,3,0.087474495172500596,0.074197828769683796,0.0673119872808456,0.057779643684625598
7623_01,5,0.081612311303615501,0.077228248119354206,0.049595907330513,0.0574528723955154
7624_01,3,0.99884670972824097,0.99803245067596436,0.99853253364562999,0.99946463108062744
7625_01,5,0.098999984562397003,0.087025471031665802,0.12376219034194939,0.058198075741529402
7626_01,4,0.092078432440757696,0.049392484128475099,0.032835368067026097,0.057100616395473397
7627_01,4,0.98581349849700917,0.99187195301055919,0.98875415325164795,0.99595677852630615
7628_01,4,0.58940994739532471,0.56460779905319214,0.60320448875427246,0.56037086248397827
7628_02,4,0.084836989641189506,0.086053118109702995,0.093511827290058094,0.067006945610046303
7630_01,5,0.14935286343097681,0.1493408381938934,0.12205635756254191,0.096716992557048798
7631_01,5,0.14639183878898621,0.17670479416847229,0.12140828371047969,0.1716996878385543
7632_01,4,0.0543712563812732,0.0411463640630245,0.045291721820831299,0.023689486086368498
7633_01,2,0.063932687044143593,0.040427099913358598,0.067291669547557803,0.034216810017824097
7634_01,4,0.70300531387329102,0.66499876976013184,0.69167536497116089,0.63931626081466675
7635_01,3,0.99929571151733398,0.99934035539627075,0.99925476312637318,0.99979162216186523
7639_01,4,0.99973684549331676,0.99975466728210438,0.999764084815979,0.99975281953811646
7640_01,5,0.5066075325012207,0.50138950347900391,0.51411497592926025,0.494384765625
7641_01,2,0.1211285591125488,0.1025468632578849,0.11524079740047451,0.079185076057910905
7643_01,5,7.441030174959451e-05,4.8664725909475237e-05,4.4179862015880638e-05,3.9993112295633182e-05
7643_02,5,0.98921632766723644,0.99225836992263805,0.99074077606201161,0.99318277835845958
7644_01,2,0.70802527666091919,0.69022631645202637,0.69932389259338379,0.676513671875
7646_01,5,0.99974972009658802,0.99946373701095581,0.99980020523071278,0.99975872039794922
7646_02,5,0.38484910130500788,0.33703407645225519,0.32353061437606812,0.5993378758430481
7646_03,5,0.99988859891891479,0.99955308437347401,0.99992990493774403,0.99985086917877197
7647_01,2,0.112182579934597,0.091699980199337006,0.1297861039638519,0.090443059802055303
7649_01,4,0.65834367275238037,0.59937310218811035,0.63427913188934326,0.58747220039367676
7650_01,5,0.65753060579299927,0.68054324388504028,0.67027270793914795,0.67431640625
7650_02,5,0.70990484952926636,0.70172178745269775,0.70157617330551147,0.691162109375
7650_03,5,0.72581851482391357,0.75528353452682495,0.73685193061828613,0.75395298004150391
7650_04,5,0.098855428397655404,0.16679045557975769,0.304801344871521,0.52592915296554565
7650_05,5,0.67942309379577637,0.67779767513275146,0.69167029857635498,0.671875
7652_01,3,0.99932962656021118,0.99931788444519043,0.99933052062988281,0.9998396635055542
7656_01,4,0.73804211616516113,0.6839594841003418,0.7177739143371582,0.68546360731124878
7660_01,4,0.99978601932525635,0.99969977140426636,0.99979054927825917,0.99979555606842041
7661_01,4,0.60335677862167358,0.5994873046875,0.57570928335189819,0.55109882354736328
7665_01,3,0.61925798654556274,0.64481306076049805,0.6290857195854187,0.62890625
7666_01,5,0.98674523830413818,0.98543798923492443,0.98904716968536377,0.98364639282226562
7667_01,5,0.99377810955047596,0.9938061237335204,0.99467903375625599,0.99391919374465942
7669_01,4,0.33148261904716492,0.34321936964988708,0.3361895084381103,0.32308021187782288
7670_01,2,0.98343586921691895,0.98220974206924438,0.98531234264373779,0.98031902313232422
7671_01,5,0.089079283177852603,0.12045528739690781,0.15658128261566159,0.095835715532302801
7676_01,5,0.0309429019689559,0.031430914998054497,0.038464613258838598,0.024834673851728401
7677_01,1,0.73229491710662842,0.72717177867889404,0.7368960976600647,0.692626953125
7678_01,4,0.026220729574561102,0.025717936456203402,0.0237397979944944,0.0059087034314870002
7678_02,4,0.5432121753692627,0.52207881212234497,0.55971139669418335,0.50994747877120972
7679_01,2,0.47245714068412781,0.48444965481758118,0.47782814502716059,0.46795320510864258
7680_01,2,0.00040667460416439998,0.00027937520644619998,0.00029070390155529999,0.0003008762432727
7682_01,1,0.69032859802246094,0.66772300004959106,0.69887185096740723,0.63215935230255127
7683_01,5,0.48527473211288452,0.45993503928184509,0.43128475546836847,0.405517578125
7684_01,2,0.99956530332565319,0.99975967407226562,0.99971568584442139,0.99978983402252197
7687_01,3,0.10928761959075919,0.1623922735452652,0.13231168687343589,0.17709389328956601
7688_01,4,0.59848862886428833,0.59303545951843262,0.61698710918426514,0.62539684772491455
7689_01,2,0.1098018586635589,0.089975222945213304,0.1074903830885887,0.066420175135135595
7690_01,1,0.37697964906692499,0.36010867357254028,0.38743159174919128,0.38974356651306152
7691_01,1,0.98639011383056641,0.97895407676696777,0.9831981658935548,0.98337185382843018
7692_01,2,0.2035866826772689,0.2341521084308624,0.21185430884361259,0.21640968322753901
7693_01,2,0.69925308227539062,0.74070870876312256,0.70220935344696045,0.787353515625
7693_02,2,0.28373989462852478,0.35941952466964722,0.3099557757377624,0.326416015625
7694_01,2,0.1094025000929832,0.10519041121006011,0.113153651356697,0.10633097589015961
7696_01,3,0.026633717119693701,0.0121725406497716,0.0098408255726098997,0.011992616578936501
7696_02,3,0.13360500335693359,0.10888289660215369,0.15432485938072199,0.27407428622245789
7697_01,1,0.98914033174514759,0.98855835199356079,0.98742341995239258,0.9902583360671996
7697_02,1,0.99947184324264515,0.99920856952667236,0.99926471710205078,0.99913901090621959
7698_01,2,0.16155993938446039,0.1734833270311355,0.1541235744953155,0.1941824853420257
7699_01,1,0.68939310312271118,0.74121379852294922,0.66451078653335571,0.7786591649055481
7700_01,1,0.1372836828231811,0.1307994127273559,0.1203472018241882,0.17167967557907099
7702_01,3,0.65148746967315674,0.62196439504623413,0.64760506153106689,0.6142578125
7703_01,2,0.62654340267181396,0.61879211664199829,0.63390743732452393,0.64029306173324585
7703_02,2,0.86242848634719849,0.83109456300735474,0.86368632316589355,0.82563096284866333
7705_01,2,0.0087767988443373992,0.0020473289769141999,0.0085763903334735991,0.0015667831758036999
7707_01,2,0.0261129811406135,0.0149012273177504,0.0275580585002899,0.0079395743086934003
7708_01,5,0.34041291475296021,0.30797421932220459,0.2800277173519134,0.33349609375
7709_01,1,0.064870715141296303,0.063350111246108995,0.078246578574180603,0.058763369917869498
7709_02,1,0.721119225025177,0.71085935831069946,0.71177351474761963,0.70076966285705566
7710_01,2,0.8973119854927063,0.95681971311569203,0.88978028297424316,0.97106242179870605
7711_01,3,0.069648385047912598,0.091592751443385995,0.094629816710948902,0.045770972967147799
7712_01,1,0.99541097879409801,0.99554693698883057,0.99508416652679443,0.99776756763458241
7713_01,4,0.9994627833366394,0.99937975406646717,0.999439537525177,0.99946671724319458
7714_01,3,0.027188409119844398,0.0132456980645656,0.0141999321058392,0.0028111287392675001
7715_01,1,0.14970767498016349,0.1125222891569137,0.1212159693241119,0.087548628449440002
7716_01,2,0.99473369121551525,0.9944685697555542,0.99662524461746216,0.99316376447677601
7717_01,3,0.0546548590064048,0.030533280223608,0.044591806828975601,0.015807893127202901
7719_01,4,0.57954508066177368,0.53911769390106201,0.58774936199188232,0.57610023021697998
7720_01,4,0.50312912464141846,0.5126488208770752,0.5131838321685791,0.50896507501602173
7721_01,3,0.87655282020568848,0.85736799240112305,0.87902194261550903,0.90977299213409424
7723_01,5,0.95626926422119141,0.97343343496322643,0.96167451143264759,0.97665953636169445
7724_01,5,0.16154839098453519,0.1509975790977478,0.12575818598270411,0.13794280588626859
7727_01,2,0.92495226860046398,0.90927422046661377,0.9651954174041748,0.96885538101196278
7728_01,1,0.00057150761131190004,0.00035389352706259998,0.00022238082601680001,0.00025341336731790002
7729_01,4,0.99857825040817261,0.99765682220458984,0.99844908714294445,0.99813830852508545
7731_01,3,0.99590718746185303,0.99460518360137939,0.99543154239654541,0.99687063694000244
7736_01,1,0.046900976449251099,0.0475632399320602,0.022794932126998901,0.0422875732183456
7738_01,5,0.99414730072021484,0.99053996801376343,0.99345356225967396,0.98817557096481323
7739_01,4,0.111735001206398,0.11229117959737769,0.099454380571842194,0.10316199064254759
7741_01,3,0.541259765625,0.52253758907318115,0.53881794214248657,0.50634610652923584
7741_02,3,0.68951314687728882,0.73390805721282959,0.65950584411621094,0.67936062812805176
7742_01,2,0.97499626874923717,0.97733551263809204,0.97752732038497925,0.97131681442260742
7742_02,2,0.98327523469924916,0.98310446739196777,0.98493289947509755,0.98021721839904796
7743_01,5,0.098444759845733601,0.1088719367980957,0.064094178378582001,0.083242505788803101
7744_01,5,0.71418356895446777,0.63452935218811035,0.74828839302062988,0.75419372320175171
7744_02,5,0.99937915802001964,0.99796766042709362,0.99942684173583984,0.9981169104576112
7746_01,2,0.98930031061172485,0.98715907335281361,0.98967236280441284,0.98976123332977295
7747_01,1,0.43944510817527771,0.38042673468589783,0.40404504537582397,0.35726496577262878
7748_01,2,0.58337432146072388,0.74048054218292236,0.59159165620803833,0.80072438716888428
7748_02,2,0.070599436759948703,0.055606633424758897,0.061369925737380898,0.054414216428995098
7749_01,5,0.96543240547180176,0.9836210012435912,0.97009801864624023,0.98664367198944081
7749_02,5,0.72402870655059814,0.73222887516021729,0.73010307550430298,0.83587068319320679
7751_01,1,0.99541032314300537,0.99455523490905762,0.99407291412353516,0.9958040714263916
7752_01,1,0.098771810531616197,0.10175178200006479,0.085739172995090401,0.071141719818115207
7753_01,1,0.74849718809127808,0.75148379802703857,0.73743069171905518,0.73310732841491699
7754_01,1,0.25746750831603998,0.18635925650596619,0.20949447154998779,0.17076846957206721
7755_01,5,0.8292090892791748,0.75841820240020752,0.82861506938934326,0.74663245677947998
7757_01,5,0.99895310401916504,0.99674773216247559,0.99905300140380859,0.99711382389068604
7757_02,5,0.99915432929992676,0.99816107749938965,0.99818205833435059,0.9997481107711792
7760_01,3,0.42950069904327393,0.39217478036880488,0.3849835991859436,0.31770452857017512
7761_01,5,0.092232391238212502,0.16606421768665311,0.47907528281211847,0.4364019632339477
7761_02,5,0.70444625616073608,0.67724239826202393,0.68023788928985596,0.65031325817108154
7763_01,1,0.0658093616366386,0.041705064475536298,0.040087517350911997,0.027735674753785099
7764_01,2,0.082716628909110995,0.080715358257293701,0.076419778168201405,0.12732848525047299
7767_01,5,0.66186779737472534,0.64211082458496094,0.66129493713378906,0.639404296875
7768_01,5,0.23423798382282249,0.1906518936157226,0.16367331147193909,0.1494098752737045
7769_01,2,0.2035128772258758,0.15483731031417841,0.13291379809379569,0.1273982226848602
7770_01,5,0.083240896463394096,0.0761761665344238,0.097462788224220206,0.068978153169155093
7770_02,5,0.087442353367805398,0.090652823448181097,0.068888902664184501,0.079488426446914603
7771_01,2,0.60463613271713257,0.59401226043701172,0.6470676064491272,0.68603515625
7773_01,4,0.65708541870117188,0.63459968566894531,0.65307515859603882,0.650634765625
7774_01,2,0.094616822898387895,0.1159311905503273,0.091172188520431505,0.1273044943809509
7775_01,1,0.00041256257100029999,0.000114753456728,0.0001670183992246,0.0001025353412842
7776_01,2,0.00059173890622330003,0.0003436573897488,0.00053347402717910004,0.0002458681701682
7777_01,5,0.59370732307434082,0.58117711544036865,0.59160590171813965,0.56780362129211426
7778_01,3,0.071388982236385304,0.052817221730947397,0.058687768876552499,0.031775061041116701
7778_02,3,0.71320343017578125,0.71279549598693848,0.72061753273010254,0.69459176063537598
7780_01,3,0.4728226363658905,0.4410400390625,0.49706298112869263,0.66324245929718018
7782_01,3,0.00024091274826779999,0.0001726227346807,8.3625083789229393e-05,9.1782661911565797e-05
7782_02,3,0.0039409850724041002,0.0026808977127075,0.0017048899317159999,0.0012020096182822999
7783_01,1,0.982710301876068,0.98027247190475464,0.9796242117881776,0.98442029953002919
7784_01,1,0.98760366439819336,0.98142653703689575,0.98511922359466564,0.98453980684280396
7785_01,2,0.080236174166202504,0.049749426543712602,0.090979419648647294,0.049515485763549798
7786_01,5,0.0034069288522004999,0.0010195383802056,0.0019689511973409999,0.0001843824138632
7787_01,5,0.70237964391708374,0.67149484157562256,0.74147552251815796,0.86555254459381104
7787_02,5,0.97438299655914318,0.98660057783126842,0.97755175828933716,0.98813700675964355
7788_01,3,0.098611459136009202,0.10995533317327499,0.090149641036987305,0.1083984300494194
7789_01,2,0.095743618905544198,0.078431785106658894,0.088372349739074693,0.084772653877735096
7790_01,3,0.92144811153411876,0.91880309581756603,0.942011058330536,0.86532557010650635
7790_02,3,0.1036868542432785,0.078315109014511095,0.097885705530643394,0.15092605352401731
7790_03,3,0.98656272888183605,0.98516488075256359,0.98719948530197144,0.98572731018066395
7791_01,5,0.20249149203300471,0.15976281464099881,0.12649410963058469,0.15225264430046079
7793_01,2,0.0288655124604702,0.0176084544509649,0.032460097223520203,0.014070272445678701
7797_01,5,0.1813850402832031,0.063534989953040993,0.1122918576002121,0.078209429979324299
7800_01,5,0.60131704807281494,0.57039082050323486,0.60219037532806396,0.57822799682617188
7801_01,2,0.29121151566505432,0.24880585074424741,0.3116031289100647,0.32072249054908752
7802_01,5,0.072731509804725605,0.055956315249204601,0.037952631711959797,0.047497015446424401
7803_01,3,0.65468215942382812,0.6200941801071167,0.64835262298583984,0.61125504970550537
7803_02,3,0.71921271085739136,0.69205784797668457,0.70784604549407959,0.68017578125
7805_01,1,0.170944333076477,0.1236922740936279,0.16860499978065491,0.11944094300270081
7806_01,5,0.46230804920196528,0.45360666513442988,0.41589725017547607,0.424072265625
7808_01,4,0.1501828134059906,0.15877948701381681,0.1607846915721893,0.16191273927688599
7809_01,1,0.97452276945114136,0.97616368532180797,0.97808992862701416,0.9812754988670348
7809_02,1,0.96559393405914318,0.97189486026763916,0.96788179874420155,0.97943186759948719
7810_01,2,0.090644143521785694,0.056241672486066797,0.078044943511485998,0.087057836353778797
7812_01,3,0.054905403405427898,0.044212628155946697,0.036706011742353398,0.076361998915672302
7813_01,4,0.10353574901819219,0.14043538272380829,0.1030956804752349,0.15500862896442411
7815_01,2,0.62069034576416016,0.63356542587280273,0.61881959438323975,0.58893448114395142
7816_01,2,0.7584112286567688,0.78874444961547852,0.77894294261932373,0.761962890625
7818_01,4,0.51011604070663452,0.49261650443077087,0.51019114255905151,0.51123046875
7820_01,4,0.63275444507598877,0.60924959182739258,0.63494992256164551,0.57429122924804688
7821_01,5,0.1119655668735504,0.093672543764114297,0.079523012042045593,0.1021315157413482
7824_01,3,0.11797460913658139,0.1119859516620636,0.12634265422821039,0.1353068053722381
7828_01,5,0.63484209775924683,0.6073421835899353,0.64109069108963013,0.608154296875
7829_01,3,0.60868418216705322,0.60463809967041016,0.60377752780914307,0.578369140625
7830_01,2,0.68296205997467041,0.66572916507720947,0.69696652889251709,0.66569161415100098
7830_02,2,0.75114667415618896,0.72944390773773193,0.75914204120635986,0.73965775966644287
7830_03,2,0.094558089971542303,0.088854968547821003,0.10891345143318169,0.088134914636611897
7830_04,2,0.70808756351470947,0.67462480068206787,0.70361733436584473,0.72555035352706909
7831_01,1,0.098741002380847903,0.081201389431953402,0.084008455276489202,0.048427484929561601
7832_01,1,0.099662348628044101,0.1284524053335189,0.1040596067905426,0.1241303533315658
7833_01,3,0.053725372999906498,0.0536541454493999,0.044576689600944498,0.0121655697003006
7833_02,3,0.71062052249908447,0.71897220611572266,0.6728929877281189,0.632729172706604
7834_01,3,0.51930034160614014,0.58975273370742798,0.48210018873214722,0.52203810214996338
7835_01,1,0.72585827112197876,0.72729045152664185,0.73384171724319458,0.68172252178192139
7837_01,1,0.99922651052474976,0.99884730577468883,0.99894744157791138,0.99881225824356079
7837_02,1,0.9986223578453064,0.99773597717285156,0.99803948402404796,0.99794924259185802
7839_01,4,0.241689532995224,0.26170489192008972,0.2427685856819152,0.27586373686790461
7840_01,2,0.1221384108066558,0.11278482526540751,0.1130574569106102,0.14385226368904111
7841_01,5,0.00061280123190950002,0.00024273514281949999,0.00028901622863480002,5.6174012570409104e-05
7841_02,5,0.26832309365272522,0.21315918862819669,0.20290502905845639,0.16957786679267881
7842_01,4,0.35206955671310419,0.38305464386940002,0.35862228274345398,0.43560966849327087
7843_01,4,0.92021191120147705,0.9064043164253236,0.8902432918548584,0.89678490161895752
7845_01,5,0.99958276748657238,0.99857115745544445,0.99963992834091198,0.99875009059905995
7847_01,1,0.18362787365913391,0.1686493754386901,0.1735951751470565,0.18466714024543759
7848_01,1,0.15951934456825251,0.15293502807617179,0.16376723349094391,0.1120630428194999
7848_02,1,0.97832661867141724,0.97762650251388561,0.979758620262146,0.98056316375732422
7849_01,1,0.18823206424713129,0.1170394867658615,0.18340884149074549,0.1045184955000877
7850_01,1,0.61499541997909546,0.69417476654052734,0.61784118413925171,0.677978515625
7851_01,4,0.98799383640289318,0.98565196990966797,0.98757058382034302,0.98709797859191895
7852_01,1,0.060362201184034299,0.066535897552967002,0.032698445022106101,0.035045646131038603
7853_01,2,0.1670920252799987,0.14525735378265381,0.16801175475120539,0.10907869786024089
7853_02,2,0.048036865890026002,0.066805601119995103,0.061598610132932601,0.041821010410785599
7853_03,2,0.99321943521499645,0.99144065380096436,0.99405318498611439,0.98852384090423584
7856_01,5,0.097276136279106099,0.090489558875560705,0.072630263864993994,0.057618517428636502
7858_01,2,0.069391146302223206,0.048328138887882198,0.063563592731952598,0.029852144420146901
7858_02,2,0.1029661148786544,0.106683149933815,0.1009913831949234,0.093404039740562397
7858_03,2,0.16008178889751429,0.15873274207115171,0.1595061123371124,0.064827241003513295
7859_01,4,0.2201061397790908,0.24414618313312531,0.22941103577613831,0.27327704429626459
7861_01,1,0.47131171822547913,0.45036029815673828,0.48234850168228149,0.43547704815864557
7863_01,5,0.70163524150848389,0.76806420087814331,0.70968985557556152,0.83429712057113647
7864_01,5,0.82774841785430908,0.87819451093673706,0.82771199941635132,0.94255310297012318
7865_01,1,0.99916863441467285,0.99849838018417358,0.99875694513320923,0.99914520978927601
7865_02,1,0.99948787689208984,0.99901068210601796,0.99922013282775879,0.99914538860321045
7865_03,1,0.99973875284194957,0.99962180852890004,0.99966359138488758,0.9996265172958374
7866_01,2,0.51773476600646973,0.72375345230102539,0.51654249429702759,0.72216796875
7868_01,1,0.027425423264503399,0.020296333357691699,0.0202419571578502,0.024846579879522299
7870_01,2,0.9571404457092284,0.96900731325149536,0.95437139272689819,0.97466760873794556
7871_01,3,0.51976180076599121,0.53805625438690186,0.52994179725646973,0.50989013910293579
7872_01,1,0.43130075931549072,0.4048057496547699,0.4269987940788269,0.368896484375
7872_02,1,0.0123512092977762,0.010232945904135701,0.0072803376242518,0.0040838019922375002
7872_03,1,0.16218072175979609,0.1402279734611511,0.13270631432533261,0.10516982525587081
7872_04,1,0.42348918318748469,0.43943670392036438,0.42644920945167542,0.45263671875
7872_05,1,0.58479738235473633,0.57827585935592651,0.58414375782012939,0.59919404983520508
7872_06,1,0.62869942188262939,0.64660686254501343,0.6255679726600647,0.60580915212631226
7873_01,2,0.13009446859359741,0.12623411417007441,0.1279371231794357,0.14360585808753959
7873_02,2,0.33152347803115839,0.3252872228622436,0.34096375107765198,0.41462847590446472
7875_01,2,0.99946606159210205,0.99949872493743896,0.99958443641662598,0.99929332733154297
7877_01,2,0.6850396990776062,0.7014012336730957,0.68055438995361328,0.74711322784423828
7878_01,4,0.0953503772616386,0.1195976510643959,0.097667954862117698,0.081284508109092699
7879_01,5,0.18152895569801331,0.19417676329612729,0.36134666204452509,0.40119683742523188
7881_01,3,0.19431143999099729,0.20827639102935791,0.241636723279953,0.32844382524490351
7882_01,5,0.50065720081329346,0.50889629125595093,0.50088584423065186,0.53063154220581055
7882_02,5,0.38446044921875,0.36108669638633728,0.38249334692955012,0.36979755759239191
7883_01,4,0.4955437183380127,0.48271453380584711,0.49697792530059809,0.4973779022693634
7884_01,4,0.062487758696079199,0.044728633016347802,0.051032047718763303,0.024672912433743401
7885_01,4,0.4940029084682464,0.51681339740753174,0.49627682566642761,0.4906592071056366
7886_01,5,0.071280077099800096,0.070983305573463398,0.041433036327361998,0.042335152626037598
7888_01,5,0.5626409649848938,0.92284864187240601,0.84655237197875977,0.88548099994659424
7889_01,5,0.98180294036865245,0.98510181903839122,0.98182022571563721,0.98812389373779297
7890_01,3,0.1095239892601966,0.1045625656843185,0.12805105745792389,0.10436034947633741
7890_02,3,0.83441311120986938,0.77425301074981689,0.81629830598831177,0.77305114269256592
7890_03,3,0.69629126787185669,0.65877217054367065,0.68870460987091064,0.6435546875
7891_01,5,0.76996803283691406,0.7799343466758728,0.77784538269042969,0.76527547836303711
7891_02,5,0.085441581904888098,0.083623282611370003,0.1168848127126693,0.053825952112674699
7892_01,4,0.3830744326114654,0.35992723703384399,0.3947612047195434,0.38442763686180109
7894_01,1,0.63144922256469727,0.59728789329528809,0.54813826084136963,0.48520898818969721
7895_01,4,0.13676418364048001,0.1052110940217971,0.1086820587515831,0.042080037295818301
7897_01,4,0.99976980686187744,0.9996798038482666,0.99978482723236084,0.99979674816131603
7899_01,4,0.59840703010559082,0.574410080909729,0.582835853099823,0.54076910018920898
7899_02,4,0.085118085145950304,0.075111553072929299,0.074685886502265902,0.0219053737819194
7899_03,4,0.6583256721496582,0.64041852951049805,0.65700346231460571,0.6357421875
7901_01,2,0.98511004447937001,0.98634672164917003,0.98665791749954224,0.98471665382385243
7902_01,4,0.33654725551605219,0.36867055296897888,0.35447379946708679,0.3740234375
7902_02,4,0.73379480838775635,0.70736950635910034,0.73942601680755615,0.7083362340927124
7902_03,4,0.50254720449447632,0.51119774580001831,0.51283490657806396,0.48852542042732239
7902_04,4,0.17830763757228851,0.20105059444904319,0.20188167691230771,0.17314562201499939
7903_01,4,0.11151108145713801,0.093580745160579598,0.092834323644638006,0.0537540912628173
7904_01,2,0.53784036636352539,0.58462774753570557,0.55279618501663208,0.53107547760009766
7904_02,2,0.93976479768753041,0.95839434862136841,0.91483938694000244,0.95293617248535156
7905_01,5,0.2832334041595459,0.20188805460929871,0.216957151889801,0.1107586473226547
7905_02,5,0.99955582618713379,0.99865186214447021,0.99958693981170643,0.99864548444747925
7905_03,5,0.013096669688820801,0.017113782465457899,0.0089371865615248004,0.001826217630878
7907_01,5,0.99420636892318714,0.99067008495330799,0.99484127759933483,0.98703104257583618
7908_01,3,0.99904966354370117,0.99905890226364136,0.99903130531311035,0.9997481107711792
7910_01,5,0.35864105820655823,0.38804173469543451,0.30167165398597717,0.401123046875
7913_01,2,0.62550836801528931,0.58977657556533813,0.6336866021156311,0.57830023765563965
7914_01,4,0.50866711139678955,0.51733410358428955,0.50921434164047241,0.523193359375
7914_02,4,0.12458702921867371,0.12771324813365931,0.1175118088722229,0.082651689648628193
7914_03,4,0.1237181574106216,0.1355244368314743,0.1209028586745262,0.0809229686856269
7916_01,1,0.48954656720161438,0.5048375129699707,0.49496501684188843,0.51489174365997314
7918_01,1,0.98777174949645996,0.98160433769226085,0.98502421379089355,0.98543429374694824
7919_01,1,0.43492066860198969,0.40607175230979919,0.44013229012489319,0.42829650640487671
7920_01,2,0.98620498180389404,0.98633384704589844,0.98777997493743896,0.98583590984344482
7922_01,4,0.0459458753466606,0.033469319343566797,0.042091775685548699,0.0187690574675798
7924_01,3,0.13312354683876029,0.085563853383064201,0.079593107104301397,0.037285558879375402
7926_01,2,0.066170215606689398,0.066473513841629001,0.066297627985477406,0.078284785151481601
7929_01,4,0.059121690690517398,0.070644780993461595,0.052310060709714799,0.022925799712538698
7930_01,5,0.61814141273498535,0.61899930238723755,0.62174630165100098,0.62003993988037109
7935_01,5,0.089456334710121099,0.096161961555480902,0.1050071865320205,0.102186381816864
7936_01,2,0.4284152090549469,0.38490808010101318,0.40006798505783081,0.3720703125
7936_02,2,0.35591471195220947,0.37700900435447687,0.35368123650550842,0.38835236430168152
7936_03,2,0.4628907442092895,0.45394599437713617,0.4674388170242309,0.428466796875
7937_01,4,0.33878389000892639,0.32690596580505371,0.3036254346370697,0.24943484365940091
7937_02,4,0.99932515621185303,0.99891364574432362,0.99928098917007435,0.99972087144851685
7939_01,3,0.34757381677627558,0.32383087277412409,0.28710925579071039,0.2095706164836883
7940_01,2,0.17244625091552729,0.1933702081441879,0.1846294105052948,0.2352107167243957
7941_01,3,0.0082534290850162003,0.0213357619941234,0.0065863551571965001,0.012660114094614899
7943_01,5,0.99531018733978283,0.995033860206604,0.99632006883621216,0.99461179971694957
7943_02,5,0.99854445457458496,0.99777549505233765,0.99932944774627686,0.99950140714645397
7944_01,2,0.00017754732107269999,8.7691470980644226e-05,0.0001338311121799,6.2252860516309738e-05
7944_02,2,0.99702721834182739,0.99640142917633057,0.99698269367218018,0.99768859148025524
7945_01,2,0.98547834157943714,0.98633110523223877,0.98736089468002319,0.98666954040527344
7946_01,1,0.3190914094448089,0.27580994367599487,0.29833555221557612,0.304767906665802
7947_01,1,0.1054338440299034,0.1055782884359359,0.12575672566890711,0.1286114156246185
7949_01,5,0.016814032569527598,0.0127783715724945,0.0096977641806005998,0.0096044242382049005
7950_01,3,0.55716586112976074,0.51339548826217651,0.51539707183837891,0.46306371688842768
7950_02,3,0.55110371112823486,0.5556640625,0.56424260139465332,0.56078386306762695
7950_03,3,0.94795191287994385,0.93464505672454845,0.92939817905426036,0.95543140172958363
7950_04,3,0.52034175395965576,0.50743097066879272,0.53537189960479736,0.5230109691619873
7952_01,1,0.0600503087043762,0.0628976970911026,0.060236927121877601,0.043063774704933097
7952_02,1,0.061237130314111703,0.047885518521070397,0.031467158347368199,0.062642075121402699
7954_01,1,0.071930356323718997,0.052884355187416,0.0483495146036148,0.038203608244657503
7955_01,4,0.1018813401460647,0.089821889996528598,0.089144043624400995,0.047294791787862701
7957_01,2,0.70597207546234131,0.66558742523193359,0.71537226438522339,0.659912109375
7958_01,4,0.58075982332229614,0.55758988857269287,0.59468281269073486,0.59856367111206055
7960_01,3,0.095421262085437705,0.057268068194389302,0.053213428705930703,0.038129858672618797
7962_01,5,0.054234743118286098,0.044798724353313397,0.0269389860332012,0.030946299433708101
7967_01,4,0.0990809947252273,0.11368831247091291,0.1145272478461265,0.065055869519710499
7968_01,5,0.40030252933502197,0.4008925855159759,0.50356680154800415,0.339111328125
7970_01,4,0.94920736551284801,0.97954487800598145,0.96684634685516357,0.98164105415344238
7972_01,1,0.9912230372428894,0.99101060628891002,0.98866027593612682,0.99328917264938354
7972_02,1,0.0041601750999688998,0.0010738094570115,0.0028727855533361001,0.00060430495068430001
7973_01,1,0.99463945627212524,0.99300795793533325,0.99215000867843639,0.99738734960556041
7974_01,2,0.16181161999702451,0.081067949533462497,0.15991085767745969,0.069894745945930398
7974_02,2,0.1023088246583938,0.057950362563133198,0.082183390855789101,0.050191923975944498
7976_01,1,0.76335126161575317,0.75395256280899048,0.75824308395385742,0.719970703125
7981_01,5,0.1120190322399139,0.096926718950271606,0.067576535046100603,0.079059988260269096
7981_02,5,0.080257795751094804,0.073673143982887199,0.049987554550170898,0.0582298934459686
7982_01,4,0.98639720678329479,0.98499959707260121,0.98343777656555176,0.98748856782913197
7982_02,4,0.98591071367263805,0.98338234424591064,0.98640227317810059,0.98849153518676758
7983_01,3,0.97756850719451904,0.97682702541351318,0.97320687770843517,0.979736328125
7984_01,1,0.98631566762924205,0.98350173234939575,0.98652076721191395,0.99242174625396717
7984_02,1,0.98309111595153797,0.97764456272125244,0.98219186067581177,0.98316168785095204
7984_03,1,0.20585677027702329,0.16828696429729459,0.19138048589229581,0.1710890531539917
7984_04,1,0.99326175451278675,0.99188268184661876,0.99349486827850342,0.99598711729049683
7985_01,4,0.1208031550049781,0.083974950015544794,0.1113556623458862,0.057085208594799
7986_01,2,0.16031649708747861,0.15830801427364349,0.15183219313621521,0.14531777799129481
7987_01,5,0.020455151796340901,0.0080829104408621007,0.0162320435047149,0.0014762673527002001
7988_01,4,0.99938112497329723,0.99923133850097656,0.99933505058288563,0.99927115440368641
7989_01,2,0.68210828304290771,0.64774620532989502,0.69546025991439819,0.62117016315460205
7990_01,2,0.65869259834289551,0.63490748405456543,0.66186618804931641,0.61865234375
7993_01,2,0.9329373836517334,0.9249451756477356,0.92864918708801281,0.92030632495880116
7993_02,2,0.97009509801864624,0.96756041049957275,0.97281217575073242,0.96022033691406239
7994_01,3,0.080200642347335802,0.050437949597835499,0.052433077245950699,0.028194189071655201
7995_01,2,0.97448575496673584,0.97502523660659801,0.97267097234725963,0.98339492082595836
7996_01,3,0.23411950469017029,0.2486630380153656,0.2636265754699707,0.350830078125
7999_01,2,0.99457645416259755,0.99382472038269043,0.99392682313919078,0.99306941032409679
8000_01,3,0.57768243551254272,0.56558561325073242,0.56723564863204956,0.54541015625
8000_02,3,0.75166255235671997,0.69467514753341675,0.72659963369369507,0.67106199264526367
8003_01,4,0.98862862586975098,0.98750412464141835,0.98916715383529663,0.98957622051239003
8004_01,4,0.99666392803192139,0.99636852741241455,0.99674332141876221,0.99863469600677479
8005_01,1,0.0877962410449981,0.071017012000083896,0.063128277659416199,0.043786603957414599
8005_02,1,0.7480587363243103,0.73639917373657227,0.7429049015045166,0.698974609375
8005_03,1,0.11230456829071039,0.098679751157760606,0.089121095836162498,0.063682079315185505
8006_01,4,0.31974238157272339,0.35415074229240417,0.34442064166069031,0.23095706105232239
8007_01,1,0.044490039348602198,0.043726779520511599,0.029890740290284101,0.034148413687944398
8007_02,1,0.076266743242740603,0.10340422391891479,0.073021091520786202,0.35617339611053461
8010_01,1,0.99777579307556163,0.99786770343780518,0.99737620353698719,0.99884927272796642
8012_01,4,0.98889446258544922,0.98993617296218883,0.98842161893844604,0.99227738380432118
8012_02,4,0.35135799646377558,0.27887988090515131,0.3295480608940124,0.30526265501976008
8012_03,4,0.99328339099884044,0.9924532175064088,0.99353277683258057,0.99483227729797363
8014_01,5,0.59836935997009277,0.58162343502044678,0.6010926365852356,0.5779528021812439
8015_01,3,0.98485171794891357,0.98412668704986561,0.98200339078903198,0.99382805824279796
8015_02,3,0.0001373010454699,8.9195978944189847e-05,5.4393563914345577e-05,3.9993112295633182e-05
8015_03,3,0.99927669763565063,0.99935388565063477,0.99930334091186523,0.99980294704437256
8016_01,2,0.054635453969240098,0.0397771745920181,0.039409935474395703,0.011591482907533601
8018_01,5,0.053338192403316498,0.070109367370605399,0.070030853152275002,0.27718409895896912
8019_01,3,0.98828417062759399,0.98690080642700195,0.99058431386947643,0.99148535728454601
8020_01,1,0.17311117053031921,0.1594187319278717,0.1706210374832153,0.1140092760324478
8021_01,4,0.52760452032089233,0.51895362138748169,0.52768111228942871,0.55779266357421875
8023_01,4,0.41654479503631592,0.55682742595672607,0.38773763179779053,0.54108595848083496
8023_02,4,0.9769226312637328,0.972944676876068,0.97527146339416504,0.97981595993042003
8024_01,5,0.28125846385955811,0.3249311745166778,0.2691052258014679,0.21522215008735651
8025_01,2,0.21710380911827079,0.28981763124465942,0.2188293039798736,0.24990221858024589
8026_01,3,0.99137181043624878,0.990733802318573,0.99281483888626099,0.99277400970458984
8027_01,1,0.3947385847568512,0.39581379294395441,0.40451735258102411,0.361572265625
8027_02,1,0.37086665630340571,0.34279549121856689,0.40187323093414301,0.30956742167472839
8029_01,2,0.081872038543224293,0.056989431381225503,0.0945628732442855,0.063764236867427798
8030_01,4,0.66569042205810547,0.63330078125,0.65879362821578979,0.63191318511962891
8031_01,5,0.99487930536270142,0.993308424949646,0.99561572074890137,0.99220454692840576
8032_01,3,0.92586535215377797,0.90425485372543324,0.92681825160980225,0.88975739479064941
8032_02,3,0.97518199682235718,0.97072380781173717,0.97170710563659679,0.96457016468048096
8034_01,3,0.5827711820602417,0.6134229302406311,0.60351943969726562,0.61328125
8034_02,3,0.042719468474388102,0.022887630388140599,0.020361399278044701,0.0153997410088777
8035_01,1,0.98645007610321045,0.98519188165664684,0.98755186796188354,0.9868546724319458
8036_01,5,0.083044596016406999,0.074188061058521201,0.055211432278156197,0.0617999993264675
8036_02,5,0.091097965836524894,0.084153003990650094,0.053653717041015597,0.0540750920772552
8037_01,5,0.27838164567947388,0.2821643054485321,0.24994590878486631,0.32568359375
8038_01,3,0.99899196624755859,0.99906867742538441,0.99913930892944336,0.99966514110565197
8038_02,3,0.99952781200408936,0.99942433834075917,0.99954360723495483,0.99982082843780518
8042_01,3,0.71642422676086426,0.68469280004501343,0.71792453527450562,0.6665874719619751
8043_01,5,0.99740266799926758,0.99686211347579956,0.99807465076446522,0.99820256233215321
8043_02,5,0.54033499956130981,0.43018701672554011,0.49345842003822321,0.36482280492782593
8043_03,5,0.095451340079307501,0.090417861938476493,0.086199358105659402,0.13268470764160151
8043_04,5,0.97408556938171398,0.9870794415473938,0.97886109352111816,0.99176180362701416
8046_01,4,0.61179304122924805,0.58801549673080444,0.60055005550384521,0.57421875
8049_01,2,0.075286328792571994,0.067012816667556693,0.081262126564979498,0.031316358596086502
8050_01,5,0.19072197377681729,0.14767433702945709,0.14920616149902341,0.1216393336653709
8050_02,5,0.64518123865127563,0.67103922367095947,0.6560283899307251,0.65608835220336914
8050_03,5,0.7890857458114624,0.83165329694747925,0.82326829433441162,0.80884051322937012
8052_01,2,0.41829079389572138,0.43031677603721619,0.43156266212463379,0.398681640625
8052_02,2,0.1030558794736862,0.1234543249011039,0.1246000975370407,0.1845335364341735
8053_01,4,0.12673035264015189,0.1139807626605033,0.1144272834062576,0.1465846896171569
8054_01,4,0.025335665792226701,0.024089399725198701,0.016078919172286901,0.0134515576064586
8055_01,4,0.56926804780960083,0.574360191822052,0.55398786067962646,0.4267578125
8056_01,5,0.1137627884745597,0.26278853416442871,0.19864015281200409,0.2498489618301391
8056_02,5,0.99870586395263683,0.99869680404663075,0.99945330619812001,0.99975043535232544
8057_01,1,0.95414513349533081,0.96089529991149902,0.95125496387481678,0.97133207321167003
8057_02,1,0.99277961254119884,0.99292886257171642,0.99148374795913696,0.99437725543975841
8058_01,1,0.033151764422655099,0.028351400047540599,0.044696822762489298,0.015319971367716701
8059_01,4,0.036302894353866501,0.038906984031200402,0.029141992330551099,0.014265790581703099
8060_01,5,0.095620438456535298,0.103907436132431,0.085359990596771199,0.1235363334417343
8060_02,5,0.99505472183227539,0.9925220012664796,0.99454855918884277,0.98989969491958618
8063_01,2,0.15315261483192441,0.22005394101142881,0.1601433455944061,0.26170739531517029
8064_01,3,0.90679287910461437,0.94137579202651978,0.89533740282058716,0.9448258876800536
8064_02,3,0.88989806175231934,0.90835726261138916,0.91143119335174561,0.94522678852081299
8064_03,3,0.62970012426376343,0.65863335132598877,0.6406283974647522,0.66585248708724976
8066_01,5,0.99490433931350719,0.99216091632843018,0.9958229660987854,0.9883943200111388
8067_01,4,0.12278863042593,0.1224497854709625,0.1079560071229934,0.28847968578338617
8068_01,3,0.1094488650560379,0.075492396950721699,0.072829425334930406,0.038063190877437501
8069_01,4,0.99952900409698475,0.99944382905960083,0.99958300590515137,0.99981492757797241
8071_01,5,0.54160964488983154,0.54885983467102051,0.57698482275009155,0.53655821084976196
8072_01,3,0.9944658875465392,0.99399620294570923,0.99465173482894897,0.99628853797912598
8072_02,3,0.1130847781896591,0.1175113320350647,0.099528282880782998,0.093003131449222495
8075_01,4,0.1426600962877273,0.12568113207817069,0.132909670472145,0.082976967096328694
8076_01,5,0.086369082331657396,0.13978275656700129,0.093738362193107605,0.34542861580848688
8076_02,5,0.000308153568767,0.00028481916524460002,0.00016723717271810001,6.4994026615750045e-05
8077_01,1,0.091068848967552102,0.077232837677001898,0.074375852942466694,0.083601415157318101
8078_01,1,0.027276396751403802,0.035214908421039498,0.0304041504859924,0.011545485816895899
8079_01,5,0.086358353495597798,0.0827762335538864,0.079906120896339403,0.198926031589508
8081_01,1,0.99747282266616821,0.99696183204650879,0.99770015478134155,0.99919903278350841
8082_01,5,0.44173699617385859,0.39893442392349238,0.43248468637466431,0.34985306859016418
8082_02,5,0.11618998646736139,0.1317967474460601,0.1446834504604339,0.26899045705795288
8083_01,1,0.21142390370368949,0.16450893878936759,0.21541041135787961,0.30340015888214111
8084_01,3,0.00010190482134929999,7.3948052886407822e-05,5.2411814976949245e-05,4.7204637667164207e-05
8085_01,2,0.11410849541425699,0.0864763334393501,0.1010333821177482,0.080790743231773293
8086_01,2,0.63012838363647461,0.5889093279838562,0.6352311372756958,0.57634538412094116
8087_01,5,0.94256269931793202,0.952872633934021,0.96433806419372559,0.99624389410018921
8088_01,2,0.0216248985379934,0.0108613744378089,0.019627835601568201,0.016452025622129399
8088_02,2,0.023652518168091701,0.0212359651923179,0.028505293652415199,0.027854252606630301
8089_01,2,0.68837505578994751,0.69907677173614502,0.69317495822906494,0.81332594156265259
8091_01,4,0.1039430424571037,0.1043130904436111,0.094247117638587896,0.046385399997234303
8092_01,1,0.0814494118094444,0.068471051752567194,0.045513376593589699,0.023233102634549099
8092_02,1,0.99712717533111561,0.99808800220489502,0.99700999259948719,0.99917656183242798
8092_03,1,0.56199508905410767,0.50756251811981201,0.5428241491317749,0.5185546875
8094_01,2,0.80502957105636597,0.85849004983901978,0.79408860206604004,0.7413022518157959
8097_01,2,0.99873018264770519,0.99868631362915039,0.99896138906478882,0.9980924129486084
8098_01,4,0.0001026423415169,6.5918269683606923e-05,4.8947891627904028e-05,4.2734704038593918e-05
8098_02,4,0.4772191047668457,0.53663909435272217,0.47822898626327509,0.35091197490692139
8098_03,4,0.99743163585662842,0.99690711498260498,0.99723225831985485,0.99664282798767079
8098_04,4,0.99956947565078735,0.99977332353591919,0.99975591897964478,0.99987119436264038
8102_01,3,0.018937353044748299,0.027255151420831601,0.025446854531764901,0.0155496252700686
8103_01,4,0.1987205445766449,0.1889491081237793,0.18239355087280271,0.1694845706224441
8105_01,2,0.099060013890266405,0.088229931890964494,0.088590145111083901,0.081270799040794303
8106_01,4,0.72576868534088135,0.69740331172943115,0.71425127983093262,0.65706169605255127
8107_01,2,0.099223278462886796,0.083965301513671806,0.090285576879978097,0.075455658137798295
8108_01,2,0.36446100473403931,0.40707027912139893,0.38476607203483582,0.38874980807304382
8112_01,1,0.093317739665508201,0.085388913750648499,0.070362642407417297,0.053664427250623703
8115_01,4,0.99857866764068604,0.9983542561531068,0.99804580211639404,0.99818676710128784
8115_02,4,0.9992087483406068,0.99896144866943359,0.99908423423767079,0.99906265735626221
8116_01,3,0.1214281544089317,0.1240228116512298,0.1084929406642913,0.059370800852775497
8117_01,2,0.99891865253448475,0.99904882907867443,0.99921256303787243,0.99820631742477417
8117_02,2,0.0018110701348631999,0.0010188358137384001,0.0015215878374874,0.00070574815617870004
8117_03,2,0.99954557418823242,0.99950700998306286,0.99961096048355103,0.9992804527282716
8118_01,3,0.48973041772842407,0.45099014043807978,0.50001430511474609,0.45061737298965449
8119_01,2,0.84630650281906128,0.82704704999923706,0.84355157613754272,0.78779029846191406
8119_02,2,0.44086620211601257,0.52291679382324219,0.4680789709091186,0.57470703125
8119_03,2,0.13691461086273191,0.1400617361068725,0.13823056221008301,0.11187060922384259
8120_01,4,0.51527619361877441,0.50011831521987915,0.48885884881019592,0.47666066884994501
8121_01,5,0.53540158271789551,0.51646345853805542,0.53565788269042969,0.523681640625
8122_01,5,0.0025203241966664002,0.0029815526213496,0.0021021384745836002,0.0019932785071432001
8122_02,5,0.62232136726379395,0.48203569650650019,0.58505100011825562,0.535014808177948
8122_03,5,0.00043752443161790001,0.00041911509470080001,0.00017118534015019999,9.568297537043692e-05
8123_01,1,0.47898751497268671,0.48988348245620728,0.48995926976203918,0.50775027275085449
8124_01,2,0.57485717535018921,0.60855710506439209,0.59962350130081177,0.58381533622741699
8128_01,3,0.98701477050781239,0.98395723104476918,0.98921650648117077,0.98903632164001465
8129_01,3,0.77499860525131226,0.71757227182388306,0.76282805204391479,0.73233127593994141
8129_02,3,0.47727718949317932,0.47294774651527399,0.48948633670806879,0.47625449299812311
8129_03,3,0.19940163195133209,0.26146590709686279,0.277997225522995,0.271484375
8129_04,3,0.14295272529125211,0.1208550110459327,0.16957946121692649,0.050016779452562297
8129_05,3,0.73826760053634644,0.68803948163986206,0.74690020084381104,0.63931620121002197
8130_01,5,0.59283512830734253,0.59458065032958984,0.59553718566894531,0.579345703125
8130_02,5,0.65744948387145996,0.66514056921005249,0.6627197265625,0.66129779815673828
8130_03,5,0.74786984920501709,0.77888089418411255,0.77784979343414307,0.7712867259979248
8131_01,5,0.99493426084518444,0.99144750833511364,0.99572479724884044,0.98745101690292358
8133_01,5,0.066560044884681702,0.081310041248798301,0.076889559626579201,0.11442087590694421
8135_01,1,0.97500181198120117,0.97416400909423839,0.97050005197525024,0.9814453125
8136_01,2,0.99705874919891357,0.99691188335418701,0.99716907739639282,0.9950932264328004
8136_02,2,0.0233378652483224,0.015591182745993099,0.021670093759894302,0.012173349037766399
8137_01,4,0.097425460815429604,0.109401948750019,0.10615268349647521,0.072019942104816395
8138_01,4,0.69686412811279297,0.69505012035369873,0.70550781488418579,0.69718116521835327
8139_01,2,0.58282738924026489,0.56375634670257568,0.4985473752021789,0.49316239356994629
8140_01,1,0.69543337821960449,0.69230139255523682,0.6974303126335144,0.65746605396270752
8141_01,2,0.60150146484375,0.5768965482711792,0.614765465259552,0.5517578125
8143_01,3,0.117735356092453,0.29786187410354609,0.22608742117881769,0.74960601329803467
8144_01,1,0.99089747667312622,0.98977065086364757,0.98904544115066517,0.9929766058921814
8144_02,1,0.0044759521260857001,0.00073297950439149995,0.0023736378643661,0.00075466430280349999
8144_03,1,0.97149264812469482,0.97172939777374279,0.9687650203704834,0.98586201667785645
8144_04,1,0.96038401126861561,0.97042006254196156,0.95768916606903076,0.98283851146697998
8147_01,5,0.0013156943023203999,0.00045962637523179998,0.00047562294639639998,0.00020702931215049999
8147_02,5,0.61321830749511719,0.64139902591705322,0.60347002744674683,0.61694347858428955
8147_03,5,0.1196759715676307,0.1358827799558639,0.1350649893283844,0.1751467883586883
8147_04,5,0.73392081260681152,0.73841500282287598,0.7579914927482605,0.72298812866210938
8148_01,5,0.13528046011924741,0.1469676792621612,0.097892016172409002,0.11955356597900391
8149_01,3,0.61845070123672485,0.60069727897644043,0.61952149868011475,0.59723871946334839
8150_01,2,0.93897068500518799,0.87393826246261597,0.94527852535247803,0.89952754974365234
8150_02,2,0.66076624393463135,0.66062295436859131,0.65201663970947266,0.66275584697723389
8150_03,2,0.054054893553256898,0.057330444455146699,0.0475903488695621,0.068504415452480302
8152_01,1,0.66046148538589478,0.64772701263427734,0.65629053115844727,0.60539615154266357
8153_01,4,0.61938709020614624,0.6106950044631958,0.63360583782196045,0.62255859375
8156_01,4,0.1090497225522995,0.093503817915916401,0.094734020531177507,0.071691863238811396
8157_01,4,0.53274393081665039,0.53445160388946533,0.53376460075378418,0.50537109375
8157_02,4,0.094881832599639795,0.092364408075809395,0.086046278476715005,0.059106834232807097
8157_03,4,0.12660111486911771,0.1213289052248001,0.090315401554107597,0.071287885308265603
8157_04,4,0.51355177164077759,0.50923168659210205,0.48925811052322388,0.442626953125
8157_05,4,0.6403576135635376,0.57079440355300903,0.63307315111160278,0.57819521427154541
8157_06,4,0.43993422389030451,0.43401065468788141,0.43354037404060358,0.39062502980232239
8158_01,5,0.17580464482307431,0.1582387387752533,0.1341840922832489,0.18037080764770499
8159_01,1,0.083939693868160206,0.077460333704948398,0.0690166801214218,0.081083305180072701
8161_01,1,0.16443315148353571,0.14164271950721741,0.14215745031833649,0.098289623856544495
8162_01,2,0.0362154766917228,0.029851567000150601,0.036817260086536401,0.027301056310534401
8164_01,3,0.13638803362846369,0.13708075881004331,0.1095224916934967,0.070151343941688496
8165_01,4,0.045730013400316197,0.018725387752056101,0.027064224705100001,0.017555579543113702
8167_01,1,0.69555598497390747,0.69543635845184326,0.69331443309783936,0.65348446369171143
8168_01,1,0.32291609048843378,0.3534313440322876,0.35295271873474121,0.378662109375
8168_02,1,0.18957558274269101,0.213328868150711,0.2020921111106872,0.2087420374155044
8168_03,1,0.11284468322992321,0.1015809401869773,0.097431793808937003,0.10025933384895321
8168_04,1,0.10358478128910061,0.087490551173686898,0.076062500476837103,0.061927966773509903
8168_05,1,0.0961342453956604,0.073639504611492101,0.093511983752250602,0.070012196898460305
8168_06,1,0.4402754008769989,0.45671477913856501,0.4325267076492309,0.46875
8168_07,1,0.64772599935531616,0.67063415050506592,0.64770233631134033,0.654296875
8168_08,1,0.57925832271575928,0.61195659637451172,0.58927476406097412,0.59172528982162476
8171_01,1,0.28869476914405823,0.25507745146751398,0.29756557941436768,0.24086055159568781
8173_01,5,0.99973142147064198,0.99906033277511597,0.9998408555984496,0.99979299306869518
8175_01,5,0.99923956394195557,0.99819451570510864,0.99931764602661122,0.99824017286300659
8176_01,2,0.17842552065849299,0.13582856953144071,0.17246328294277191,0.083094522356987
8177_01,3,0.14156827330589289,0.27980920672416681,0.22923129796981809,0.34386956691741938
8178_01,1,0.65049195289611816,0.63987517356872559,0.64221048355102539,0.60456502437591553
8182_01,4,0.14677529036998749,0.1782228946685791,0.15842811763286591,0.1679796874523162
8186_01,4,0.60197287797927856,0.55612683296203613,0.59197962284088135,0.600341796875
8186_02,4,0.74609833955764771,0.71155166625976562,0.73711788654327393,0.73089134693145752
8186_03,4,0.61688649654388428,0.59251809120178223,0.62414199113845825,0.60100269317626953
8186_04,4,0.71140742301940918,0.65555775165557861,0.71036046743392944,0.648681640625
8189_01,5,0.061728484928607899,0.082507848739623996,0.056337259709834997,0.0099676102399825998
8190_01,1,0.99931925535202037,0.99894696474075317,0.99901944398880005,0.99886739253997803
8191_01,4,0.095534078776836395,0.087993264198303195,0.092428639531135504,0.040394149720668703
8192_01,4,0.092827431857585893,0.089259475469589206,0.093141421675681998,0.060177784413099199
8194_01,1,0.48850911855697632,0.46647274494171143,0.48451370000839228,0.49609375
8197_01,2,0.11365425586700439,0.11636874079704281,0.110153816640377,0.083823308348655701
8199_01,4,0.239834263920784,0.25765103101730341,0.2476093918085098,0.26142635941505432
8200_01,3,0.61911594867706299,0.59809780120849609,0.61836493015289307,0.59138178825378418
8202_01,2,0.97776192426681519,0.98457217216491699,0.98158311843872081,0.98830598592758179
8202_02,2,0.98972004652023315,0.99346208572387695,0.99243813753128041,0.993308424949646
8202_03,2,0.99204450845718384,0.99235188961029042,0.99484413862228405,0.99446272850036621
8202_04,2,0.99246329069137562,0.99798953533172596,0.9932328462600708,0.99756240844726562
8202_05,2,0.1081659272313118,0.066844709217548301,0.082288071513175895,0.060163244605064302
8202_06,2,0.99921607971191395,0.99919241666793823,0.99951386451721203,0.9989439845085144
8203_01,3,0.57405436038970947,0.52421486377716064,0.52102309465408325,0.4554634690284729
8203_02,3,0.99861836433410645,0.99780029058456421,0.99852466583251964,0.99900394678115845
8204_01,2,0.38889974355697632,0.35721492767333979,0.38804769515991211,0.34326171875
8204_02,2,0.36399376392364502,0.33522540330886841,0.3647010326385498,0.27969866991043091
8205_01,5,0.10782938450574869,0.094020336866378701,0.057625863701105097,0.073921918869018499
8207_01,2,0.98312145471572876,0.98833757638931286,0.98480522632598877,0.98672282695770264
8208_01,3,0.67665672302246094,0.66616666316986084,0.67211949825286865,0.63289046287536621
8209_01,4,0.48052999377250671,0.4844537079334259,0.48734939098358149,0.46881270408630371
8210_01,2,0.086804568767547594,0.084510788321495001,0.086024805903434698,0.087862469255924197
8211_01,5,0.70086979866027832,0.70941579341888428,0.68982094526290894,0.68416434526443481
8212_01,5,0.1104329153895378,0.093572840094566304,0.062367528676986597,0.070400118827819796
8213_01,2,0.080998182296752902,0.052568253129720598,0.075361952185630798,0.020959123969078002
8214_01,3,0.99497288465499878,0.99438595771789562,0.99508219957351685,0.99707889556884755
8216_01,1,0.3780895471572876,0.33139884471893311,0.38673862814903259,0.35507220029830933
8217_01,3,0.1026616245508194,0.088009797036647797,0.077524363994598305,0.059240348637104
8218_01,1,0.95666480064392079,0.95581316947937001,0.95003747940063477,0.97270834445953358
8219_01,2,0.0293157454580068,0.017619572579860601,0.031638458371162401,0.0127979051321744
8220_01,2,0.9937400221824646,0.9951743483543396,0.99401056766509999,0.99726819992065441
8221_01,3,0.98737329244613636,0.98512947559356678,0.98934185504913319,0.98966693878173839
8222_01,1,0.12579932808876029,0.1207326352596283,0.097194015979766804,0.1077728271484375
8222_02,1,0.6100776195526123,0.60291391611099243,0.60947519540786743,0.585205078125
8224_01,3,0.60424208641052246,0.65410387516021729,0.61068117618560791,0.59375
8225_01,1,0.27707555890083307,0.2867807149887085,0.29896965622901911,0.30476188659667969
8226_01,2,0.99431014060974121,0.9937177300453186,0.99507725238800038,0.99354809522628784
8226_02,2,0.98396122455596924,0.98770767450332642,0.98593956232070923,0.98556584119796764
8226_03,2,0.99605822563171398,0.99554836750030518,0.99667495489120483,0.99616694450378418
8227_01,4,0.63893914222717285,0.61659383773803711,0.61411887407302856,0.639404296875
8229_01,3,0.63374596834182739,0.58789783716201782,0.62166392803192139,0.568603515625
8231_01,2,0.48248258233070368,0.50154441595077515,0.48991534113883972,0.46564650535583491
8231_02,2,0.065343938767910004,0.044849336147308301,0.079793095588683999,0.031937561929225901
8232_01,4,0.13682284951210019,0.17317934334278101,0.15482048690319061,0.1302089244127273
8233_01,4,0.44647327065467829,0.41605031490325928,0.4521633088588714,0.4444001317024231
8233_02,4,0.1048448458313942,0.13818524777889249,0.13466967642307279,0.11654844135046
8235_01,2,0.066998139023780795,0.052083849906921303,0.061781652271747499,0.067812785506248405
8237_01,4,0.12502095103263849,0.1146117448806762,0.11150502413511269,0.0493184179067611
8238_01,4,0.13052019476890561,0.1262339651584625,0.12369801104068751,0.081468470394611303
8238_02,4,0.79140543937683105,0.71918016672134399,0.78315210342407227,0.72119140625
8239_01,3,0.1220562979578971,0.1077390015125274,0.079408466815948403,0.106121651828289
8242_01,5,0.56015366315841675,0.54286611080169678,0.55475831031799316,0.519287109375
8243_01,4,0.086046777665614999,0.093862414360046303,0.093892611563205705,0.052259646356105798
8244_01,2,0.090365827083587605,0.1116990149021148,0.095309123396873405,0.11489662528038019
8247_01,4,0.48628240823745728,0.51698458194732666,0.47048842906951899,0.529296875
8248_01,3,0.48663285374641418,0.47538560628890991,0.50120532512664795,0.44695588946342468
8248_02,3,0.083863489329814897,0.043563626706600099,0.054793938994407598,0.0148157766088843
8251_01,1,0.68109345436096191,0.66676634550094604,0.67801976203918457,0.6494140625
8252_01,1,0.15317587554454801,0.15448999404907221,0.14574252068996429,0.11472241580486291
8252_02,1,0.37908634543418879,0.35139966011047358,0.38836878538131708,0.30110958218574518
8252_03,1,0.52386599779129028,0.48148959875106812,0.51679909229278564,0.48779296875
8254_01,5,0.98718512058258057,0.98455548286437999,0.98981559276580799,0.98034894466400158
8255_01,2,0.068823285400867407,0.044323563575744601,0.088641762733459403,0.022846736013889299
8257_01,5,0.12652379274368281,0.089277178049087497,0.1175503879785537,0.1022258549928665
8259_01,2,0.14858908951282501,0.1492712795734405,0.15105639398097989,0.12687335908412931
8260_01,4,0.13653749227523801,0.12076115608215331,0.12985038757324219,0.049146443605422897
8260_02,4,0.58363687992095947,0.5426819920539856,0.56711918115615845,0.562744140625
8260_03,4,0.733376145362854,0.68426698446273804,0.71716403961181641,0.70865190029144287
8261_01,4,0.59366869926452637,0.55567443370819092,0.58587008714675903,0.58454537391662598
8264_01,3,0.51466518640518188,0.543742835521698,0.56073468923568726,0.52595639228820801
8265_01,4,0.51757478713989258,0.50972235202789307,0.52285528182983398,0.50970208644866943
8266_01,2,0.43397825956344599,0.44202673435211182,0.45520135760307312,0.4257140159606933
8267_01,4,0.037170641124248498,0.0155046144500374,0.027205152437090801,0.0292821284383535
8267_02,4,0.98888969421386719,0.98740512132644642,0.98798257112503041,0.98936039209365845
8268_01,3,0.99715697765350342,0.99762946367263805,0.99718540906906117,0.99901193380355835
8268_02,3,0.0189511328935623,0.017542164772748899,0.011295914649963301,0.0130942529067397
8270_01,2,0.73117762804031372,0.730368971824646,0.69712692499160767,0.730224609375
8271_01,4,0.75921332836151123,0.79049098491668701,0.82339084148406982,0.818412184715271
8272_01,2,0.99348735809326161,0.99033862352371216,0.99350601434707642,0.99088358879089355
8272_02,2,0.99482136964797963,0.99416267871856678,0.99532890319824219,0.99389839172363281
8272_03,2,0.98175454139709484,0.98526257276535045,0.98420369625091564,0.98086714744567882
8273_01,2,0.0655844956636428,0.042306695133447599,0.061748735606670303,0.020278714597225099
8275_01,5,0.99459445476531982,0.9919888973236084,0.99556136131286621,0.98837447166442882
8276_01,5,0.86542338132858276,0.89680683612823486,0.90302056074142456,0.91002237796783436
8276_02,5,0.98247754573822021,0.98943966627120961,0.98331862688064575,0.99003416299819957
8277_01,2,0.65311723947525024,0.6268962025642395,0.65340065956115723,0.58684432506561279
8279_01,5,0.67981672286987305,0.74974352121353149,0.67344731092453003,0.78827565908432007
8280_01,1,0.51811337471008301,0.47438114881515497,0.52925288677215576,0.49768334627151489
8281_01,3,0.1086969077587127,0.0780987069010734,0.064233824610710102,0.074621692299842807
8282_01,2,0.31846150755882258,0.24322924017906189,0.3010249137878418,0.25610664486885071
8287_01,3,0.074143856763839694,0.12502594292163849,0.1167737767100334,0.12229143083095551
8288_01,4,0.1206119656562805,0.090836346149444497,0.11466472595930099,0.032670866698026602
8288_02,4,0.10337191820144651,0.095457926392555195,0.096003927290439606,0.074059545993804904
8289_01,4,0.64748156070709229,0.632648766040802,0.65606701374053955,0.6943318247795105
8291_01,1,0.64671236276626587,0.63348579406738281,0.64505898952484131,0.60002511739730835
8292_01,4,0.99957221746444702,0.9990866780281068,0.99949651956558239,0.99925237894058239
8294_01,5,0.52623248100280762,0.49016165733337402,0.53507804870605469,0.50133931636810303
8295_01,4,0.093491837382316506,0.096816234290599795,0.0946796834468841,0.086096279323101002
8297_01,4,0.1111448854207992,0.095294922590255696,0.10660345107316969,0.084716804325580597
8298_01,5,0.99592965841293324,0.99073439836502075,0.99654543399810802,0.98748928308486938
8300_01,3,0.0363285131752491,0.035451665520668002,0.041111670434474903,0.0113588403910398
8301_01,4,0.2175084054470062,0.2217566519975662,0.1933456063270568,0.21221001446247101
8302_01,3,0.55183690786361694,0.53669977188110352,0.54671919345855713,0.513916015625
8302_02,3,0.5356253981590271,0.51609420776367188,0.51583999395370483,0.44865861535072321
8303_01,4,0.55890697240829468,0.54834085702896118,0.5970834493637085,0.386962890625
8306_01,3,0.45921227335929871,0.46798467636108398,0.47802823781967158,0.467041015625
8306_02,3,0.61458170413970947,0.64371198415756226,0.62671554088592529,0.60749423503875732
8306_03,3,0.073162935674190493,0.0429240837693214,0.040245518088340697,0.020443921908736201
8307_01,1,0.97747778892517079,0.97502607107162476,0.9721863865852356,0.98599743843078602
8307_02,1,0.96701174974441517,0.96725350618362438,0.96785712242126465,0.97997587919235241
8310_01,4,0.99010491371154796,0.99138236045837402,0.99076110124588002,0.99418336153030396
8313_01,3,0.054653897881507797,0.049060162156820297,0.040664877742528902,0.019391531124710999
8314_01,1,0.00032940632081590002,0.0001486897817812,0.0001120023080147,7.1281087002716959e-05
8314_02,1,0.79752826690673828,0.75059866905212402,0.7994275689125061,0.79691529273986816
8315_01,1,0.18120042979717249,0.18715766072273249,0.1754148006439209,0.16045196354389191
8316_01,2,0.13798481225967399,0.17886649072170249,0.14625871181488029,0.204345703125
8317_01,3,0.45144134759902949,0.4289601743221283,0.43296095728874201,0.508544921875
8318_01,1,0.98794621229171764,0.98441451787948597,0.98729288578033436,0.9914928674697876
8318_02,1,0.1117278560996055,0.1068243980407714,0.10376636683940881,0.12614317238330841
8318_03,1,0.1303779184818267,0.12518949806690211,0.13187167048454279,0.152883380651474
8318_04,1,0.99576175212860119,0.99448490142822277,0.99582254886627197,0.99521136283874523
8319_01,3,0.35005661845207209,0.31406807899475098,0.35626906156539911,0.23812171816825861
8320_01,1,0.67781591415405273,0.67140734195709229,0.66192531585693359,0.66650390625
8321_01,3,0.090846054255962302,0.050435353070497499,0.048146478831768001,0.01975136436522
8322_01,5,0.00087761867325750003,0.00044839543988920002,0.00041698606219139997,0.00021032133372499999
8322_02,5,0.99805736541748036,0.9973493218421936,0.99877393245697021,0.99720543622970581
8323_01,2,0.60348176956176758,0.59610450267791748,0.58180928230285645,0.55720168352127075
8324_01,2,0.57565116882324219,0.5329129695892334,0.5732421875,0.51666724681854248
8326_01,2,0.079638957977294894,0.061050258576869902,0.078728616237640298,0.031465757638215998
8328_01,1,0.52150005102157593,0.5203559398651123,0.52819812297821045,0.54931640625
8329_01,2,0.48389992117881769,0.47770640254020691,0.49168276786804199,0.47454464435577393
8330_01,3,0.11623188853263849,0.092122301459312397,0.10188302397727959,0.099077485501766205
8332_01,4,0.6208641529083252,0.58949655294418335,0.60033690929412842,0.559814453125
8333_01,5,0.0030908007174730002,0.0052520940080285003,0.0022600830998271001,0.0022882355842739001
8334_01,4,0.70382583141326904,0.66593378782272339,0.69891369342803955,0.68367493152618408
8335_01,3,0.056076161563396398,0.043690651655197102,0.041356213390827103,0.033204182982444701
8336_01,1,0.60916697978973389,0.70607239007949829,0.61837959289550781,0.71402788162231445
8338_01,2,0.97735100984573364,0.985909104347229,0.9801619052886964,0.98383772373199463
8338_02,2,0.060809224843978799,0.048361971974372801,0.064736671745777102,0.050781488418579102
8338_03,2,0.99169635772705078,0.99286669492721558,0.99164563417434681,0.98822426795959484
8339_01,2,0.0081696026027201999,0.0033432741183786999,0.0069030136801301999,0.0015786368167027001
8339_02,2,0.054936356842517797,0.027759952470660199,0.049469631165266002,0.0122525328770279
8341_01,2,0.1233257502317428,0.099228605628013597,0.1225581020116806,0.085637837648391696
8342_01,4,0.2416642010211944,0.3614686131477356,0.3213779628276825,0.39153283834457397
8342_02,4,0.97055679559707642,0.96965497732162476,0.972498059272766,0.97918188571929921
8342_03,4,0.13677769899368281,0.1422580480575561,0.1172159537672996,0.14127060770988459
8343_01,1,0.26152008771896362,0.2293803244829177,0.2829538881778717,0.47767969965934748
8344_01,5,0.98044759035110485,0.98616194725036621,0.98333537578582764,0.98413825035095204
8344_02,5,0.32344302535057068,0.2637107372283935,0.27374577522277832,0.267822265625
8344_03,5,0.99113249778747559,0.99145936965942383,0.99049282073974598,0.98890817165374756
8345_01,4,0.52180463075637817,0.58257442712783813,0.59924542903900146,0.58585160970687866
8346_01,1,0.15566450357437131,0.15996503829956049,0.20320862531661979,0.34242144227027888
8348_01,1,0.47582876682281489,0.49633663892745972,0.52171337604522705,0.5009765625
8354_01,3,0.99837708473205555,0.99848270416259755,0.99839770793914795,0.99949705600738525
8354_02,3,0.99858772754669201,0.99849057197570801,0.99855679273605358,0.99947762489318837
8356_01,1,0.6716926097869873,0.66398149728775024,0.65956681966781616,0.65592187643051147
8360_01,3,0.99821776151657104,0.99849760532379161,0.99842137098312378,0.99941617250442505
8360_02,3,0.99802160263061523,0.99800550937652599,0.99787259101867676,0.99929475784301758
8362_01,2,0.33394497632980341,0.3767710924148559,0.33329319953918451,0.44988319277763361
8363_01,1,0.23298263549804679,0.23986399173736569,0.2354215681552887,0.3213695883750915
8363_02,1,0.013599471189081599,0.0097366962581872003,0.0083777271211146996,0.004648926667869
8365_01,2,0.66117370128631592,0.6348075270652771,0.66038012504577637,0.60383212566375732
8366_01,4,0.49438613653182978,0.5008394718170166,0.48780608177185059,0.55743944644927979
8366_02,4,0.48194700479507441,0.50161635875701904,0.4735699594020843,0.50683599710464478
8366_03,4,0.57663476467132568,0.56525528430938721,0.57334774732589722,0.59636580944061279
8366_04,4,0.080664709210395799,0.080403015017509405,0.072463154792785603,0.046747222542762701
8366_05,4,0.50565993785858154,0.48921316862106318,0.50042659044265747,0.54840505123138428
8368_01,5,0.55514860153198242,0.54887151718139648,0.56889176368713379,0.53076380491256714
8368_02,5,0.33937615156173701,0.31115517020225519,0.28457182645797729,0.3179486989974975
8369_01,3,0.98911738395690918,0.9873623251914978,0.99126416444778442,0.98535531759262085
8369_02,3,0.4940502941608429,0.52607840299606323,0.52960282564163208,0.47200262546539301
8371_01,3,0.3275151252746582,0.34867933392524719,0.38893666863441467,0.57219231128692627
8373_01,3,0.1305435448884964,0.3031369149684906,0.2049453407526016,0.70167058706283569
8374_01,4,0.993691086769104,0.99185144901275635,0.99212634563446045,0.9931873083114624
8375_01,4,0.1182453036308288,0.1191551461815834,0.1219552755355835,0.092551901936530998
8376_01,1,0.98700827360153198,0.98661810159683239,0.98774772882461559,0.98814183473587036
8377_01,2,0.0596667826175689,0.050156287848949398,0.064459502696990897,0.029075710102915701
8378_01,4,0.0051257433369754999,0.0052253301255404004,0.0028403634205460002,0.0010766080813482
8379_01,2,0.11592664569616309,0.085082471370696994,0.1040311977267265,0.088456138968467699
8380_01,5,0.57869237661361694,0.56174170970916748,0.57676517963409424,0.5380859375
8381_01,5,0.065274618566036197,0.020890831947326601,0.021625397726893401,0.0154597396031022
8382_01,5,0.0089494436979293008,0.0046090860851109002,0.0035042036324739001,0.00061316468054420001
8383_01,5,0.4308210015296936,0.4635623693466186,0.4187615811824798,0.4873046875
8383_02,5,0.47592014074325562,0.46852734684944147,0.47058045864105219,0.46386727690696711
8383_03,5,0.41396588087081909,0.40208145976066589,0.41902616620063782,0.42912879586219788
8383_04,5,0.51724350452423096,0.50750696659088135,0.50531005859375,0.499267578125
8383_05,5,0.3551652729511261,0.32995724678039551,0.34604853391647339,0.3318677544593811
8383_06,5,0.35371860861778259,0.3709293007850647,0.30286452174186701,0.32992109656333918
8383_07,5,0.38319709897041321,0.36690503358840942,0.37750408053398132,0.39502522349357599
8384_01,1,0.060378488153219202,0.069372326135635307,0.0595342479646205,0.034661132842302302
8386_01,3,0.036289945244789103,0.019377328455448099,0.0252778902649879,0.0088591007515787992
8388_01,2,0.1058689355850219,0.1099174991250038,0.1055428311228752,0.21147158741950989
8390_01,2,0.71742391586303711,0.68656778335571289,0.70706140995025635,0.679931640625
8392_01,5,0.47686907649040222,0.44149529933929438,0.41548800468444819,0.41846594214439392
8393_01,1,0.12592059373855591,0.12627784907817841,0.1118293181061744,0.11618126928806299
8394_01,1,0.00017651103553360001,8.9290479081682861e-05,8.4106693975627422e-05,4.9469312216388062e-05
8395_01,2,0.025420051068067499,0.022863566875457701,0.027110859751701299,0.0265451166778802
8397_01,1,0.392132818698883,0.30484876036643982,0.3586637675762176,0.27587890625
8398_01,4,0.99892234802246083,0.99882912635803223,0.99893128871917725,0.99895095825195324
8398_02,4,0.99915021657943714,0.99896615743637085,0.99922090768814076,0.99896121025085438
8401_01,1,0.99947953224182118,0.99929434061050415,0.99935787916183483,0.99928939342498779
8403_01,2,0.99968248605728161,0.99968212842941284,0.99980330467224121,0.99952125549316395
8404_01,5,0.57399213314056396,0.57368683815002441,0.57894432544708252,0.558837890625
8404_02,5,0.69704318046569824,0.67895817756652832,0.69999468326568604,0.69091796875
8405_01,5,0.60207009315490723,0.55224490165710449,0.53086084127426147,0.537353515625
8406_01,4,0.091335460543632493,0.084897547960281303,0.085590735077857902,0.0309907626360654
8407_01,4,0.63201737403869629,0.6230618953704834,0.63067388534545898,0.64314264059066772
8409_01,4,0.51508963108062744,0.53639841079711914,0.50450074672698975,0.49072039127349848
8410_01,2,0.16315627098083491,0.1614112108945846,0.16564583778381339,0.151123046875
8411_01,2,0.94956159591674805,0.97348725795745839,0.94798815250396717,0.97845637798309315
8414_01,4,0.474516361951828,0.4857224822044372,0.49580711126327509,0.51910710334777832
8416_01,3,0.91583406925201416,0.94584405422210682,0.96826243400573719,0.97971642017364502
8418_01,5,0.99960070848464955,0.9985901117324828,0.99968791007995605,0.99881720542907715
8418_02,5,0.0291764587163925,0.031811982393264701,0.024339685216546,0.0067528290674090004
8419_01,5,0.55808919668197632,0.52206248044967651,0.57320159673690796,0.493896484375
8419_02,5,0.63741099834442139,0.64253544807434082,0.6353754997253418,0.655517578125
8420_01,1,0.085446566343307495,0.059885203838348298,0.1067337319254875,0.1718709170818328
8421_01,4,0.48652535676956171,0.45627224445343018,0.49267947673797607,0.4808285236358642
8423_01,4,0.12054525315761561,0.12152198702096929,0.1322346031665802,0.071694672107696505
8427_01,2,0.70359563827514648,0.67901766300201416,0.6923794150352478,0.659423828125
8429_01,5,0.73197168111801147,0.73499017953872681,0.7384040355682373,0.71280336380004883
8430_01,5,0.28183767199516291,0.28012076020240778,0.1981807053089141,0.18961566686630249
8431_01,5,0.99202561378479004,0.99263399839401245,0.99325650930404663,0.99168801307678223
8431_02,5,0.98998403549194336,0.99299490451812744,0.9961668848991394,0.99952757358551036
8432_01,3,0.4845736026763916,0.4686279296875,0.4981227815151214,0.46954736113548279
8433_01,1,0.2643381655216217,0.24979560077190399,0.24679930508136749,0.1966311037540435
8437_01,3,0.17628049850463859,0.23008517920970911,0.2405938506126403,0.2029280215501785
8438_01,4,0.50107944011688232,0.44932526350021362,0.49102824926376343,0.392333984375
8441_01,5,0.75599122047424316,0.74214881658554077,0.75375646352767944,0.721435546875
8442_01,4,0.051186203956603997,0.028393464162945699,0.038053728640079498,0.0262036174535751
8444_01,2,0.67097985744476318,0.68181836605072021,0.66591173410415649,0.6866910457611084
8447_01,1,0.088805459439754403,0.074074350297451005,0.094614662230014801,0.076687559485435403
8448_01,5,0.99351000785827637,0.99230480194091797,0.99443238973617565,0.99330997467041016
8449_01,4,0.0001133757905336,5.9973452152917162e-05,4.8024117859313264e-05,3.9993112295633182e-05
8449_02,4,0.99799984693527222,0.99736905097961437,0.99680435657501221,0.99921625852584839
8451_01,2,0.088975235819816506,0.069235600531101199,0.086407028138637501,0.067712590098381001
8451_02,2,0.98638439178466797,0.98901373147964478,0.98843562602996837,0.98793619871139515
8452_01,3,0.0010574791813269,0.0009612619760446,0.0005390883889049,0.0007471168646588
8452_02,3,0.97496497631072998,0.96673381328582764,0.97588700056076039,0.95430374145507801
8452_03,3,0.99730628728866577,0.99627119302749645,0.99710631370544445,0.99679386615753163
8452_04,3,0.056515034288167898,0.068660005927085793,0.071590602397918701,0.0451694056391716
8454_01,1,0.081385523080825806,0.058726593852043103,0.055917426943778901,0.049559190869331297
8456_01,5,0.99553990364074718,0.99561244249343883,0.99603515863418579,0.9954649806022644
8457_01,5,0.089140616357326494,0.079794332385063102,0.070303514599800096,0.0468341931700706
8458_01,3,0.0096927732229232007,0.0111269224435091,0.0096025401726365003,0.0056766769848762997
8458_02,3,0.99929004907608043,0.99912673234939575,0.999275803565979,0.99969470500946045
8458_03,3,0.99930071830749523,0.99910789728164684,0.99927997589111317,0.9997175931930542
8458_04,3,0.99869269132614136,0.99825537204742443,0.99848079681396484,0.99943923950195324
8458_05,3,0.98787963390350342,0.98563927412033081,0.99396860599517822,0.99092781543731678
8458_06,3,0.99951040744781483,0.99958205223083496,0.99967950582504284,0.99992173910141002
8459_01,3,0.65612703561782837,0.65525293350219727,0.66064518690109253,0.648681640625
8460_01,4,0.11631956696510309,0.14301210641860959,0.11843621730804441,0.1174879670143127
8462_01,1,0.49197268486022949,0.47538721561431879,0.48629474639892578,0.45636400580406189
8463_01,1,0.49144077301025391,0.4326463639736175,0.47914218902587891,0.421142578125
8465_01,1,0.10572028160095211,0.1038681417703628,0.093431830406188895,0.099855214357376099
8465_02,1,0.98628783226013184,0.9818098545074464,0.98491764068603516,0.98485177755355835
8466_01,1,0.096360519528388894,0.095481842756271307,0.074459761381149195,0.069769836962222997
8467_01,5,0.7325437068939209,0.74517345428466797,0.74259716272354126,0.77295225858688354
8468_01,3,0.14185148477554321,0.13224335014820099,0.1057512089610099,0.062784910202026298
8469_01,2,0.76854252815246582,0.72177982330322266,0.76418232917785645,0.69034707546234131
8470_01,1,0.00033782524405970001,0.00012663929373949999,9.7233241831418113e-05,8.0756086390465498e-05
8471_01,4,0.1151871234178543,0.1060235053300857,0.097540959715843201,0.1426674872636795
8472_01,5,0.4901280403137207,0.49322587251663208,0.49471980333328242,0.51025390625
8474_01,1,0.1514079868793487,0.12303128838539119,0.14037123322486869,0.28487387299537659
8475_01,5,0.92534893751144398,0.83426928520202637,0.87593567371368408,0.98512566089630116
8475_02,5,0.0012121615000069,0.00053188105812290005,0.00036670584813690001,0.00014990089402990001
8476_01,2,0.15746407210826871,0.17123784124851221,0.17156989872455591,0.18442857265472409
8477_01,4,0.027034662663936601,0.028335237875580701,0.025975534692406599,0.0076839267276226997
8479_01,2,0.094205111265182495,0.074785858392715399,0.096224188804626395,0.042093120515346499
8480_01,3,0.010941932909190599,0.0081747695803641995,0.0084646791219710991,0.0051903943531215
8480_02,3,0.38682246208190918,0.3393247127532959,0.35241955518722529,0.2881757915019989
8481_01,1,0.99834764003753662,0.99712061882019043,0.99760740995407104,0.99713659286499023
8482_01,5,0.70970475673675537,0.70495146512985229,0.71143132448196411,0.69881641864776611
8483_01,2,0.99563372135162365,0.99541831016540516,0.99510902166366577,0.99625432491302479
8486_01,4,0.61213505268096924,0.56305944919586182,0.59427362680435181,0.52374267578125
8487_01,5,0.00034267842420370001,0.00030859114485790002,0.00015088258078320001,5.7366138207726181e-05
8489_01,4,0.62387967109680176,0.589111328125,0.61037027835845947,0.59162777662277222
8491_01,3,0.97722536325454723,0.97237491607666016,0.97625881433486938,0.9842851758003236
8492_01,3,0.090737365186214405,0.17308391630649561,0.18142902851104731,0.35671678185462952
8493_01,5,0.58917236328125,0.56457352638244629,0.59627199172973633,0.55949985980987549
8494_01,1,0.1628299206495285,0.1679142564535141,0.15774163603782651,0.12728035449981689
8495_01,4,0.56196480989456177,0.68280011415481567,0.55308830738067627,0.658203125
8500_01,1,0.65211725234985352,0.56981325149536133,0.64037680625915527,0.586669921875
8502_01,1,0.077542245388031006,0.065154694020748097,0.042026199400424902,0.0309765320271253
8503_01,1,0.0027436912059782999,0.00086728553287679995,0.0015844283625482999,0.00065421720501029998
8503_02,1,0.0026193442754447,0.00064187950920309997,0.0020039447117596002,0.0003488454967737
8503_03,1,0.99391788244247437,0.99318981170654297,0.99242973327636719,0.99536252021789562
8504_01,2,0.74996840953826904,0.74331986904144287,0.73580127954483032,0.82406944036483765
8504_02,2,0.68662357330322266,0.66434705257415771,0.68723487854003906,0.65242445468902588
8506_01,3,0.1244795471429824,0.097374439239501898,0.11641620844602581,0.099340982735156999
8508_01,2,0.97600960731506359,0.98488879203796398,0.97865307331085205,0.98146796226501465
8508_02,2,0.99549651145935059,0.99445730447769165,0.99582433700561523,0.99462532997131359
8508_03,2,0.99415278434753418,0.99254107475280762,0.99463123083114624,0.99345552921295155
8509_01,3,0.65767115354537964,0.65248501300811768,0.65455567836761475,0.63045001029968262
8511_01,5,0.1068450808525085,0.092452771961688995,0.062343247234821299,0.093908935785293496
8512_01,1,0.49151372909545898,0.49009621143341059,0.52270597219467163,0.49078673124313349
8514_01,1,0.0233799014240503,0.0224197693169116,0.024341631680727002,0.023649189621210098
8516_01,2,0.10901542007923121,0.1230082958936691,0.1111522167921066,0.18413303792476651
8521_01,1,0.44686406850814819,0.48920619487762451,0.48527348041534418,0.57900923490524292
8522_01,3,0.096795767545700004,0.049336202442645999,0.058747511357069002,0.020258912816643701
8523_01,1,0.0156342610716819,0.0079864673316478001,0.0076048397459089001,0.0041320226155221003
8524_01,5,0.99956846237182617,0.99836128950119019,0.99959361553192139,0.99847036600112915
8528_01,1,0.051865462213754598,0.038660380989313098,0.030997140333056401,0.037396293133497203
8530_01,1,0.019140329211950299,0.026150666177272699,0.015669971704483001,0.021315958350896801
8535_01,4,0.21332889795303339,0.2364986836910247,0.2102385014295578,0.1351497620344162
8536_01,5,0.0013721729628741,0.00083864945918320005,0.00073602289194239995,0.00024880334967740001
8537_01,1,0.98031270503997803,0.9837946891784668,0.98516100645065319,0.98677855730056763
8537_02,1,0.0053903190419076997,0.0029562946874647999,0.0017204715404659,0.00094817782519380004
8537_03,1,0.98549056053161621,0.98696929216384877,0.98739367723464955,0.98985832929611195
8539_01,1,0.11821847409009929,0.079809986054897294,0.090089976787567097,0.062228187918662997
8540_01,1,0.1072086989879608,0.087409578263759599,0.078124620020389501,0.066111989319324493
8541_01,2,0.25755727291107178,0.23278270661830899,0.25758194923400879,0.16454747319221491
8541_02,2,0.077857695519924094,0.10289529711008071,0.0760792195796966,0.32389152050018311
8542_01,4,0.35935378074645991,0.3484082818031311,0.37811517715454102,0.35041972994804382
8544_01,2,0.1144398748874664,0.1246567592024803,0.12028069794177999,0.079790852963924394
8545_01,4,0.1113276481628418,0.11570107936859129,0.102945826947689,0.081615224480628898
8548_01,3,0.16907976567745209,0.1165943816304206,0.13066369295120239,0.1084261536598205
8549_01,4,0.99517452716827404,0.99489378929138184,0.99581927061080922,0.99729853868484497
8551_01,5,0.048529066145419998,0.054612234234809799,0.038429737091064398,0.027373066172003701
8552_01,2,0.14820592105388641,0.16369582712650299,0.13575190305709839,0.165719449520111
8552_02,2,0.0093144159764051004,0.0062042190693318003,0.0100939664989709,0.0048902425915001999
8554_01,4,0.8733680248260498,0.99402606487274159,0.97859609127044678,0.98962277173995961
8556_01,1,0.0023951146285979999,0.0013115922920405,0.0011295333970338,0.00057003513211380003
8556_02,1,0.75068491697311401,0.68366670608520508,0.75872540473937988,0.81122672557830811
8557_01,5,0.99845850467681885,0.99628043174743641,0.99850487709045399,0.99538421630859375
8557_02,5,0.99969947338104237,0.99878686666488636,0.99970859289169323,0.9988241195678712
8559_01,1,0.067288391292095101,0.056628596037626197,0.044479142874479197,0.046636890619993203
8559_02,1,0.990586757659912,0.98838973045349121,0.98981678485870361,0.99405169486999523
8559_03,1,0.98980247974395763,0.98651313781738281,0.98825424909591675,0.98955667018890381
8560_01,5,0.67462444305419922,0.69814544916152954,0.66062575578689575,0.72185587882995605
8561_01,2,0.70607483386993408,0.66371619701385498,0.71491497755050659,0.63712584972381592
8566_01,3,0.065781928598880698,0.043736979365348802,0.043064314872026402,0.026153311133384701
8569_01,4,0.95455265045166016,0.97443717718124401,0.95775365829467762,0.9927607774734496
8570_01,4,0.67486459016799927,0.63523471355438232,0.64973956346511841,0.65258795022964478
8571_01,2,0.010829854756593701,0.0023898873478174001,0.0089984610676765008,0.0015000482089816999
8572_01,1,0.0003439128049649,0.0001104850016417,0.00015212967991820001,5.0601680413819849e-05
8573_01,4,0.1170455291867256,0.13383588194847101,0.1179411709308624,0.60214871168136597
8573_02,4,0.61511826515197754,0.57114946842193604,0.61317682266235352,0.54962766170501709
8574_01,2,0.97787344455719005,0.98396646976470958,0.9807484745979308,0.98322188854217518
8574_02,2,0.1431401371955871,0.12930537760257721,0.14142899215221399,0.12749379873275751
8574_03,2,0.99319511651992798,0.99242287874221802,0.99403089284896839,0.99287641048431396
8574_04,2,0.079324156045913696,0.059845298528671202,0.077780544757843004,0.056986708194017403
8574_05,2,0.99282193183898915,0.99338400363922119,0.9934375286102296,0.99264544248580922
8577_01,5,0.99488383531570435,0.99308049678802479,0.99620944261550903,0.98834538459777843
8580_01,2,0.096625968813896096,0.065576523542404105,0.1008699685335159,0.064195707440376198
8581_01,3,0.99791914224624645,0.99732261896133423,0.99789333343505859,0.99871492385864258
8581_02,3,0.9986426830291748,0.9982149600982666,0.99853247404098522,0.99924218654632557
8584_01,3,0.087916463613510104,0.059197280555963502,0.042377229779958697,0.055934637784957802
8585_01,3,0.36930236220359802,0.24842798709869379,0.3012011051177978,0.1810093820095062
8586_01,2,0.0583350099623203,0.046565126627683598,0.053219009190797799,0.035127270966768202
8587_01,5,0.14840550720691681,0.14523227512836451,0.1535435616970062,0.16943359375
8588_01,5,0.55151152610778809,0.52041518688201904,0.57946985960006714,0.53107154369354248
8589_01,1,0.099500328302383395,0.12908130884170529,0.11174795031547539,0.072077304124832098
8592_01,3,0.00099226750899099997,0.00078129296889520002,0.00056650344049549999,0.0001588794111739
8594_01,3,0.2274777889251709,0.1851520836353302,0.19106149673461911,0.1864766180515289
8595_01,3,0.32204240560531611,0.3106690645217895,0.33988457918167109,0.3179548978805542
8596_01,1,0.96496045589447021,0.964594066143036,0.9605312943458556,0.97662198543548584
8596_02,1,0.99489986896514881,0.99342954158782959,0.99256891012191761,0.99485599994659424
8597_01,4,0.61659598350524902,0.59484857320785522,0.60895347595214844,0.61540281772613525
8598_01,5,0.52281630039215088,0.48744088411331171,0.52461469173431396,0.46234023571014399
8598_02,5,0.59254664182662964,0.59568458795547485,0.59804952144622803,0.60920685529708862
8598_03,5,0.14480645954608909,0.14542713761329651,0.20578849315643311,0.13124170899391169
8599_01,4,0.14339263737201691,0.1488014757633209,0.13717672228813171,0.092152208089828394
8602_01,5,0.56257867813110352,0.5648534893989563,0.59519839286804199,0.56438577175140381
8602_02,5,0.0289627760648727,0.0128862373530864,0.0096913306042551994,0.0023434590548275999
8602_03,5,0.65688043832778931,0.66314655542373657,0.64442896842956543,0.68953996896743774
8603_01,1,0.70090889930725098,0.74265998601913452,0.69691932201385498,0.72705078125
8604_01,2,0.020580403506755801,0.018318653106689401,0.024145917966961802,0.0116920145228505
8604_02,2,0.98343646526336681,0.98836123943328857,0.985487461090088,0.98807859420776356
8605_01,4,0.20631343126296989,0.23606409132480621,0.15322785079479209,0.1812054216861724
8605_02,4,0.98021221160888683,0.97556805610656738,0.9758394956588744,0.97508257627487183
8605_03,4,0.99965226650238037,0.99963098764419556,0.99968969821929921,0.99969011545181286
8605_04,4,0.036509312689304303,0.027780514210462501,0.022821415215730601,0.0065748016349971
8605_05,4,0.99979704618453979,0.99974274635314941,0.99981480836868275,0.99981093406677235
8606_01,2,0.60615867376327515,0.58541405200958252,0.60961300134658813,0.5712890625
8606_02,2,0.097270116209983798,0.0906075909733772,0.099377959966659504,0.085630819201469394
8606_03,2,0.18602634966373441,0.059387724846601403,0.1155941933393478,0.020448649302124901
8607_01,3,0.62785553932189941,0.72379583120346069,0.60741704702377319,0.79062747955322266
8609_01,5,0.046072844415903001,0.027302585542201899,0.019537972286343502,0.0149037363007664
8610_01,3,0.72942125797271729,0.70689332485198975,0.71347951889038086,0.68733894824981689
8611_01,5,0.51063728332519531,0.53204560279846191,0.46868613362312311,0.523681640625
8612_01,2,0.58727437257766724,0.52459567785263062,0.54043281078338623,0.509521484375
8613_01,3,0.49017214775085449,0.48148065805435181,0.4972846508026123,0.478515625
8614_01,4,0.86699551343917847,0.83297044038772583,0.88147348165512085,0.84278643131256104
8615_01,1,0.60573083162307739,0.64033889770507812,0.74184602499008179,0.55852341651916504
8615_02,1,0.79101616144180298,0.7631220817565918,0.77389281988143921,0.76030111312866211
8616_01,2,0.0737815052270889,0.088251210749149295,0.077398195862769997,0.1098082661628723
8616_02,2,0.994270920753479,0.99517154693603516,0.9944617748260498,0.99453651905059803
8617_01,4,0.64560598134994507,0.6627197265625,0.65398859977722168,0.66275942325592041
8618_01,1,0.29141080379486078,0.2088389247655868,0.26981049776077271,0.1965608596801757
8618_02,1,0.99879455566406239,0.99855786561965942,0.99840694665908802,0.99828457832336437
8619_01,4,0.0046252128668129002,0.0030915152747183999,0.0017360224155709,0.00064505863701919998
8620_01,3,0.062819294631481101,0.095458745956420898,0.098779261112213093,0.17293411493301389
8623_01,1,0.21334061026573181,0.20940092206001279,0.23461928963661191,0.14930066466331479
8624_01,2,0.1041321456432342,0.085419058799743597,0.091978587210178306,0.089354619383811895
8624_02,2,0.58302152156829834,0.56342971324920654,0.59340745210647583,0.507080078125
8626_01,4,0.1053256392478942,0.1154035627841949,0.1430606395006179,0.097960911691188798
8628_01,2,0.13018243014812469,0.1065871492028236,0.1205644086003303,0.11233069002628319
8629_01,4,0.5985863208770752,0.55875033140182495,0.57366818189620972,0.53198385238647461
8631_01,2,0.3657817542552948,0.35440978407859802,0.3710752129554748,0.34871047735214228
8633_01,1,0.075412034988403306,0.063829332590103094,0.050592865794897003,0.030397783964872301
8634_01,1,0.043536018580198198,0.028144776821136398,0.022950952872633899,0.023555789142846999
8635_01,2,0.057851158082485199,0.041971914470195701,0.053770117461681297,0.022816669195890399
8636_01,4,0.98740315437316895,0.98701506853103638,0.9860546588897704,0.98920857906341564
8637_01,2,0.83481168746948242,0.80563509464263916,0.86382460594177246,0.8721657395362854
8637_02,2,0.89822816848754883,0.93688738346099842,0.86553335189819336,0.96437865495681763
8637_03,2,0.26790991425514221,0.22670203447341919,0.2503425776958465,0.1855360865592956
8638_01,5,0.49647542834281921,0.49655106663703918,0.50119030475616455,0.485595703125
8638_02,5,0.47932624816894531,0.45381280779838562,0.50524771213531494,0.49200516939163208
8638_03,5,0.67724579572677612,0.67189359664916992,0.70332980155944824,0.6949843168258667
8639_01,1,0.5351715087890625,0.68990713357925415,0.59119200706481934,0.73515719175338745
8639_02,1,0.027020322158932599,0.0149586396291852,0.021722780540585501,0.1143787801265716
8640_01,1,0.25765562057495112,0.23260957002639771,0.234829381108284,0.19736944139003751
8641_01,3,0.99307984113693237,0.99159830808639515,0.99449628591537476,0.99552243947982799
8641_02,3,0.072216376662254306,0.071229875087737995,0.079894527792930603,0.037901073694229098
8641_03,3,0.99319350719451904,0.99292206764221203,0.99478530883789062,0.99431842565536499
8642_01,5,0.1306564509868621,0.12246401607990259,0.10016279667615891,0.1194938719272613
8643_01,2,0.0229320377111434,0.0112020429223775,0.0229844655841588,0.019714755937457001
8644_01,2,0.1168221235275268,0.1052596196532249,0.1087717413902282,0.11388310790061951
8644_02,2,0.043870218098163598,0.021924408152699401,0.041004627943038899,0.018577003851532901
8645_01,1,0.65087980031967163,0.52773958444595337,0.66335266828536987,0.57260119915008545
8646_01,1,0.99917405843734741,0.99865305423736561,0.99872857332229603,0.9987853765487672
8646_02,1,0.18064263463020319,0.23896241188049311,0.1469926238059997,0.1937212646007537
8646_03,1,0.99948203563690197,0.99909543991088878,0.99922913312911998,0.9990699291229248
8646_04,1,0.00042028416646640001,0.00028498368919820002,0.00018852259381669999,0.00012660649372259999
8650_01,4,0.64573311805725098,0.62434828281402588,0.64825159311294556,0.681640625
8653_01,5,0.5825197696685791,0.56030231714248657,0.58712202310562134,0.553955078125
8654_01,4,0.1249862015247345,0.1194045171141624,0.14014340937137601,0.043944455683231298
8656_01,5,0.0016920913476496,0.00075725145870809995,0.0010949351126328,0.0001491315779276
8656_02,5,0.023910202085971801,0.0115367006510496,0.010161699727177601,0.0040440117008984002
8656_03,5,0.97236061096191395,0.98487329483032238,0.97827410697937001,0.98978811502456676
8657_01,3,0.45491194725036621,0.41300579905509949,0.46390253305435181,0.59285664558410645
8658_01,2,0.44221955537796021,0.45268148183822632,0.44826793670654291,0.46893289685249329
8658_02,2,0.175426110625267,0.18654058873653409,0.19273616373538971,0.21791943907737729
8659_01,5,0.37257763743400568,0.29353505373001099,0.27998659014701838,0.24722456932067871
8661_01,2,0.0259062983095645,0.011639428324997401,0.028897374868392899,0.0150013798847794
8663_01,1,0.98795366287231445,0.99045628309249878,0.98659437894821156,0.99559903144836437
8663_02,1,0.71325957775115967,0.69600754976272583,0.70759367942810059,0.74609375
8664_01,4,0.091269582509994507,0.1478725373744964,0.1067507266998291,0.21708805859088889
8667_01,1,0.12500070035457611,0.1223561614751815,0.13862179219722739,0.1070411279797554
8668_01,3,0.99292558431625355,0.99504238367080677,0.99476319551467896,0.99782979488372803
8668_02,3,0.1059053391218185,0.16396775841712949,0.1342973113059997,0.41803985834121699
8668_03,3,0.14364054799079889,0.090705193579196902,0.14968442916870109,0.099148437380790697
8669_01,3,0.102307416498661,0.1214757561683654,0.14022760093212119,0.2354383170604705
8669_02,3,0.49241730570793152,0.53316104412078857,0.50448524951934814,0.504150390625
8669_03,3,0.17754220962524411,0.1874143034219741,0.18873275816440579,0.104735679924488
8670_01,5,0.67224180698394775,0.64668446779251099,0.67441773414611816,0.62417584657669067
8671_01,1,0.12325812876224509,0.1238535866141319,0.13728806376457209,0.1664109528064727
8672_01,2,0.10829067230224609,0.1221586242318153,0.1238008439540863,0.14643304049968719
8673_01,1,0.98893260955810558,0.98705536127090443,0.98540180921554565,0.99127739667892456
8674_01,5,0.0115129183977842,0.0036841449327766002,0.0102978833019733,0.0016559823416173001
8675_01,2,0.9589306116104126,0.96945476531982422,0.96234732866287243,0.97492790222167958
8680_01,2,0.61377155780792236,0.57681763172149658,0.57776224613189697,0.64313805103302002
8681_01,4,0.6108400821685791,0.59780031442642212,0.61083686351776123,0.5068359375
8681_02,4,0.98943775892257679,0.98788464069366455,0.99053758382797241,0.9887617826461792
8681_03,4,0.9926331639289856,0.99200952053070079,0.99345242977142323,0.99331331253051758
8683_01,2,0.12464121729135511,0.1052164882421493,0.11802235245704649,0.1103515550494194
8684_01,2,0.10971282422542571,0.080416284501552499,0.099073544144630404,0.083683349192142403
8685_01,5,0.72469937801361084,0.72481310367584229,0.71907860040664673,0.7099609375
8687_01,4,0.42719188332557678,0.39367496967315668,0.43028032779693598,0.30886527895927429
8688_01,4,0.1059503257274627,0.1043570339679718,0.1007832363247871,0.082070797681808402
8691_01,1,0.67543601989746094,0.66955661773681641,0.66160166263580322,0.65413534641265869
8693_01,5,0.5872873067855835,0.57523101568222046,0.5982973575592041,0.56779855489730835
8694_01,2,0.66094905138015747,0.66697317361831665,0.66182678937911987,0.63769632577896118
8694_02,2,0.37560918927192688,0.38636979460716248,0.37922987341880798,0.3680824339389801
8694_03,2,0.50335711240768433,0.49766463041305542,0.5120089054107666,0.46307200193405151
8695_01,3,0.3393746018409729,0.36342611908912659,0.3732501864433288,0.4934853315353393
8696_01,5,0.99874627590179443,0.99673640727996837,0.99882763624191284,0.99733698368072521
8700_01,4,0.095262862741947105,0.1215540319681167,0.099432587623596094,0.1045193821191787
8701_01,4,0.041062775999307598,0.041567806154489503,0.032919570803642197,0.056189164519309998
8703_01,4,0.081310689449310303,0.088576838374137795,0.084592953324317904,0.052791766822338097
8704_01,2,0.98473548889160156,0.98693078756332397,0.98682987689971924,0.9877026081085204
8704_02,2,0.097637437283992698,0.10430435836315149,0.096287302672863007,0.076735302805900504
8708_01,2,0.1136134564876556,0.12919968366622919,0.12693557143211359,0.1312368363142013
8709_01,5,0.1771385967731475,0.18330162763595581,0.2057414501905441,0.2579729557037353
8710_01,1,0.30395552515983582,0.27056348323822021,0.30289849638938898,0.25225886702537531
8712_01,2,0.9901806116104126,0.99262189865112305,0.99066680669784557,0.99114471673965443
8714_01,3,0.092291727662086404,0.067087687551975195,0.1044212132692337,0.086104840040206895
8716_01,1,0.17517231404781339,0.1588671803474426,0.16197726130485529,0.1614279150962829
8717_01,2,0.13288861513137809,0.14586204290390009,0.1266017258167266,0.14819702506065369
8719_01,3,0.57450169324874878,0.55144202709197998,0.53430402278900146,0.510986328125
8719_02,3,0.65855556726455688,0.61151033639907837,0.59867358207702637,0.4975579679012298
8719_03,3,0.90232735872268677,0.86259472370147705,0.90943288803100597,0.85465991497039795
8720_01,3,0.67586320638656616,0.72367763519287109,0.71873146295547485,0.80083250999450684
8721_01,2,0.9992992877960204,0.9993264079093932,0.99937045574188244,0.99910998344421398
8722_01,5,0.32958748936653132,0.35359692573547358,0.35518509149551392,0.3359375
8722_02,5,0.018689922988414698,0.022691814228892299,0.0131520377472043,0.0081793693825601994
8723_01,4,0.0621161833405494,0.062455877661705003,0.053497377783059998,0.042579241096973398
8727_01,2,0.12361729145050041,0.093138553202152197,0.108662411570549,0.099037773907184601
8728_01,4,0.1094031929969787,0.15580964088439939,0.12712554633617401,0.14067907631397239
8728_02,4,0.082209259271621704,0.085875287652015603,0.073005616664886405,0.0298368167132139
8728_03,4,0.1262015700340271,0.13248801231384269,0.123032659292221,0.14755946397781369
8728_04,4,0.14839005470275879,0.14777848124504089,0.1368425190448761,0.17275507748126981
8728_05,4,0.68786746263504028,0.64306509494781494,0.6789136528968811,0.61921417713165283
8728_06,4,0.63067662715911865,0.58056354522705078,0.62371307611465454,0.56769514083862305
8728_07,4,0.12609368562698359,0.13169310986995689,0.1229928657412529,0.10112707316875449
8728_08,4,0.47082138061523438,0.51098722219467163,0.48779371380805969,0.514892578125
8729_01,5,0.35557040572166437,0.43100303411483759,0.39064881205558771,0.63872390985488892
8729_02,5,0.0021143697667866,0.0011225703638046,0.0010539394570514,0.00085181853501120001
8732_01,5,0.17057785391807551,0.1485258340835571,0.17099431157112119,0.2261740416288375
8733_01,5,0.085465520620346,0.083656162023544298,0.058533854782581302,0.051870249211788101
8734_01,3,0.49180501699447632,0.49633976817131042,0.53106826543807983,0.52259373664855957
8735_01,4,0.1179599612951278,0.1246888116002082,0.12560293078422541,0.054097674787044497
8736_01,2,0.98264825344085682,0.98783648014068604,0.98518151044845581,0.98717671632766724
8736_02,2,0.076336346566677094,0.067957505583763095,0.076171293854713398,0.079749524593353202
8741_01,2,0.92726778984069824,0.92012035846710205,0.93445456027984619,0.90448737144470204
8741_02,2,0.68087244033813477,0.68788796663284302,0.68107080459594727,0.75214642286300659
8741_03,2,0.19763132929801941,0.2126854807138443,0.19943912327289581,0.18256792426109311
8743_01,3,0.15985019505023951,0.13148504495620719,0.1287756413221359,0.092229738831519997
8744_01,4,0.066844105720520006,0.054035358130931799,0.055978454649448298,0.0272033810615539
8749_01,2,0.055488906800746897,0.033880036324262598,0.054971635341644197,0.016815796494483899
8750_01,2,0.55139833688735962,0.57496964931488037,0.53532421588897705,0.554931640625
8751_01,5,0.1072734519839286,0.093681618571281405,0.073078155517578097,0.068390697240829398
8752_01,5,0.053614757955074303,0.032888993620872498,0.034880585968494401,0.014898548834025801
8753_01,1,0.099663317203521701,0.1040099337697029,0.083270654082298196,0.076704338192939703
8753_02,1,0.1434627473354339,0.1418071985244751,0.1050160899758338,0.094485595822334206
8753_03,1,0.1145236417651176,0.1220774501562118,0.1241906434297561,0.11330933123826981
8754_01,5,0.39275839924812311,0.39908599853515619,0.34584236145019531,0.43359372019767761
8755_01,1,0.99786126613616943,0.99842149019241322,0.99791681766509999,0.99914371967315685
8757_01,1,0.72295677661895752,0.70421350002288818,0.74284619092941284,0.70629888772964478
8759_01,5,0.091517366468906403,0.1211801394820213,0.1234513521194458,0.1615331619977951
8759_02,5,0.039269573986530297,0.042000636458396898,0.032302100211381898,0.021012322977185201
8760_01,2,0.1448352634906768,0.18879222869873041,0.15682640671730039,0.19868239760398859
8762_01,1,0.27703350782394409,0.2185927331447601,0.2493124902248382,0.1863852441310882
8764_01,2,0.99483942985534679,0.99467968940734863,0.99553507566452037,0.99444895982742321
8766_01,3,0.98738360404968262,0.9837946891784668,0.98907828330993641,0.98505115509033203
8769_01,5,0.81365793943405151,0.87647569179534912,0.87174618244171143,0.96807730197906483
8770_01,3,0.55590677261352539,0.58064854145050049,0.55751407146453857,0.52361571788787842
8770_02,3,0.71102559566497803,0.71267712116241455,0.68414998054504395,0.62785458564758301
8770_03,3,0.13318362832069389,0.13273756206035611,0.1472499072551727,0.16436140239238739
8770_04,3,0.068726271390914903,0.076329082250594996,0.073112308979034396,0.069551199674606295
8770_05,3,0.51321369409561157,0.5738370418548584,0.55264580249786377,0.63517141342163086
8770_06,3,0.61886870861053467,0.6261821985244751,0.60634446144104004,0.600830078125
8770_07,3,0.54548764228820801,0.46004742383956909,0.49206733703613281,0.34854772686958307
8771_01,4,0.40556752681732178,0.4305855929851532,0.43676036596298218,0.37979009747505188
8772_01,5,0.99942129850387562,0.99827206134796143,0.999550461769104,0.99862688779830922
8772_02,5,0.035142492502927697,0.0152474017813801,0.027654666453599899,0.0099657913669942994
8773_01,5,0.31813669204711909,0.31385985016822809,0.3246453702449798,0.31526720523834229
8774_01,1,0.60443115234375,0.58510410785675049,0.59218066930770874,0.5498732328414917
8776_01,4,0.41168695688247681,0.94673782587051403,0.63589519262313843,0.9853816032409668
8779_01,3,0.087571591138839694,0.14593681693077079,0.14727498590946189,0.14607913792133331
8780_01,5,0.074739582836627905,0.0782614350318908,0.090158432722091605,0.060274593532085398
8781_01,5,0.0755124986171722,0.073147393763065297,0.0544406957924366,0.061208151280879898
8782_01,4,0.99208003282546997,0.99300026893615723,0.9930230975151062,0.99655181169509877
8783_01,1,0.1409734040498733,0.15125511586666099,0.1259592920541763,0.152972787618637
8783_02,1,0.94291436672210682,0.97335839271545399,0.9283430576324464,0.98661690950393677
8785_01,1,0.15629468858242029,0.1327917128801345,0.13973909616470331,0.10685133934020991
8785_02,1,0.45842239260673517,0.4450528621673584,0.45782637596130371,0.47943016886711121
8786_01,2,0.99361395835876465,0.99164706468582164,0.99230897426605225,0.99146294593811035
8787_01,3,0.041482321918010698,0.038049824535846703,0.0282569974660873,0.024415759369730901
8789_01,3,0.63598662614822388,0.57777655124664307,0.6238781213760376,0.59365081787109375
8789_02,3,0.19282576441764829,0.2062195539474487,0.1312147378921508,0.1299676299095153
8790_01,5,0.9630659818649292,0.96999406814575195,0.97860473394393921,0.99291598796844482
8791_01,3,0.52162349224090576,0.47809839248657221,0.51061034202575684,0.50934243202209473
8794_01,3,0.92113423347473145,0.9584273099899292,0.97720211744308483,0.98289871215820324
8796_01,2,0.35935544967651362,0.36690443754196161,0.36084210872650141,0.343505859375
8796_02,2,0.1228490769863128,0.1185918450355529,0.1191347166895866,0.1445039212703704
8796_03,2,0.61376994848251343,0.59396648406982422,0.60731774568557739,0.58918505907058716
8796_04,2,0.52319729328155518,0.52047872543334961,0.52864211797714233,0.48785445094108582
8796_05,2,0.114000603556633,0.11244553327560421,0.1045941263437271,0.103734403848648
8796_06,2,0.6231047511100769,0.64369881153106689,0.61578679084777832,0.56884765625
8796_07,2,0.36057567596435541,0.43143987655639648,0.38058984279632568,0.46857303380966181
8796_08,2,0.7359347939491272,0.71954894065856934,0.72921526432037354,0.677490234375
8797_01,1,0.10301958024501801,0.096873939037322998,0.081513956189155495,0.074009552597999503
8798_01,2,0.091382041573524406,0.059448570013046202,0.083449497818946797,0.0572713613510131
8799_01,4,0.43913060426712031,0.39930936694145203,0.46799066662788391,0.36669921875
8801_01,2,0.36893928050994867,0.38763320446014399,0.36179926991462708,0.41103246808052057
8802_01,1,0.99598592519760121,0.99668103456497203,0.99511349201202404,0.99829292297363281
8805_01,3,0.1242287158966064,0.0898298099637031,0.0742206871509552,0.064034536480903598
8806_01,2,0.65089875459671021,0.60383707284927368,0.67779541015625,0.56640625
8807_01,3,0.0567188970744609,0.050451524555683101,0.037932612001895898,0.024636179208755399
8808_01,4,0.69182026386260986,0.74417620897293091,0.75473439693450928,0.81289303302764893
8809_01,5,0.0132090281695127,0.0071145482361315996,0.0090061342343687994,0.0088694170117377992
8811_01,1,0.1159293055534362,0.1088835597038269,0.2258817851543426,0.20320747792720789
8812_01,5,0.36169379949569702,0.38029342889785761,0.39657112956047058,0.3848595917224884
8813_01,5,0.073897153139114297,0.068659611046314198,0.039730232208967202,0.069640815258026095
8815_01,1,0.1130364313721656,0.117992989718914,0.14738944172859189,0.26359257102012629
8816_01,4,0.99725329875946045,0.99791574478149403,0.99697935581207275,0.99560105800628662
8816_02,4,0.993896484375,0.99701112508773804,0.99593067169189442,0.99296116828918457
8816_03,4,0.99963647127151478,0.99965667724609375,0.99968349933624279,0.99968177080154419
8816_04,4,0.99966031312942505,0.99962174892425537,0.9996131658554076,0.99968212842941284
8816_05,4,0.0038057311903685002,0.0038759624585509001,0.0015433906810358,0.00040252052713179998
8817_01,1,0.078198567032813998,0.0641765296459198,0.059865616261959,0.046546950936317402
8818_01,3,0.60662245750427246,0.6020275354385376,0.61100459098815918,0.59138292074203491
8819_01,1,0.058893918991088798,0.055736068636178901,0.036400474607944398,0.049379885196685701
8820_01,5,0.60057032108306885,0.55968493223190308,0.59706592559814453,0.62638688087463379
8821_01,5,0.86913323402404785,0.93564432859420776,0.9533436894416808,0.96471798419952404
8822_01,3,0.34615400433540339,0.39640238881111139,0.32350757718086243,0.40380859375
8823_01,4,0.99566912651062001,0.9961870312690736,0.99631887674331676,0.99836438894271839
8824_01,1,0.14756099879741669,0.13564106822013849,0.1176456436514854,0.0969526916742324
8825_01,4,0.74679887294769287,0.70989513397216797,0.73392456769943237,0.65169405937194824
8826_01,1,0.0102715669199824,0.0024646995589136999,0.0035317442379891001,0.0012326290598139
8826_02,1,0.0005428208969533,0.0002014547644648,0.0002273234713356,0.00012189971312179999
8826_03,1,0.0494467355310916,0.034427158534526797,0.057868327945470803,0.032744884490966797
8827_01,2,0.3701403141021728,0.44292476773262018,0.3742633163928985,0.65610671043395996
8828_01,2,0.1373799592256546,0.12772968411445609,0.121291384100914,0.13479854166507721
8830_01,5,0.18209242820739741,0.14974698424339289,0.18177191913127899,0.1406693309545517
8830_02,5,0.99627280235290516,0.99559628963470459,0.99723410606384277,0.99218344688415516
8831_01,5,0.99631536006927479,0.99483013153076161,0.99676179885864258,0.9916025996208192
8833_01,4,0.81196480989456177,0.76319348812103271,0.79298067092895508,0.78886908292770386
8834_01,1,0.12676993012428281,0.1424010694026947,0.13906648755073539,0.11135537177324289
8835_01,2,0.60770022869110107,0.57618069648742676,0.60837870836257935,0.55266463756561279
8836_01,5,0.1297594010829925,0.13816364109516141,0.12309965491294859,0.1248861029744148
8836_02,5,0.53976702690124512,0.5475621223449707,0.54260873794555664,0.58642578125
8838_01,3,0.57145726680755615,0.55807840824127197,0.53651422262191772,0.556640625
8840_01,2,0.077754691243171595,0.052542597055435097,0.070372961461543995,0.026788100600242601
8841_01,1,0.98860400915145885,0.98596543073654164,0.98707288503646839,0.98969298601150524
8842_01,2,0.95896708965301525,0.98168540000915516,0.95697802305221558,0.97849327325820923
8843_01,5,0.3519578874111175,0.33597776293754578,0.36415636539459229,0.39672854542732239
8844_01,2,0.91038727760314941,0.97237455844879161,0.94417399168014515,0.99929332733154297
8845_01,4,0.1230070888996124,0.12525136768817899,0.1220152601599693,0.070916526019573198
8845_02,4,0.38932099938392639,0.32220438122749329,0.34922188520431519,0.29032996296882629
8848_01,2,0.1290212869644165,0.10384746640920629,0.1173237189650535,0.081703230738639804
8849_01,1,0.67616838216781616,0.6567387580871582,0.65401202440261841,0.630859375
8850_01,1,0.039952255785465199,0.051363881677389103,0.029124416410923001,0.052578024566173498
8852_01,2,0.90254902839660645,0.87915694713592529,0.91518980264663696,0.88311219215393066
8852_02,2,0.62503844499588013,0.56722056865692139,0.62685155868530273,0.46697703003883362
8853_01,1,0.49196097254753107,0.380862146615982,0.45884153246879578,0.40103259682655329
8854_01,4,0.55455851554870605,0.58686983585357666,0.53600770235061646,0.530517578125
8856_01,5,0.58710741996765137,0.56748855113983154,0.59954261779785156,0.56647515296936035
8858_01,5,0.51265591382980347,0.44538253545761108,0.52766823768615723,0.38445919752120972
8860_01,2,0.97877854108810425,0.98606330156326283,0.98161107301712036,0.98574250936508179
8860_02,2,0.87857532501220703,0.82432669401168823,0.89262759685516357,0.87321579456329346
8860_03,2,0.98415446281433105,0.98940676450729359,0.98655074834823597,0.98897218704223644
8860_04,2,0.057565871626138597,0.047521959990262902,0.063225612044334398,0.032605238258838598
8861_01,4,0.5452505350112915,0.70200955867767334,0.58262097835540771,0.60597676038742065
8862_01,5,0.99967497587203979,0.99896115064620961,0.99972164630889881,0.99978345632553101
8862_02,5,0.026962721720337798,0.037565644830465303,0.015775000676512701,0.0040305503644049003
8862_03,5,0.99855548143386841,0.99758595228195202,0.998784840106964,0.9976828694343568
8862_04,5,0.99973285198211681,0.99918520450592041,0.99977552890777599,0.9992825984954834
8862_05,5,0.99932980537414562,0.99861323833465576,0.99943548440933239,0.99854171276092518
8863_01,3,0.79013943672180176,0.86110538244247437,0.79313772916793823,0.87532448768615723
8864_01,5,0.9961693286895752,0.99541151523590077,0.99705600738525402,0.99303352832794201
8865_01,5,0.16183069348335261,0.14621633291244501,0.13985306024551389,0.14121468365192411
8867_01,5,0.99130666255950917,0.99255639314651478,0.99292182922363281,0.99181485176086437
8867_02,5,0.99452394247055043,0.99407064914703358,0.99524915218353283,0.99393671751022339
8868_01,3,0.56029891967773438,0.55863893032073975,0.5032382607460022,0.50952380895614624
8869_01,4,0.58947813510894775,0.53922784328460693,0.56661641597747803,0.52721506357192993
8871_01,3,0.17762511968612671,0.175731286406517,0.15770092606544489,0.13465949892997739
8871_02,3,0.77423518896102905,0.72688281536102295,0.75021010637283325,0.70565313100814819
8872_01,5,0.98890209197998036,0.98889720439910878,0.99112391471862804,0.98650401830673218
8874_01,1,0.49404904246330261,0.47247177362442011,0.49507048726081848,0.5011594295501709
8876_01,4,0.96549981832504284,0.95255517959594715,0.96890187263488758,0.93803375959396362
8878_01,2,0.12163969874382009,0.085434287786483695,0.21609976887702939,0.035532563924789401
8880_01,5,0.98871147632598877,0.98862880468368519,0.99054300785064697,0.98603123426437378
8881_01,2,0.67848831415176392,0.64971435070037842,0.71395784616470337,0.64737516641616821
8883_01,5,0.43056932091712952,0.39361530542373657,0.4321469366550445,0.36612847447395319
8884_01,4,0.1208228319883346,0.1106702089309692,0.1160671859979629,0.15473732352256769
8885_01,1,0.1628534197807312,0.17083549499511719,0.162950649857521,0.1625469624996185
8886_01,3,0.61120808124542236,0.62862527370452881,0.59000813961029053,0.68806910514831543
8886_02,3,0.58329355716705322,0.62070834636688232,0.58213663101196289,0.57965767383575439
8886_03,3,0.64640253782272339,0.59909981489181519,0.63665544986724854,0.63224256038665771
8889_01,2,0.53831779956817627,0.45923304557800287,0.49587097764015198,0.45224913954734802
8890_01,2,0.00098037743009619992,0.0004411652334965,0.0009144304785877,0.00045849187881679998
8891_01,2,0.1026200726628303,0.1199834272265434,0.094435095787048298,0.1747117936611175
8891_02,2,0.70982235670089722,0.74876350164413452,0.72150731086730957,0.77300012111663818
8892_01,1,0.24516370892524719,0.20469838380813599,0.22007608413696289,0.1348225772380828
8894_01,2,0.98977094888687123,0.98995625972747803,0.99134367704391479,0.99164080619812001
8896_01,4,0.99747967720031738,0.99791234731674205,0.998046875,0.99927401542663563
8897_01,4,0.60058975219726562,0.60282838344573975,0.59020966291427612,0.56183493137359619
8899_01,3,0.49040180444717407,0.50499093532562256,0.4959418773651123,0.48626482486724848
8900_01,1,0.1323042958974838,0.1272889971733093,0.113127015531063,0.11537767946720121
8901_01,3,0.99668800830841064,0.99656623601913441,0.99644839763641357,0.998499035835266
8902_01,2,0.69197547435760498,0.72435575723648071,0.67008489370346069,0.74520862102508545
8903_01,1,0.059837426990270601,0.0441958755254745,0.0375884771347045,0.035789694637060103
8904_01,3,0.048351287841796799,0.033789597451686797,0.043061606585979399,0.016198799014091401
8905_01,5,0.097364060580730397,0.094000436365604401,0.087417639791965401,0.077279940247535706
8906_01,2,0.16362199187278739,0.1721547842025756,0.16315460205078119,0.1350089609622955
8907_01,2,0.6602587103843689,0.62015664577484131,0.6574702262878418,0.60383164882659912
8910_01,3,0.0306551493704319,0.035205230116844101,0.0138674890622496,0.0100195063278079
8918_01,5,0.081664830446243203,0.064919814467430101,0.040410488843917798,0.048317439854145001
8919_01,1,0.23407015204429621,0.27950668334960938,0.15790382027626029,0.1725727766752243
8920_01,5,0.2924782931804657,0.26960739493370051,0.2836153507232666,0.19516593217849729
8922_01,5,0.50404536724090576,0.49801665544509888,0.51945358514785767,0.50396859645843506
8923_01,4,0.2401369512081146,0.26222005486488342,0.24504667520523071,0.26800483465194702
8926_01,2,0.44584953784942621,0.32107833027839661,0.40928122401237488,0.23110243678092951
8928_01,3,0.99914824962615956,0.99892407655715942,0.99915170669555664,0.99967163801193237
8930_01,2,0.38397273421287531,0.39003857970237732,0.40379691123962402,0.4365234375
8932_01,1,0.1180010214447975,0.1053187549114227,0.1142459884285926,0.11154466867446899
8937_01,4,0.95247960090637196,0.94956785440444957,0.95202326774597157,0.95756250619888317
8938_01,1,0.89685738086700439,0.92736220359802235,0.91204100847244263,0.94654345512390137
8938_02,1,0.98674106597900402,0.98803019523620605,0.98800498247146595,0.99253761768341064
8939_01,2,0.66857945919036865,0.62111365795135498,0.66719502210617065,0.59489798545837402
8940_01,3,0.060130853205919203,0.076317720115184701,0.043741971254348699,0.20060168206691739
8941_01,2,0.076492577791213906,0.062203817069530397,0.0728772953152656,0.0276033170521259
8941_02,2,0.33433127403259277,0.3329072892665863,0.31638538837432861,0.32177734375
8941_03,2,0.064827576279640198,0.036111712455749498,0.061714671552181202,0.022616282105445799
8942_01,4,0.55424892902374268,0.68215930461883545,0.57104593515396118,0.6029435396194458
8944_01,1,0.72946357727050781,0.69010263681411743,0.70266073942184448,0.69417965412139893
8944_02,1,0.61285287141799927,0.57502895593643188,0.60035711526870728,0.54181528091430664
8944_03,1,0.10004404932260511,0.076647706329822499,0.083994612097740104,0.073329396545886993
8945_01,5,0.25236964225769037,0.3061548769474029,0.3339078426361084,0.2256346642971038
8945_02,5,0.039338517934083897,0.037513278424739803,0.0297991447150707,0.023488843813538499
8947_01,1,0.98868894577026356,0.98995101451873779,0.98938190937042236,0.9933571219444276
8948_01,1,0.0001197384481201,5.9041944041382521e-05,4.8545531171839677e-05,4.9916285206563771e-05
8948_02,1,0.95638096332550038,0.95261311531066895,0.94138669967651356,0.96776700019836437
8954_01,2,0.090675890445709201,0.067886434495448997,0.087436370551586096,0.076165549457073198
8955_01,1,0.77185064554214478,0.76497530937194824,0.75912773609161377,0.74466073513031006
8956_01,2,0.026324763894081098,0.015322789549827499,0.026797605678439099,0.0161475930362939
8956_02,2,0.52372980117797852,0.52624130249023438,0.52395683526992798,0.49480965733528132
8956_03,2,0.096476957201957703,0.085673578083515098,0.095457918941974598,0.072278030216693795
8956_04,2,0.070404022932052598,0.046915307641029302,0.065416261553764302,0.053366597741842201
8956_05,2,0.45209696888923639,0.46737802028656,0.46283248066902161,0.46881312131881708
8956_06,2,0.16279597580432889,0.16301105916500089,0.15495580434799189,0.17290621995925901
8956_07,2,0.45081621408462519,0.4508654773235321,0.44099649786949158,0.45703125
8956_08,2,0.1195600628852844,0.094818703830242101,0.1109284162521362,0.071565575897693606
8959_01,4,0.99217844009399403,0.98668396472930919,0.99001228809356678,0.98972845077514637
8961_01,3,0.53387194871902466,0.54675370454788208,0.54350167512893677,0.528076171875
8961_02,3,0.45074576139450068,0.45045647025108337,0.47305047512054438,0.4750350415706634
8961_03,3,0.47904801368713379,0.49979317188262939,0.4988865852355957,0.487548828125
8961_04,3,0.1066824644804,0.065224900841712896,0.067985877394676195,0.034986585378646802
8961_05,3,0.4857775866985321,0.51460009813308716,0.514251708984375,0.5126953125
8964_01,5,0.058238342404365498,0.060419198125600801,0.043407637625932603,0.063475281000137301
8964_02,5,0.99655210971832275,0.99557697772979736,0.99692809581756603,0.993127942085266
8964_03,5,0.99711483716964722,0.99652957916259755,0.99752235412597656,0.99477833509445202
8966_01,2,0.1054077446460723,0.11074741184711449,0.10624236613512029,0.092170104384422302
8967_01,3,0.54193097352981567,0.58836245536804199,0.51784062385559082,0.588134765625
8968_01,2,0.99337351322174083,0.99393242597579956,0.995253086090088,0.99486345052719116
8969_01,3,0.6232113242149353,0.68590438365936279,0.59004700183868408,0.69670331478118896
8970_01,4,0.00017158582340920001,0.0001144245179602,8.6939216998871416e-05,7.2533446655143052e-05
8972_01,5,0.99573183059692383,0.99455034732818604,0.99598747491836559,0.99103838205337524
8973_01,4,0.6831478476524353,0.62827527523040771,0.67228543758392334,0.63461071252822876
8975_01,5,0.117086537182331,0.10608846694231031,0.061198044568300199,0.088015541434287997
8975_02,5,0.1131857559084892,0.1280470937490463,0.1044513285160064,0.093292146921157795
8976_01,3,0.1438596248626709,0.14008206129074091,0.1449385583400726,0.049192935228347702
8977_01,4,0.31799355149269098,0.40966260433197021,0.33409970998764038,0.41706424951553339
8978_01,3,0.65479916334152222,0.57692074775695801,0.63604432344436646,0.63565325736999512
8981_01,3,0.29970604181289667,0.31011083722114557,0.27481397986412048,0.2485824823379516
8982_01,2,0.73746836185455322,0.74696809053421021,0.76982289552688599,0.74194341897964478
8983_01,1,0.10086414217948909,0.1025394052267074,0.065760172903537695,0.081675007939338601
8985_01,5,0.46383833885192871,0.4462236762046814,0.39247709512710571,0.34749695658683771
8986_01,3,0.1193898096680641,0.077111355960369096,0.080744981765747001,0.021314555779099398
8986_02,3,0.1193520128726959,0.1006019413471221,0.095515362918376895,0.046844325959682402
8987_01,5,0.99403685331344604,0.99193716049194336,0.99470216035842896,0.99083983898162842
8988_01,5,0.50263839960098267,0.5182039737701416,0.49342378973960871,0.502197265625
8988_02,5,0.69562351703643799,0.68536376953125,0.67919981479644775,0.68456912040710449
8988_03,5,0.72417581081390381,0.7507438063621521,0.72949302196502686,0.75288105010986328
8988_04,5,0.51660412549972534,0.51146364212036133,0.49883967638015742,0.48779296875
8988_05,5,0.51758104562759399,0.54904961585998535,0.59633457660675049,0.66166740655899048
8988_06,5,0.58940887451171875,0.60226923227310181,0.57037472724914551,0.57770705223083496
8988_07,5,0.64062619209289551,0.64965689182281494,0.67549669742584229,0.5966796875
8988_08,5,0.54014420509338379,0.53503918647766113,0.51677244901657104,0.52520811557769775
8989_01,5,0.91220760345458984,0.91881221532821655,0.93652856349945079,0.76303434371948242
8989_02,5,0.99570995569229115,0.99567848443984996,0.99679183959960938,0.99549800157546997
8989_03,5,0.96776592731475841,0.98246783018112183,0.97310078144073475,0.98540806770324718
8989_04,5,0.098292849957942893,0.1194928884506225,0.062010135501623098,0.054734721779823303
8992_01,4,0.27013814449310303,0.25496369600296021,0.2475966215133667,0.19179633259773249
8993_01,2,0.1137953549623489,0.078856684267520905,0.1009322106838226,0.0717205330729484
8996_01,1,0.084342919290065696,0.1131765395402908,0.093302913010120295,0.099441200494766194
8997_01,1,0.72038710117340088,0.71721476316452026,0.73372465372085571,0.7223891019821167
8997_02,1,0.14040303230285639,0.1451731920242309,0.1244504451751709,0.1181375235319137
8998_01,4,0.53598129749298096,0.51348870992660522,0.52435421943664551,0.454345703125
8998_02,4,0.065888434648513794,0.027837315574288299,0.0305662527680397,0.0177247487008571
8999_01,4,0.097886592149734497,0.070635862648486994,0.073704153299331596,0.016687784343957901
9001_01,1,0.45715081691741938,0.4439700841903686,0.47861826419830322,0.520263671875
9003_01,5,0.1591781079769134,0.14616875350475311,0.12955306470394129,0.15334351360797879
9004_01,1,0.99024295806884755,0.98905062675476085,0.98768842220306396,0.99316036701202404
9006_01,5,0.99862253665924083,0.99592626094818115,0.99845516681671143,0.99605953693389881
9007_01,5,0.50332719087600708,0.50785815715789795,0.49227938055992121,0.51653993129730225
9008_01,3,0.28672143816947931,0.36218422651290888,0.34415453672409058,0.4362052977085113
9008_02,3,0.78252953290939331,0.79719144105911255,0.80764311552047729,0.76352405548095703
9009_01,4,0.59797996282577515,0.56919103860855103,0.60104823112487793,0.57348483800888062
9010_01,2,0.99357825517654419,0.99529671669006359,0.99435436725616455,0.99438714981079102
9011_01,1,0.37479692697525019,0.38108500838279719,0.3878958523273468,0.3896484375
9012_01,4,0.1713946461677551,0.1794191896915435,0.1814222633838653,0.30665591359138489
9013_01,2,0.082318305969238198,0.0944480299949646,0.085449524223804404,0.058137495070695801
9013_02,2,0.071683734655380194,0.054682657122612,0.073664277791976901,0.031855560839176102
9013_03,2,0.72426313161849976,0.69555830955505371,0.70755672454833984,0.706298828125
9014_01,3,0.96172702312469482,0.9444764256477356,0.9632090926170348,0.94667720794677723
9015_01,3,0.00021862389985469999,0.00019368968787600001,8.4883780800737441e-05,5.7544937590137117e-05
9018_01,1,0.1214925646781921,0.1101014763116836,0.1230996400117874,0.11132813990116119
9019_01,1,0.33370891213417048,0.33649107813835138,0.18331059813499451,0.39269194006919861
9020_01,1,0.1014353334903717,0.1041547730565071,0.1021524742245674,0.14059722423553461
9021_01,3,0.35430270433425898,0.36695742607116699,0.34151875972747803,0.40234375
9021_02,3,0.087179429829120594,0.063331022858619607,0.087618738412857,0.090792998671531594
9023_01,4,0.65624713897705078,0.95800399780273438,0.93959999084472656,0.9777059555053712
9024_01,4,0.92896264791488636,0.94998037815094005,0.95942628383636475,0.98336464166641235
9026_01,2,0.47119140625,0.46321240067481989,0.48035836219787598,0.43861362338066101
9028_01,3,0.1433832496404647,0.14302253723144531,0.13340926170349121,0.12507829070091239
9029_01,3,0.0184456631541252,0.0130856903269886,0.0103372288867831,0.0059062852524219998
9030_01,5,0.10390838980674739,0.1214866042137146,0.1230737715959549,0.15586474537849421
9030_02,5,0.070301219820976202,0.064306735992431599,0.0359106287360191,0.036541264504194197
9031_01,3,0.49261671304702759,0.52234083414077759,0.47891378402709961,0.4777202308177948
9032_01,1,0.42809897661209101,0.45187100768089289,0.4576869904994964,0.448486328125
9034_01,3,0.98801100254058838,0.98405027389526356,0.98835414648056041,0.9867824912071228
9034_02,3,0.97169595956802357,0.96216845512390137,0.97081452608108521,0.95966285467147838
9034_03,3,0.00054736615857099995,0.00049174349987869995,0.00035815910086959998,0.00021160347387190001
9034_04,3,0.39477899670600891,0.42654576897621149,0.43706893920898438,0.43711844086647028
9034_05,3,0.27117717266082758,0.2000455558300018,0.30189141631126398,0.26744586229324341
9035_01,2,0.086825340986251803,0.10757621377706519,0.093051664531230899,0.1192236095666885
9036_01,1,0.66782498359680176,0.66103136539459229,0.65891504287719727,0.6474609375
9037_01,5,0.088846459984779302,0.1028033569455146,0.087438099086284596,0.086141943931579507
9038_01,2,0.95303142070770264,0.95705723762512196,0.96106606721878041,0.95085537433624279
9041_01,2,0.58103781938552856,0.53708136081695557,0.57453286647796631,0.49267578125
9042_01,4,0.95674848556518555,0.98786079883575439,0.95969116687774658,0.995225429534912
9043_01,3,0.94638490676879883,0.92074406147003163,0.96220946311950684,0.88780951499938965
9046_01,2,0.99959295988082875,0.99959135055542003,0.99974930286407482,0.99929451942443837
9046_02,2,0.0009449599310755,0.00059343921020619996,0.00060023373225699997,0.00085779820801690004
9048_01,5,0.48408621549606318,0.48892420530319208,0.4905399084091186,0.49090409278869629
9049_01,2,0.99904030561447144,0.99900442361831676,0.99933475255966198,0.99828189611434937
9052_01,1,0.069570504128932897,0.048497036099433899,0.057996813207864699,0.041484490036964403
9052_02,1,0.1689449250698089,0.18986880779266349,0.14708501100540161,0.2204110622406005
9057_01,3,0.13254670798778531,0.13918177783489219,0.1148141920566558,0.12009094655513761
9057_02,3,0.97346228361129761,0.95738649368286122,0.97199612855911244,0.97194570302963257
9059_01,1,0.1230948492884635,0.1039434075355529,0.1241526007652282,0.082783102989196694
9060_01,5,0.14819645881652829,0.14709772169589991,0.13439607620239249,0.1422292739152908
9061_01,1,0.16517138481140131,0.16839878261089319,0.16135972738265991,0.15579976141452789
9064_01,5,0.092847332358360193,0.088214203715324402,0.050491467118263203,0.063087671995162894
9066_01,2,0.1419383287429809,0.15389421582221979,0.137433260679245,0.1542468518018722
9068_01,2,0.0160645004361867,0.0217873714864254,0.0135002164170145,0.029924493283033302
9069_01,4,0.9716947078704834,0.97770285606384277,0.96714162826538075,0.96893489360809315
9069_02,4,0.99567478895187378,0.99549621343612682,0.99416947364807118,0.99408221244812001
9069_03,4,0.99390274286270142,0.99215066432952881,0.99229997396469116,0.99202638864517201
9069_04,4,0.88205713033676147,0.95610332489013683,0.87227535247802734,0.96620482206344604
9069_05,4,0.4839747548103332,0.48609501123428339,0.50240993499755859,0.38678932189941401
9071_01,2,0.52378880977630615,0.47149860858917231,0.52926206588745117,0.48730778694152832
9072_01,5,0.82371670007705688,0.93907105922698964,0.86361390352249146,0.97738206386566162
9072_02,5,0.21800908446311951,0.34298914670944208,0.3648827075958252,0.509765625
9072_03,5,0.13247343897819519,0.1348395347595214,0.1517547070980072,0.22086140513420099
9073_01,5,0.11016228795051571,0.1079377457499504,0.14700707793235779,0.1156378760933876
9073_02,5,0.99957305192947399,0.99866795539855957,0.99961882829666138,0.99894797801971436
9074_01,5,0.59913676977157593,0.62732398509979248,0.60454034805297852,0.55950391292572021
9074_02,5,0.14703197777271271,0.17909044027328491,0.13063670694828031,0.1575175672769546
9074_03,5,0.59178805351257324,0.6087833046913147,0.59146666526794434,0.6035916805267334
9074_04,5,0.66678887605667114,0.6573491096496582,0.64223241806030273,0.607421875
9074_05,5,0.64461255073547363,0.65478348731994629,0.62372475862503052,0.614501953125
9074_06,5,0.64186561107635498,0.63596260547637939,0.64243495464324951,0.63720458745956421
9075_01,1,0.76589155197143555,0.69761216640472412,0.67524003982543945,0.6455078125
9076_01,1,0.43061992526054382,0.37269887328147888,0.43375980854034418,0.361083984375
9077_01,4,0.74387800693511963,0.75729745626449585,0.75065231323242188,0.79780364036560059
9077_02,4,0.64072465896606445,0.59403276443481445,0.63327717781066895,0.5719524621963501
9078_01,5,0.17430497705936429,0.17867839336395261,0.19054681062698359,0.18465207517147059
9079_01,3,0.76680260896682739,0.92332118749618519,0.95371484756469715,0.96293604373931885
9080_01,5,0.11327466368675231,0.10681182146072379,0.0753443762660026,0.085011266171932207
9081_01,1,0.3424893319606781,0.36875677108764648,0.3583984375,0.38746976852416992
9081_02,1,0.1090974658727645,0.1014059111475944,0.098714821040630299,0.063143745064735399
9081_03,1,0.59832191467285156,0.59806513786315918,0.59034895896911621,0.56585109233856201
9081_04,1,0.34484997391700739,0.36122539639472961,0.35567393898963928,0.3897436261177063
9081_05,1,0.47100830078125,0.46164295077323908,0.5189204216003418,0.45099073648452759
9081_06,1,0.55564785003662109,0.55236625671386719,0.57437604665756226,0.586181640625
9081_07,1,0.46281281113624573,0.4876849353313446,0.46641120314598078,0.51678335666656494
9081_08,1,0.66953623294830322,0.66180419921875,0.66263949871063232,0.64510619640350342
9084_01,1,0.066592425107955905,0.097708992660045596,0.0604430437088012,0.1106767356395721
9085_01,2,0.1345618665218353,0.10420793294906611,0.1311525553464889,0.0824884623289108
9085_02,2,0.0033605820499360002,0.0019513377919793001,0.0031008631922304001,0.0017851570155471
9085_03,2,0.91759502887725841,0.89965766668319702,0.91744256019592285,0.89317542314529419
9089_01,4,0.090555548667907701,0.086440719664096805,0.083626329898834201,0.041296735405921901
9094_01,4,0.76398706436157227,0.72302204370498657,0.76437598466873169,0.736083984375
9094_02,4,0.5016934871673584,0.4753740131855011,0.49162444472312927,0.462158203125
9097_01,1,0.98562878370285045,0.98336207866668701,0.98308688402175903,0.98936599493026722
9098_01,4,0.45635911822319031,0.4798575341701507,0.48570427298545837,0.50934112071990967
9099_01,5,0.089777737855911199,0.072903543710708604,0.053105872124433497,0.062723241746425601
9101_01,3,0.17217878997325889,0.15054643154144279,0.1499688178300857,0.068661674857139504
9103_01,5,0.0536099635064601,0.027791354805231001,0.039740826934576,0.0139196012169122
9104_01,5,0.99340224266052235,0.9944048523902892,0.99431854486465443,0.99301254749298096
9106_01,1,0.082853682339191395,0.099405795335769598,0.0782948583364486,0.15028691291809079
9107_01,4,0.58513730764389038,0.55684256553649902,0.56550842523574829,0.52190995216369629
9108_01,1,0.55457484722137451,0.54553282260894775,0.55406767129898071,0.53155893087387085
9108_02,1,0.057199463248252799,0.041154488921165397,0.0454745329916477,0.037606202065944602
9110_01,4,0.1041118279099464,0.1233044788241386,0.1300284266471862,0.16260281205177299
9111_01,3,0.064451865851879106,0.049204520881175898,0.0582876056432724,0.024865161627531
9112_01,2,0.34048089385032648,0.34527376294136047,0.32759875059127808,0.299560546875
9114_01,2,0.99923390150070202,0.99926561117172241,0.99932479858398438,0.99874264001846325
9115_01,3,0.15326443314552299,0.13449572026729581,0.13799427449703211,0.038117971271276398
9116_01,4,0.17165553569793701,0.18002162873744959,0.19911032915115351,0.121800810098648
9118_01,5,0.651236891746521,0.56933051347732544,0.53480970859527588,0.431884765625
9118_02,5,0.4430597722530365,0.42478588223457331,0.37225121259689331,0.368408203125
9119_01,1,0.63856589794158936,0.64607930183410645,0.6406446099281311,0.67179864645004272
9120_01,1,0.12902456521987909,0.11719039082527161,0.128635823726654,0.121741846203804
9122_01,2,0.71022236347198486,0.66005653142929077,0.70687079429626465,0.60310113430023193
9124_01,3,0.25210708379745478,0.25536364316940308,0.26482504606246948,0.21548041701316831
9125_01,4,0.31223541498184199,0.30571126937866211,0.32212385535240168,0.33251953125
9125_02,4,0.33811521530151362,0.34832662343978882,0.36399531364440918,0.38410612940788269
9126_01,5,0.57799613475799561,0.54373079538345337,0.60808694362640381,0.53522104024887085
9127_01,2,0.70385688543319702,0.70059150457382202,0.6983180046081543,0.68310546875
9128_01,1,0.19523064792156219,0.1918579936027526,0.20271176099777219,0.154296875
9128_02,1,0.65450012683868408,0.63871240615844727,0.64507734775543213,0.63020509481430054
9129_01,5,0.080610916018485995,0.071011371910571996,0.039821390062570503,0.051062840968370403
9130_01,5,0.99650025367736816,0.99597036838531483,0.99714690446853638,0.99415016174316395
9131_01,3,0.2118916511535644,0.1921517848968505,0.2033565938472747,0.12468428909778589
9131_02,3,0.97054427862167358,0.95534861087799083,0.97082161903381359,0.94050180912017822
9132_01,5,0.047118350863456698,0.029560510069131799,0.037592105567455202,0.0127067118883132
9132_02,5,0.094467744231224005,0.086171634495258304,0.083417564630508395,0.104952722787857
9134_01,3,0.019975492730736701,0.0119515666738152,0.0059350868687033003,0.0046918382868170001
9136_01,3,0.035761445760726901,0.027615902945399201,0.020794745534658401,0.0116464449092745
9137_01,2,0.31732192635536188,0.26139265298843378,0.29825893044471741,0.3387839794158935
9139_01,1,0.038487710058689097,0.047910530120134298,0.045732498168945299,0.2493756413459777
9140_01,2,0.58456861972808838,0.54448366165161133,0.57785511016845703,0.5537109375
9141_01,5,0.99827021360397339,0.99628233909606922,0.99829238653182983,0.99612796306610119
9142_01,1,0.075006268918514196,0.048786059021949699,0.10091168433427811,0.039201475679874399
9144_01,4,0.56331014633178711,0.56944489479064941,0.57720845937728882,0.537353515625
9145_01,2,0.46505448222160339,0.46243700385093689,0.4749265313148498,0.448486328125
9148_01,1,0.4044632613658905,0.38545209169387817,0.41256096959114069,0.381756991147995
9149_01,3,0.99848461151123036,0.99850857257843018,0.99860668182373036,0.99945461750030518
9149_02,3,0.00020891564781770001,0.00013288071204439999,7.4067640525754541e-05,4.7055655159056187e-05
9150_01,2,0.23590119183063499,0.1668469756841659,0.21929720044136039,0.18023356795310971
9151_01,4,0.99474203586578358,0.99469625949859619,0.99529224634170521,0.99773132801055919
9152_01,3,0.48330569267272949,0.48025459051132202,0.49888518452644348,0.483642578125
9156_01,4,0.99896872043609619,0.99867922067642201,0.99899500608444203,0.99874639511108398
9157_01,2,0.087896168231964097,0.097700096666812897,0.097780346870422294,0.1194715127348899
9157_02,2,0.67285251617431641,0.63893687725067139,0.67026782035827637,0.64493846893310547
9157_03,2,0.45643460750579828,0.44260942935943598,0.46663868427276611,0.41587302088737488
9157_04,2,0.50497531890869141,0.50295943021774292,0.50747770071029663,0.44719359278678888
9157_05,2,0.1182590425014495,0.1433177441358566,0.12913951277732849,0.15751606225967399
9157_06,2,0.3897095918655395,0.40571805834770203,0.39886370301246638,0.37280714511871338
9157_07,2,0.61358094215393066,0.59213173389434814,0.62023651599884033,0.57819569110870361
9158_01,3,0.99350786209106445,0.99183207750320435,0.9930936098098756,0.99258482456207275
9159_01,4,0.1796019375324249,0.1941173374652862,0.19072270393371579,0.18174050748348231
9160_01,2,0.1365180760622024,0.1153064742684364,0.1236501932144165,0.14991751313209531
9161_01,5,0.6759037971496582,0.70395499467849731,0.66768234968185425,0.72114521265029907
9161_02,5,0.57611018419265747,0.57631093263626099,0.58272027969360352,0.622314453125
9163_01,3,0.60048949718475342,0.6266714334487915,0.59098362922668457,0.58429569005966187
9164_01,5,0.17739462852478019,0.18714605271816251,0.22735778987407679,0.189962238073349
9165_01,1,0.1477205753326416,0.1625511944293975,0.14806088805198669,0.15107226371765131
9167_01,5,0.090187661349773393,0.072360746562480899,0.056706745177507401,0.064220882952213204
9168_01,1,0.088300436735153198,0.084546715021133395,0.066598318517208099,0.042162969708442598
9168_02,1,0.99913758039474476,0.99861228466033936,0.9986920952796936,0.99853819608688354
9169_01,5,0.75811350345611572,0.78646063804626465,0.81078416109085083,0.96156710386276245
9170_01,1,0.094962932169437395,0.098362371325492803,0.061107553541660302,0.071900896728038705
9172_01,5,0.048665579408407197,0.044147647917270598,0.0362040437757968,0.033196359872817903
9173_01,2,0.25948143005371088,0.191575601696968,0.25594431161880488,0.1700647175312042
9174_01,1,0.21407446265220639,0.15797019004821769,0.21562287211418149,0.1438167989253997
9175_01,5,0.99918609857559204,0.99884825944900524,0.99959331750869762,0.99967563152313244
9176_01,4,0.224668949842453,0.2943542599678039,0.28917980194091791,0.2373521029949188
9178_01,4,0.22330610454082489,0.26078495383262629,0.25251701474189758,0.2019036710262298
9179_01,1,0.45211723446846008,0.45876985788345331,0.46574252843856812,0.48388671875
9179_02,1,0.070585265755653298,0.066827125847339602,0.049587525427341399,0.046872999519109698
9179_03,1,0.727306067943573,0.69725823402404785,0.70865678787231445,0.70972359180450439
9179_04,1,0.47795185446739191,0.49066171050071711,0.4868007600307464,0.523681640625
9180_01,2,0.045615807175636201,0.036331683397293001,0.0510286130011081,0.0297712571918964
9181_01,1,0.29166659712791437,0.29095363616943359,0.37202426791191101,0.494873046875
9183_01,3,0.0006774375215172,0.00062107702251520003,0.00034213502658530002,0.00035593094071369999
9184_01,2,0.098796769976615906,0.062413975596427897,0.1167997643351554,0.051599942147731698
9185_01,4,0.1303618848323822,0.072198688983917195,0.096592612564563696,0.066003724932670593
9186_01,2,0.99291759729385376,0.99379408359527599,0.99383419752120961,0.99378085136413563
9188_01,3,0.62996554374694824,0.65085172653198242,0.6293596625328064,0.68872570991516113
9189_01,4,0.45730304718017578,0.47939974069595331,0.47535476088523859,0.62848931550979614
9190_01,5,0.098869740962982094,0.119640938937664,0.067445747554302202,0.1048204451799392
9192_01,3,0.4998776912689209,0.38902550935745239,0.4243786633014679,0.344482421875
9193_01,5,0.52455198764801025,0.54182779788970947,0.53259491920471191,0.54833984375
9194_01,3,0.13143190741538999,0.1168071329593658,0.13996028900146479,0.082134753465652396
9194_02,3,0.19158837199211121,0.1964390873908996,0.18754777312278739,0.1764629781246185
9195_01,1,0.97991800308227539,0.98588210344314575,0.98437559604644775,0.99244695901870716
9195_02,1,0.98705947399139404,0.9900418519973756,0.98845100402832042,0.99469715356826782
9196_01,1,0.98157954216003418,0.95668470859527599,0.96565836668014515,0.98714363574981678
9196_02,1,0.89934653043746948,0.85078060626983643,0.81952011585235596,0.87289118766784668
9196_03,1,0.50634586811065674,0.50933432579040527,0.4056419432163238,0.60976928472518921
9197_01,3,0.96684902906417836,0.9615495204925536,0.96600866317749023,0.96303164958953857
9197_02,3,0.00030797909130340001,0.00026231390074820001,0.00013286725152280001,0.00012256161426190001
9197_03,3,0.95219290256500244,0.96130615472793579,0.94068276882171642,0.95629817247390758
9197_04,3,0.019425740465521799,0.024927917867898899,0.020772449672222099,0.0253384672105312
9199_01,2,0.99475336074829102,0.99464046955108643,0.99631094932556163,0.99410277605056763
9201_01,2,0.71334409713745117,0.70669686794281006,0.71743929386138916,0.662353515625
9202_01,5,0.0145455533638596,0.0141384797170758,0.019630240276455799,0.0034313022624701001
9203_01,3,0.99691259860992443,0.99639487266540516,0.99747228622436523,0.99826103448867798
9205_01,1,0.98972582817077637,0.98874300718307495,0.98644661903381359,0.99270987510681163
9205_02,1,0.97615516185760498,0.98174375295639038,0.97465395927429199,0.99188268184661876
9205_03,1,0.96661508083343517,0.96009916067123402,0.96095186471939076,0.9782499074935912
9208_01,2,0.60890501737594604,0.58744412660598755,0.61907947063446045,0.551025390625
9208_02,2,0.16329069435596461,0.18842063844203949,0.1671028733253479,0.1723160445690155
9211_01,1,0.067627340555190998,0.0521932765841484,0.051596172153949703,0.0414969064295291
9213_01,3,0.14147937297821039,0.51958245038986206,0.4758466482162475,0.91518419981002797
9217_01,5,0.77218347787857056,0.76713621616363525,0.70209407806396484,0.70268714427947998
9218_01,2,0.99907976388931286,0.99909257888793956,0.99919414520263683,0.99849188327789318
9219_01,4,0.56662416458129883,0.52523863315582275,0.54371976852416992,0.525390625
9219_02,4,0.086342282593250205,0.13176268339157099,0.1053927615284919,0.38673838973045349
9220_01,5,0.087904557585716206,0.099357724189758301,0.076444104313850403,0.0840350687503814
9220_02,5,0.54732996225357056,0.5479123592376709,0.54530513286590576,0.57232868671417236
9220_03,5,0.1432842463254928,0.1483450829982757,0.18706022202968589,0.18565043807029721
9221_01,3,0.56713861227035522,0.543770432472229,0.56168830394744873,0.52019929885864258
9222_01,2,0.9859619140625,0.98556458950042725,0.98704087734222401,0.98398077487945557
9224_01,4,0.40485337376594538,0.4157527089118957,0.40488362312316889,0.41184374690055842
9225_01,2,0.15143501758575439,0.12387630343437191,0.14511467516422269,0.083467260003089905
9226_01,4,0.1326909512281417,0.1244505196809768,0.1244032084941864,0.060532536357641199
9227_01,3,0.48501491546630859,0.54132437705993652,0.51123046875,0.50750565528869629
9227_02,3,0.60041689872741699,0.6447145938873291,0.61718344688415527,0.60759091377258301
9227_03,3,0.66859996318817139,0.67584151029586792,0.66766142845153809,0.65559947490692139
9227_04,3,0.56640571355819702,0.59741276502609253,0.56954383850097656,0.5703812837600708
9227_05,3,0.42995056509971619,0.47053426504135132,0.44372585415840149,0.47528034448623657
9230_01,5,0.61858618259429932,0.68053162097930908,0.54043471813201904,0.75540757179260254
9231_01,1,0.99178427457809437,0.99195098876953125,0.99236351251602162,0.99490106105804443
9231_02,1,0.99092960357666016,0.99157345294952404,0.99234688282012939,0.99636733531951904
9231_03,1,0.11512508988380429,0.1140358597040176,0.1227561980485916,0.1066646575927734
9233_01,1,0.46651509404182429,0.44475448131561279,0.4672381579875946,0.44231915473937988
9234_01,1,0.060406677424907601,0.055903322994709001,0.046067245304584503,0.028856400400400099
9235_01,4,0.1327703595161438,0.16595375537872309,0.14840278029441831,0.1145341992378234
9237_01,3,0.5924871563911438,0.60516154766082764,0.59425514936447144,0.61044669151306152
9239_01,4,0.25099539756774902,0.1881759166717529,0.19510588049888611,0.200003907084465
9241_01,2,0.092942342162132194,0.068883866071700994,0.1000437587499618,0.0335665866732597
9242_01,5,0.3826904296875,0.38189876079559321,0.4339829683303833,0.3947786390781402
9244_01,1,0.73016351461410522,0.70613342523574829,0.71118587255477905,0.696044921875
9246_01,1,0.44590666890144348,0.3718508780002594,0.44061127305030823,0.34799069166183472
9247_01,4,0.5858924388885498,0.56160366535186768,0.57620698213577271,0.52685546875
9248_01,3,0.58044421672821045,0.53553074598312378,0.60416829586029053,0.64347827434539795
9250_01,1,0.81863367557525635,0.88678091764450073,0.85191667079925537,0.94717931747436523
9251_01,4,0.99494552612304676,0.99409216642379761,0.99464976787567139,0.9975237250328064
9252_01,1,0.9988842010498048,0.99908447265625,0.99882280826568604,0.99901074171066284
9252_02,1,0.99366706609725963,0.99306875467300415,0.99228775501251221,0.99513602256774902
9253_01,4,0.73939085006713867,0.70875048637390137,0.72678941488265991,0.73544162511825562
9254_01,4,0.5866096019744873,0.57026076316833496,0.58150029182434082,0.533447265625
9256_01,4,0.59075236320495605,0.55739039182662964,0.58235371112823486,0.53216338157653809
9257_01,2,0.45925498008728027,0.39272391796112061,0.43308940529823298,0.382080078125
9259_01,5,0.16600391268730161,0.1885894387960434,0.16447015106678009,0.1875
9261_01,3,0.62284046411514282,0.62842130661010742,0.6296771764755249,0.62492263317108154
9264_01,4,0.99057227373123158,0.99367666244506836,0.99164509773254395,0.99637478590011597
9267_01,4,0.96517854928970337,0.97617560625076283,0.9692753553390504,0.98807787895202637
9267_02,4,0.97522789239883423,0.9807833433151244,0.97941601276397705,0.99107253551483165
9268_01,2,0.46249064803123469,0.45982211828231812,0.47590750455856318,0.4503712654113769
9270_01,5,0.72678905725479126,0.72213351726531982,0.71207606792449951,0.73149186372756958
9272_01,1,0.37318533658981318,0.36378183960914612,0.55186283588409424,0.4100403487682342
9272_02,1,0.1831551194190979,0.22284561395645139,0.21292892098426819,0.1073558926582336
9274_01,2,0.52227956056594849,0.5061955451965332,0.54063379764556885,0.53033983707427979
9275_01,3,0.87880247831344604,0.84508389234542847,0.88560229539871216,0.84092152118682861
9275_02,3,0.49278545379638672,0.53702598810195923,0.51225471496582031,0.58642578125
9275_03,3,0.76740211248397827,0.84714841842651367,0.77134811878204346,0.79287588596343994
9276_01,4,0.63704037666320801,0.64687073230743408,0.6869887113571167,0.53351461887359619
9278_01,1,0.68975871801376343,0.67085713148117065,0.68338930606842041,0.65714490413665771
9279_01,5,0.81249654293060303,0.82418310642242432,0.83769530057907104,0.94168055057525635
9280_01,4,0.017140446230769098,0.0157322287559509,0.0075329551473258998,0.0066581228747963003
9280_02,4,0.98601710796356201,0.99305427074432362,0.98950278759002686,0.99779319763183605
